route_id,route_name,km_from,km_to,province,geocode,agency,accidents,dead,injured,severity_score,accidents_per_year,years_observed,rain_share,common_geometry,common_cause
304,สี่แยกกบินทร์บุรี - วังน้ำเขียว,210,211,ปราจีนบุรี,25,กรมทางหลวง,72,29,79,369,14.4,5,0.097,ทางโค้งกว้าง+ที่ลาดชัน,ขับรถเร็วเกินอัตรากำหนด
ส.013,สะพานภูมิพลที่ 1 ไปสะพานภูมิพลที่ 2,2,3,กรุงเทพมหานคร,10,กรมทางหลวงชนบท,105,20,55,255,26.25,4,0.067,ทางตรง+ที่ลาดชัน,ขับรถเร็วเกินอัตรากำหนด
31,งามวงศ์วาน - ดอนเมือง,28,29,ปทุมธานี,13,กรมทางหลวง,3,23,5,235,1.5,2,0,ทางโค้งปกติ+ที่ราบ,ขับรถเร็วเกินอัตราที่กำหนด
ส.013,สะพานภูมิพลที่ 1 ไปสะพานภูมิพลที่ 2,1,2,สมุทรปราการ,11,กรมทางหลวงชนบท,116,15,64,214,23.2,5,0.121,ทางตรง+ไม่มีความลาดชัน,ขับรถเร็วเกินอัตรากำหนด
338,อรุณอมรินทร์ - พุทธมณฑลสาย 4,0,1,กรุงเทพมหานคร,10,กรมทางหลวง,144,10,111,211,28.8,5,0.056,ทางตรง+ไม่มีความลาดชัน,ขับรถเร็วเกินอัตรากำหนด
ส.013,ออกจากสะพานภูมิพลที่ 2 ไปถนนวงแหวนอุตสาหกรรม,0,1,สมุทรปราการ,11,กรมทางหลวงชนบท,150,9,98,188,30,5,0.027,ทางตรง+ไม่มีความลาดชัน,ขับรถเร็วเกินอัตรากำหนด
7,ทางต่างระดับหนองขาม - ท่าเรือแหลมฉบัง,5,6,ชลบุรี,20,กรมทางหลวง,176,4,140,180,35.2,5,0.068,ทางตรง+ไม่มีความลาดชัน,ขับรถเร็วเกินอัตรากำหนด
304,สี่แยกกบินทร์บุรี - วังน้ำเขียว,208,209,ปราจีนบุรี,25,กรมทางหลวง,34,11,70,180,6.8,5,0.059,ทางโค้งกว้าง+ที่ลาดชัน,ขับรถเร็วเกินอัตรากำหนด
1256,ปัว - อุทยานแห่งชาติดอยภูคา,8,9,น่าน,55,กรมทางหลวง,21,10,76,176,4.2,5,0,ทางโค้งกว้าง+ที่ลาดชัน,ระบบห้ามล้อขัดข้อง/ระบบเบรกชำรุด
3199,โป่งปัด - ศรีสวัสดิ์,58,59,กาญจนบุรี,71,กรมทางหลวง,10,4,134,174,3.33,3,0,ทางโค้งกว้าง+ที่ลาดชัน,ขับรถเร็วเกินอัตราที่กำหนด
7,ทางต่างระดับห้วยใหญ่ - บ้านอำเภอ,6,7,ชลบุรี,20,กรมทางหลวง,192,3,141,171,38.4,5,0.036,ทางตรง+ไม่มีความลาดชัน,ขับรถเร็วเกินอัตรากำหนด
338,อรุณอมรินทร์ - พุทธมณฑลสาย 4,10,11,กรุงเทพมหานคร,10,กรมทางหลวง,257,1,157,167,51.4,5,0.008,ทางตรง+ไม่มีความลาดชัน,ขับรถเร็วเกินอัตรากำหนด
7,ทางต่างระดับบางควาย - ทางต่างระดับบางวัว,2,3,ชลบุรี,20,กรมทางหลวง,246,4,125,165,49.2,5,0.077,ทางตรง+ไม่มีความลาดชัน,ขับรถเร็วเกินอัตรากำหนด
338,อรุณอมรินทร์ - พุทธมณฑลสาย 4,11,12,กรุงเทพมหานคร,10,กรมทางหลวง,239,1,155,165,47.8,5,0.008,ทางตรง+ไม่มีความลาดชัน,ขับรถเร็วเกินอัตรากำหนด
338,อรุณอมรินทร์ - พุทธมณฑลสาย 4,7,8,กรุงเทพมหานคร,10,กรมทางหลวง,220,1,154,164,44,5,0.032,ทางตรง+ไม่มีความลาดชัน,ขับรถเร็วเกินอัตรากำหนด
338,อรุณอมรินทร์ - พุทธมณฑลสาย 4,14,15,กรุงเทพมหานคร,10,กรมทางหลวง,146,2,118,138,29.2,5,0.021,ทางตรง+ไม่มีความลาดชัน,ขับรถเร็วเกินอัตรากำหนด
338,อรุณอมรินทร์ - พุทธมณฑลสาย 4,4,5,กรุงเทพมหานคร,10,กรมทางหลวง,167,2,116,136,33.4,5,0.018,ทางตรง+ไม่มีความลาดชัน,ขับรถเร็วเกินอัตรากำหนด
338,อรุณอมรินทร์ - พุทธมณฑลสาย 4,2,3,กรุงเทพมหานคร,10,กรมทางหลวง,165,4,93,133,33,5,0.012,ทางตรง+ไม่มีความลาดชัน,ขับรถเร็วเกินอัตรากำหนด
2,สระบุรี - ตาลเดี่ยว,4,5,สระบุรี,19,กรมทางหลวง,15,10,32,132,3,5,0,ทางตรง+ไม่มีความลาดชัน,ขับรถเร็วเกินอัตรากำหนด
338,อรุณอมรินทร์ - พุทธมณฑลสาย 4,12,13,กรุงเทพมหานคร,10,กรมทางหลวง,129,4,89,129,25.8,5,0.023,ทางตรง+ไม่มีความลาดชัน,ขับรถเร็วเกินอัตรากำหนด
2,บ่อทอง - มอจะบก,100,101,นครราชสีมา,30,กรมทางหลวง,10,11,18,128,2.5,4,0.4,ทางตรง+ไม่มีความลาดชัน,ขับรถเร็วเกินอัตรากำหนด
7,ถนนศรีนครินทร - แขวงคลองสองต้นนุ่น,3,4,ชลบุรี,20,กรมทางหลวง,167,3,91,121,33.4,5,0.096,ทางตรง+ไม่มีความลาดชัน,ขับรถเร็วเกินอัตรากำหนด
323,ทองผาภูมิ - เจดีย์สามองค์,266,267,กาญจนบุรี,71,กรมทางหลวง,9,10,20,120,1.8,5,0.111,ทางโค้งกว้าง+ไม่มีความลาดชัน,ระบบห้ามล้อขัดข้อง/ระบบเบรกชำรุด
338,อรุณอมรินทร์ - พุทธมณฑลสาย 4,6,7,กรุงเทพมหานคร,10,กรมทางหลวง,135,4,79,119,27,5,0.022,ทางตรง+ไม่มีความลาดชัน,ขับรถเร็วเกินอัตรากำหนด
7,แขวงคลองสองต้นนุ่น - พิมพา,23,24,สมุทรปราการ,11,กรมทางหลวง,38,10,17,117,7.6,5,0,ทางตรง+ไม่มีความลาดชัน,ขับรถเร็วเกินอัตรากำหนด
35,ดาวคะนอง -  แสมดำ,9,10,กรุงเทพมหานคร,10,กรมทางหลวง,106,5,63,113,21.2,5,0.028,ทางตรง+ไม่มีความลาดชัน,ขับรถเร็วเกินอัตรากำหนด
9,บางปะอิน - แขวงรามอินทรา,43,44,กรุงเทพมหานคร,10,กรมทางหลวง,134,0,112,112,26.8,5,0.216,ทางตรง+ไม่มีความลาดชัน,ขับรถเร็วเกินอัตรากำหนด
338,อรุณอมรินทร์ - พุทธมณฑลสาย 4,5,6,กรุงเทพมหานคร,10,กรมทางหลวง,101,4,71,111,20.2,5,0.03,ทางตรง+ไม่มีความลาดชัน,ขับรถเร็วเกินอัตรากำหนด
7,ทางต่างระดับหนองขาม - ท่าเรือแหลมฉบัง,1,2,ชลบุรี,20,กรมทางหลวง,186,3,79,109,37.2,5,0.065,ทางตรง+ไม่มีความลาดชัน,ขับรถเร็วเกินอัตรากำหนด
4,สระพัง - เขาวัง,145,146,เพชรบุรี,76,กรมทางหลวง,19,10,9,109,4.75,4,0.368,ทางตรง+ไม่มีความลาดชัน,ขับรถเร็วเกินอัตรากำหนด
12,แม่ละเมา - ตาก,68,69,ตาก,63,กรมทางหลวง,23,5,57,107,5.75,4,0.043,ทางตรง+ที่ลาดชัน,ขับรถเร็วเกินอัตรากำหนด
12,น้ำดุก - ห้วยซำมะคาว,419,420,เพชรบูรณ์,67,กรมทางหลวง,5,2,87,107,2.5,2,0,ทางโค้งกว้าง+ที่ลาดชัน,ขับรถเร็วเกินอัตรากำหนด
338,อรุณอมรินทร์ - พุทธมณฑลสาย 4,9,10,กรุงเทพมหานคร,10,กรมทางหลวง,160,2,86,106,32,5,0.013,ทางตรง+ไม่มีความลาดชัน,ขับรถเร็วเกินอัตรากำหนด
309,บางเสด็จ - แยกที่ดิน,40,41,อ่างทอง,15,กรมทางหลวง,7,9,13,103,1.75,4,0,ทางตรง+ไม่มีความลาดชัน,ขับรถเร็วเกินอัตรากำหนด
338,อรุณอมรินทร์ - พุทธมณฑลสาย 4,1,2,กรุงเทพมหานคร,10,กรมทางหลวง,114,3,71,101,22.8,5,0.018,ทางตรง+ไม่มีความลาดชัน,ขับรถเร็วเกินอัตรากำหนด
35,ดาวคะนอง -  แสมดำ,0,1,กรุงเทพมหานคร,10,กรมทางหลวง,44,4,61,101,8.8,5,0.091,ทางตรง+ไม่มีความลาดชัน,ขับรถเร็วเกินอัตรากำหนด
7,แขวงคลองสองต้นนุ่น - พิมพา,8,9,กรุงเทพมหานคร,10,กรมทางหลวง,284,1,89,99,56.8,5,0.014,ทางตรง+ไม่มีความลาดชัน,ขับรถเร็วเกินอัตรากำหนด
ส.012,สะพานภูมิพลที่ 2 ไปสะพานภูมิพลที่ 1,0,1,สมุทรปราการ,11,กรมทางหลวงชนบท,71,5,49,99,17.75,4,0.056,ทางตรง+ไม่มีความลาดชัน,ขับรถเร็วเกินอัตรากำหนด
7,ถนนศรีนครินทร - แขวงคลองสองต้นนุ่น,0,1,ชลบุรี,20,กรมทางหลวง,194,2,78,98,38.8,5,0.057,ทางตรง+ไม่มีความลาดชัน,ขับรถเร็วเกินอัตรากำหนด
9,คลองบางไผ่ - คลองบางหลวง,58,59,กรุงเทพมหานคร,10,กรมทางหลวง,51,4,58,98,10.2,5,0.137,ทางตรง+ไม่มีความลาดชัน,ขับรถเร็วเกินอัตรากำหนด
3902,คลองระพีพัฒน์ - บึงคำพร้อย,3,4,กรุงเทพมหานคร,10,กรมทางหลวง,25,5,48,98,8.33,3,0.08,ทางตรง+ไม่มีความลาดชัน,ขับรถเร็วเกินอัตรากำหนด
9,แขวงรามอินทรา - บางพลี,50,51,กรุงเทพมหานคร,10,กรมทางหลวง,118,1,87,97,23.6,5,0.068,ทางตรง+ไม่มีความลาดชัน,ขับรถเร็วเกินอัตรากำหนด
9,บางแค - คลองมหาสวัสดิ์,30,31,ปทุมธานี,13,กรมทางหลวง,130,3,66,96,26,5,0.046,ทางตรง+ไม่มีความลาดชัน,ขับรถเร็วเกินอัตรากำหนด
3,บ้านสิ้ว - โพธิ์ทอง,322,323,จันทบุรี,22,กรมทางหลวง,14,7,26,96,2.8,5,0.143,ทางตรง+ไม่มีความลาดชัน,ขับรถเร็วเกินอัตรากำหนด
9,บางปะอิน - แขวงรามอินทรา,36,37,กรุงเทพมหานคร,10,กรมทางหลวง,79,2,75,95,15.8,5,0.114,ทางตรง+ไม่มีความลาดชัน,ขับรถเร็วเกินอัตรากำหนด
4,สระพัง - เขาวัง,151,152,เพชรบุรี,76,กรมทางหลวง,43,6,35,95,8.6,5,0.465,ทางโค้งกว้าง+ไม่มีความลาดชัน,ขับรถเร็วเกินอัตรากำหนด
9,แขวงรามอินทรา - บางพลี,46,47,กรุงเทพมหานคร,10,กรมทางหลวง,82,3,63,93,16.4,5,0.183,ทางตรง+ไม่มีความลาดชัน,ขับรถเร็วเกินอัตรากำหนด
35,ดาวคะนอง -  แสมดำ,3,4,กรุงเทพมหานคร,10,กรมทางหลวง,58,4,53,93,11.6,5,0,ทางตรง+ไม่มีความลาดชัน,ขับรถเร็วเกินอัตรากำหนด
340,สาลี - สุพรรณบุรี,58,59,สุพรรณบุรี,72,กรมทางหลวง,21,6,33,93,4.2,5,0.143,ทางตรง+ไม่มีความลาดชัน,หลับใน
41,ร่อนพิบูลย์  - ไม้เสียบ,330,331,นครศรีธรรมราช,80,กรมทางหลวง,16,6,33,93,4,4,0.125,ทางตรง+ไม่มีความลาดชัน,ขับรถเร็วเกินอัตรากำหนด
1,ต่างระดับบางปะอิน - หนองแค,76,77,พระนครศรีอยุธยา,14,กรมทางหลวง,28,7,22,92,5.6,5,0.036,ทางตรง+ไม่มีความลาดชัน,ขับรถเร็วเกินอัตรากำหนด
24,กระเทียม - ห้วยสำราญ,260,261,สุรินทร์,32,กรมทางหลวง,11,8,12,92,2.2,5,0,ทางตรง+ไม่มีความลาดชัน,หลับใน
7,ถนนศรีนครินทร - แขวงคลองสองต้นนุ่น,7,8,กรุงเทพมหานคร,10,กรมทางหลวง,286,2,71,91,57.2,5,0.042,ทางตรง+ไม่มีความลาดชัน,ขับรถเร็วเกินอัตรากำหนด
338,อรุณอมรินทร์ - พุทธมณฑลสาย 4,8,9,กรุงเทพมหานคร,10,กรมทางหลวง,131,0,90,90,26.2,5,0.015,ทางตรง+ไม่มีความลาดชัน,ขับรถเร็วเกินอัตรากำหนด
34,ทางเข้าท่าอากาศยานสุวรรณภูมิ - บางวัว,19,20,สมุทรปราการ,11,กรมทางหลวง,22,7,20,90,4.4,5,0.045,ทางตรง+ไม่มีความลาดชัน,ขับรถเร็วเกินอัตรากำหนด
7,ทางต่างระดับหนองขาม - ท่าเรือแหลมฉบัง,4,5,ชลบุรี,20,กรมทางหลวง,135,1,79,89,27,5,0.089,ทางตรง+ไม่มีความลาดชัน,ขับรถเร็วเกินอัตรากำหนด
7,แขวงคลองสองต้นนุ่น - พิมพา,10,11,กรุงเทพมหานคร,10,กรมทางหลวง,191,2,68,88,38.2,5,0.042,ทางตรง+ไม่มีความลาดชัน,ขับรถเร็วเกินอัตรากำหนด
340,สาลี - สุพรรณบุรี,71,72,สุพรรณบุรี,72,กรมทางหลวง,46,4,48,88,9.2,5,0.043,ทางตรง+ไม่มีความลาดชัน,ขับรถเร็วเกินอัตรากำหนด
11,นาอิน - ชัยมงคล,285,286,อุตรดิตถ์,53,กรมทางหลวง,21,6,26,86,4.2,5,0.048,ทางตรง+ไม่มีความลาดชัน,หลับใน
230,ถนนวงแหวนรอบเมืองขอนแก่นด้านทิศตะวันออก,40,41,ขอนแก่น,40,กรมทางหลวง,4,8,5,85,1,4,0,ทางตรง+ไม่มีความลาดชัน,ขับรถเร็วเกินอัตรากำหนด
35,ดาวคะนอง -  แสมดำ,12,13,กรุงเทพมหานคร,10,กรมทางหลวง,76,5,34,84,15.2,5,0.039,ทางตรง+ไม่มีความลาดชัน,ขับรถเร็วเกินอัตรากำหนด
9,แขวงรามอินทรา - บางพลี,47,48,กรุงเทพมหานคร,10,กรมทางหลวง,95,0,83,83,19,5,0.084,ทางตรง+ไม่มีความลาดชัน,ขับรถเร็วเกินอัตรากำหนด
361,ทางเลี่ยงเมืองชลบุรี,0,1,ชลบุรี,20,กรมทางหลวง,36,7,13,83,7.2,5,0.028,ทางตรง+ไม่มีความลาดชัน,ขับรถเร็วเกินอัตรากำหนด
1,ต่างระดับบางปะอิน - หนองแค,78,79,พระนครศรีอยุธยา,14,กรมทางหลวง,21,5,33,83,4.2,5,0.143,ทางตรง+ไม่มีความลาดชัน,ขับรถเร็วเกินอัตรากำหนด
41,เกาะมุกข์ - ควนรา,124,125,สุราษฎร์ธานี,84,กรมทางหลวง,3,8,3,83,1.5,2,0,ทางตรง+ไม่มีความลาดชัน,ขับรถเร็วเกินอัตรากำหนด
4,น้ำรอด - พ่อตาหินช้าง,416,417,ประจวบคีรีขันธ์,77,กรมทางหลวง,14,7,12,82,2.8,5,0.143,ทางตรง+ไม่มีความลาดชัน,ขับรถเร็วเกินอัตรากำหนด
41,เกาะมุกข์ - ควนรา,129,130,สุราษฎร์ธานี,84,กรมทางหลวง,9,5,32,82,2.25,4,0.111,ทางตรง+ไม่มีความลาดชัน,ขับรถเร็วเกินอัตรากำหนด
35,ดาวคะนอง -  แสมดำ,8,9,กรุงเทพมหานคร,10,กรมทางหลวง,93,2,61,81,18.6,5,0.032,ทางตรง+ไม่มีความลาดชัน,ขับรถเร็วเกินอัตรากำหนด
9,แขวงรามอินทรา - บางพลี,45,46,กรุงเทพมหานคร,10,กรมทางหลวง,79,2,61,81,15.8,5,0.089,ทางตรง+ไม่มีความลาดชัน,ขับรถเร็วเกินอัตรากำหนด
35,ดาวคะนอง -  แสมดำ,7,8,กรุงเทพมหานคร,10,กรมทางหลวง,61,4,41,81,12.2,5,0.049,ทางตรง+ไม่มีความลาดชัน,ขับรถเร็วเกินอัตรากำหนด
ส.012,ถนนวงแหวนอุตสาหกรรมเข้าสะพานภูมิพลที่ 1,2,3,สมุทรปราการ,11,กรมทางหลวงชนบท,72,2,60,80,14.4,5,0.069,ทางตรง+ไม่มีความลาดชัน,ขับรถเร็วเกินอัตรากำหนด
9,บางปะอิน - แขวงรามอินทรา,28,29,ปทุมธานี,13,กรมทางหลวง,79,5,29,79,15.8,5,0.051,ทางตรง+ไม่มีความลาดชัน,ขับรถเร็วเกินอัตรากำหนด
9,คลองมหาสวัสดิ์ - คลองบางไผ่,37,38,กรุงเทพมหานคร,10,กรมทางหลวง,76,2,59,79,15.2,5,0.053,ทางตรง+ไม่มีความลาดชัน,ขับรถเร็วเกินอัตรากำหนด
408,หัวถนน - เฉลิมพระเกียรติ,18,19,นครศรีธรรมราช,80,กรมทางหลวง,10,6,18,78,3.33,3,0,ทางตรง+ไม่มีความลาดชัน,ขับรถเร็วเกินอัตรากำหนด
9,บางปะอิน - แขวงรามอินทรา,42,43,กรุงเทพมหานคร,10,กรมทางหลวง,98,0,77,77,19.6,5,0.194,ทางตรง+ไม่มีความลาดชัน,ขับรถเร็วเกินอัตรากำหนด
7,หนองข้างคอก - ตะเคียนเตี้ย,82,83,ชลบุรี,20,กรมทางหลวง,62,5,27,77,12.4,5,0.032,ทางตรง+ไม่มีความลาดชัน,ขับรถเร็วเกินอัตรากำหนด
7,พิมพา - หนองข้างคอก,65,66,ชลบุรี,20,กรมทางหลวง,53,1,67,77,10.6,5,0.057,ทางตรง+ไม่มีความลาดชัน,ขับรถเร็วเกินอัตรากำหนด
4,พังลา - จุดผ่านแดนถาวรสะเดา (เขตแดนไทย/มาเลเซีย),1307,1308,สงขลา,90,กรมทางหลวง,8,5,27,77,2,4,0.25,ทางตรง+ไม่มีความลาดชัน,ขับรถเร็วเกินอัตรากำหนด
4,สระพัง - เขาวัง,142,143,เพชรบุรี,76,กรมทางหลวง,26,6,16,76,5.2,5,0.346,ทางตรง+ไม่มีความลาดชัน,ขับรถเร็วเกินอัตรากำหนด
1,วังเจ้า - ตาก,524,525,ตาก,63,กรมทางหลวง,18,5,26,76,3.6,5,0,ทางตรง+ไม่มีความลาดชัน,ขับรถเร็วเกินอัตรากำหนด
212,ย้อมพัฒนา - นาโพธิ์,423,424,มุกดาหาร,49,กรมทางหลวง,15,6,16,76,3.75,4,0.067,ทางตรง+ไม่มีความลาดชัน,ขับรถเร็วเกินอัตรากำหนด
35,นาโคก - แพรกหนามแดง,78,79,สมุทรสงคราม,75,กรมทางหลวง,12,7,6,76,2.4,5,0.083,ทางตรง+ไม่มีความลาดชัน,ขับรถเร็วเกินอัตรากำหนด
1,ต่างระดับบางปะอิน - หนองแค,67,68,พระนครศรีอยุธยา,14,กรมทางหลวง,28,5,25,75,5.6,5,0.143,ทางตรง+ไม่มีความลาดชัน,ขับรถเร็วเกินอัตรากำหนด
41,สวนสมบูรณ์ - เกาะมุกข์,115,116,สุราษฎร์ธานี,84,กรมทางหลวง,13,5,25,75,2.6,5,0.154,ทางตรง+ไม่มีความลาดชัน,ขับรถเร็วเกินอัตรากำหนด
2,โคกกรวด - นครราชสีมา,143,144,นครราชสีมา,30,กรมทางหลวง,10,3,45,75,2.5,4,0,ทางตรง+ไม่มีความลาดชัน,ขับรถเร็วเกินอัตรากำหนด
35,ดาวคะนอง -  แสมดำ,10,11,กรุงเทพมหานคร,10,กรมทางหลวง,77,3,44,74,15.4,5,0.026,ทางตรง+ไม่มีความลาดชัน,ขับรถเร็วเกินอัตรากำหนด
35,ดาวคะนอง -  แสมดำ,2,3,กรุงเทพมหานคร,10,กรมทางหลวง,57,3,44,74,11.4,5,0.018,ทางตรง+ไม่มีความลาดชัน,ขับรถเร็วเกินอัตรากำหนด
34,ทางเข้าท่าอากาศยานสุวรรณภูมิ - บางวัว,16,17,สมุทรปราการ,11,กรมทางหลวง,31,6,14,74,6.2,5,0,ทางตรง+ไม่มีความลาดชัน,ขับรถเร็วเกินอัตรากำหนด
7,หนองข้างคอก - ตะเคียนเตี้ย,91,92,ชลบุรี,20,กรมทางหลวง,106,4,33,73,21.2,5,0.113,ทางตรง+ไม่มีความลาดชัน,ขับรถเร็วเกินอัตรากำหนด
338,อรุณอมรินทร์ - พุทธมณฑลสาย 4,3,4,กรุงเทพมหานคร,10,กรมทางหลวง,89,1,63,73,17.8,5,0.045,ทางตรง+ไม่มีความลาดชัน,ขับรถเร็วเกินอัตรากำหนด
32,ไชโย - สิงห์ใต้,67,68,สิงห์บุรี,17,กรมทางหลวง,16,6,13,73,3.2,5,0.063,ทางตรง+ไม่มีความลาดชัน,ขับรถเร็วเกินอัตรากำหนด
4,เขาคราม - ตลาดเก่า,960,961,กระบี่,81,กรมทางหลวง,8,6,13,73,2,4,0.5,ทางตรง+ไม่มีความลาดชัน,ขับรถเร็วเกินอัตรากำหนด
3296,ดอนตูม - บางเลน,6,7,นครปฐม,73,กรมทางหลวง,4,7,3,73,1.33,3,0,ทางโค้งกว้าง+ไม่มีความลาดชัน,ขับรถเร็วเกินอัตรากำหนด
35,ดาวคะนอง -  แสมดำ,5,6,กรุงเทพมหานคร,10,กรมทางหลวง,108,0,72,72,21.6,5,0.019,ทางตรง+ไม่มีความลาดชัน,ขับรถเร็วเกินอัตรากำหนด
1,ต่างระดับคลองหลวง - ประตูน้ำพระอินทร์,42,43,ปทุมธานี,13,กรมทางหลวง,9,5,22,72,1.8,5,0,ทางตรง+ไม่มีความลาดชัน,ขับรถเร็วเกินอัตรากำหนด
1,ต่างระดับคลองหลวง - ประตูน้ำพระอินทร์,46,47,ปทุมธานี,13,กรมทางหลวง,8,7,2,72,2,4,0,ทางตรง+ไม่มีความลาดชัน,ขับรถเร็วเกินอัตรากำหนด
ลบ.3033,แยกทางหลวงหมายเลข 205 (กม.ที่ 265+150) - บ้านซับกระโดน,13,14,ลพบุรี,16,กรมทางหลวงชนบท,3,7,2,72,1.5,2,0,ทางตรง+ไม่มีความลาดชัน,ขับรถเร็วเกินอัตรากำหนด
316,เขาไร่ยา - จันทบุรี,4,5,จันทบุรี,22,กรมทางหลวง,14,6,11,71,3.5,4,0.143,ทางตรง+ไม่มีความลาดชัน,ขับรถเร็วเกินอัตรากำหนด
ปข.5062,เชื่อมถนนเทศบาลตำบลหนองพลับ (กม.ที่ 1+740) - น้ำตกป่าละอู,19,20,ประจวบคีรีขันธ์,77,กรมทางหลวงชนบท,3,6,11,71,1.5,2,0,ทางโค้งกว้าง+ไม่มีความลาดชัน,ไม่มีระบบสัญญาณไฟจราจร
ชม.3035,แยกทางหลวงหมายเลข 108 (กม.ที่ 34+500) - บ้านร้อยจันทร์,23,24,เชียงใหม่,50,กรมทางหลวงชนบท,7,7,0,70,2.33,3,0,ทางโค้งกว้าง+ไม่มีความลาดชัน,ขับรถเร็วเกินอัตรากำหนด
1065,หนองกุลา - พิษณุโลก,55,56,พิษณุโลก,65,กรมทางหลวง,5,5,19,69,1.67,3,0,ทางตรง+ไม่มีความลาดชัน,ขับรถเร็วเกินอัตรากำหนด
7,แขวงคลองสองต้นนุ่น - พิมพา,11,12,กรุงเทพมหานคร,10,กรมทางหลวง,234,0,68,68,46.8,5,0.043,ทางตรง+ไม่มีความลาดชัน,ขับรถเร็วเกินอัตรากำหนด
1,ต่างระดับบางปะอิน - หนองแค,74,75,พระนครศรีอยุธยา,14,กรมทางหลวง,33,3,38,68,6.6,5,0,ทางตรง+ไม่มีความลาดชัน,ขับรถเร็วเกินอัตรากำหนด
34,ทางเข้าท่าอากาศยานสุวรรณภูมิ - บางวัว,15,16,สมุทรปราการ,11,กรมทางหลวง,14,6,8,68,2.8,5,0,ทางตรง+ที่ราบ,ขับรถเร็วเกินอัตราที่กำหนด
22,หนองขาม - หนองหาน,32,33,อุดรธานี,41,กรมทางหลวง,14,4,28,68,2.8,5,0.143,ทางตรง+ไม่มีความลาดชัน,ขับรถเร็วเกินอัตรากำหนด
201,ปากภู - เชียงคาน,375,376,เลย,42,กรมทางหลวง,11,6,8,68,2.75,4,0,ทางตรง+ไม่มีความลาดชัน,ขับรถเร็วเกินอัตรากำหนด
9,คลองบางไผ่ - คลองบางหลวง,44,45,กรุงเทพมหานคร,10,กรมทางหลวง,123,0,67,67,24.6,5,0.098,ทางตรง+ไม่มีความลาดชัน,ขับรถเร็วเกินอัตรากำหนด
2466,โคกหนองม่วง - หล่มสัก,3,4,เพชรบูรณ์,67,กรมทางหลวง,37,4,27,67,7.4,5,0.081,ทางตรง+ไม่มีความลาดชัน,ขับรถเร็วเกินอัตรากำหนด
41,ไม้เสียบ - สี่แยกโพธิ์ทอง,366,367,พัทลุง,93,กรมทางหลวง,10,5,17,67,2,5,0,ทางตรง+ไม่มีความลาดชัน,ขับรถเร็วเกินอัตรากำหนด
7,แขวงคลองสองต้นนุ่น - พิมพา,27,28,สมุทรปราการ,11,กรมทางหลวง,252,1,56,66,50.4,5,0.016,ทางตรง+ไม่มีความลาดชัน,ขับรถเร็วเกินอัตรากำหนด
9,แขวงรามอินทรา - บางพลี,54,55,กรุงเทพมหานคร,10,กรมทางหลวง,147,1,56,66,29.4,5,0.238,ทางตรง+ไม่มีความลาดชัน,ขับรถเร็วเกินอัตรากำหนด
340,สาลี - สุพรรณบุรี,63,64,สุพรรณบุรี,72,กรมทางหลวง,28,4,26,66,5.6,5,0.036,ทางตรง+ไม่มีความลาดชัน,ขับรถเร็วเกินอัตรากำหนด
7,แขวงคลองสองต้นนุ่น - พิมพา,9,10,กรุงเทพมหานคร,10,กรมทางหลวง,175,0,65,65,35,5,0.034,ทางตรง+ไม่มีความลาดชัน,ขับรถเร็วเกินอัตรากำหนด
12,แม่ละเมา - ตาก,69,70,ตาก,63,กรมทางหลวง,22,5,15,65,4.4,5,0,ทางโค้งกว้าง+ที่ลาดชัน,ขับรถเร็วเกินอัตรากำหนด
304,วังน้ำเขียว - ดอนขวาง,229,230,นครราชสีมา,30,กรมทางหลวง,15,5,15,65,3,5,0.133,ทางโค้งกว้าง+ที่ลาดชัน,ขับรถเร็วเกินอัตรากำหนด
36,มาบข่า - ทับมา,41,42,ระยอง,21,กรมทางหลวง,12,6,5,65,3,4,0.167,ทางตรง+ไม่มีความลาดชัน,ขับรถเร็วเกินอัตรากำหนด
304,ฉะเชิงเทรา - เสม็ดเหนือ,86,87,ฉะเชิงเทรา,24,กรมทางหลวง,8,6,5,65,2,4,0.125,ทางตรง+ที่ราบ,ขับรถเร็วเกินอัตรากำหนด
117,หนองเต่า - คลองพลังด้านใต้,29,30,นครสวรรค์,60,กรมทางหลวง,5,1,55,65,1.67,3,0,ทางตรง+ไม่มีความลาดชัน,หลับใน
9,บางปะอิน - แขวงรามอินทรา,22,23,ปทุมธานี,13,กรมทางหลวง,125,2,44,64,31.25,4,0.352,ทางตรง+ไม่มีความลาดชัน,ขับรถเร็วเกินอัตรากำหนด
35,สะพานข้ามแม่น้ำท่าจีนฝั่งตะวันตก - นาโคก,34,35,สมุทรสาคร,74,กรมทางหลวง,77,5,14,64,19.25,4,0.013,ทางตรง+ไม่มีความลาดชัน,ขับรถเร็วเกินอัตรากำหนด
9,บางปะอิน - แขวงรามอินทรา,41,42,กรุงเทพมหานคร,10,กรมทางหลวง,55,1,54,64,11,5,0.091,ทางตรง+ไม่มีความลาดชัน,ขับรถเร็วเกินอัตรากำหนด
7,พิมพา - หนองข้างคอก,73,74,ชลบุรี,20,กรมทางหลวง,54,4,24,64,10.8,5,0.111,ทางตรง+ไม่มีความลาดชัน,ขับรถเร็วเกินอัตรากำหนด
35,ดาวคะนอง -  แสมดำ,1,2,กรุงเทพมหานคร,10,กรมทางหลวง,51,2,44,64,10.2,5,0.059,ทางตรง+ไม่มีความลาดชัน,ขับรถเร็วเกินอัตรากำหนด
34,ทางเข้าท่าอากาศยานสุวรรณภูมิ - บางวัว,18,19,สมุทรปราการ,11,กรมทางหลวง,12,5,14,64,2.4,5,0,ทางตรง+ไม่มีความลาดชัน,ขับรถเร็วเกินอัตรากำหนด
344,บ้านสวน - หนองรี,4,5,ชลบุรี,20,กรมทางหลวง,11,5,14,64,2.2,5,0.091,ทางตรง+ไม่มีความลาดชัน,ขับรถเร็วเกินอัตรากำหนด
3086,ปลักประดู่ - ด่านช้าง,95,96,สุพรรณบุรี,72,กรมทางหลวง,5,6,4,64,1.67,3,0,ทางตรง+ไม่มีความลาดชัน,ขับรถเร็วเกินอัตรากำหนด
202,ลำพังชู - ห้วยลำเตา,158,159,มหาสารคาม,44,กรมทางหลวง,3,2,44,64,1,3,0,ทางตรง+ไม่มีความลาดชัน,ขับรถเร็วเกินอัตรากำหนด
9,แขวงรามอินทรา - บางพลี,59,60,กรุงเทพมหานคร,10,กรมทางหลวง,48,3,33,63,9.6,5,0.063,ทางตรง+ไม่มีความลาดชัน,ขับรถเร็วเกินอัตรากำหนด
มส.4001,แยกทางหลวงหมายเลข 1095 (กม.ที่ 198+050) - บ้านรักไทย,16,17,แม่ฮ่องสอน,58,กรมทางหลวงชนบท,24,0,63,63,4.8,5,0.042,ทางโค้งหักศอก+ที่ลาดชัน,ไม่คุ้นเคยเส้นทาง/ขับรถไม่ชำนาญ
340,สุพรรณบุรี - ศรีประจันต์,94,95,สุพรรณบุรี,72,กรมทางหลวง,22,4,23,63,4.4,5,0,ทางตรง+ไม่มีความลาดชัน,ขับรถเร็วเกินอัตรากำหนด
4,สระพัง - เขาวัง,156,157,เพชรบุรี,76,กรมทางหลวง,11,5,13,63,2.75,4,0.273,ทางตรง+ไม่มีความลาดชัน,ขับรถเร็วเกินอัตรากำหนด
1,ต่างระดับคลองหลวง - ประตูน้ำพระอินทร์,44,45,ปทุมธานี,13,กรมทางหลวง,8,6,3,63,2,4,0.125,ทางตรง+ไม่มีความลาดชัน,ขับรถเร็วเกินอัตรากำหนด
24,สี่แยกโชคชัย - หนองมัน,77,78,นครราชสีมา,30,กรมทางหลวง,5,6,3,63,1.67,3,0,ทางตรง+ไม่มีความลาดชัน,ขับรถเร็วเกินอัตรากำหนด
2,หนองแวงโสกพระ - พล,263,264,ขอนแก่น,40,กรมทางหลวง,5,4,23,63,1.25,4,0,ทางแยกรูปตัว ++ที่ราบ,ขับรถเร็วเกินอัตรากำหนด
9,บางปะอิน - แขวงรามอินทรา,20,21,ปทุมธานี,13,กรมทางหลวง,41,3,32,62,8.2,5,0.049,ทางตรง+ไม่มีความลาดชัน,ขับรถเร็วเกินอัตรากำหนด
340,สุพรรณบุรี - ศรีประจันต์,85,86,สุพรรณบุรี,72,กรมทางหลวง,28,3,32,62,5.6,5,0,ทางตรง+ไม่มีความลาดชัน,คน/รถ/สัตว์ตัดหน้ากระชั้นชิด
3,เขาสมิง - แม่น้ำตราด,398,399,ตราด,23,กรมทางหลวง,27,3,32,62,5.4,5,0.333,ทางตรง+ไม่มีความลาดชัน,ขับรถเร็วเกินอัตรากำหนด
1,ต่างระดับคลองหลวง - ประตูน้ำพระอินทร์,48,49,พระนครศรีอยุธยา,14,กรมทางหลวง,16,5,12,62,4,4,0.125,ทางตรง+ไม่มีความลาดชัน,ขับรถเร็วเกินอัตรากำหนด
316,เขาไร่ยา - จันทบุรี,3,4,จันทบุรี,22,กรมทางหลวง,14,4,22,62,3.5,4,0.357,ทางตรง+ไม่มีความลาดชัน,ขับรถเร็วเกินอัตรากำหนด
212,ย้อมพัฒนา - นาโพธิ์,435,436,มุกดาหาร,49,กรมทางหลวง,6,5,12,62,2,3,0.167,ทางโค้งกว้าง+ไม่มีความลาดชัน,ขับรถเร็วเกินอัตรากำหนด
ปท.3004,แยกทางหลวงหมายเลข 305 (กม.ที่ 15+700) - บ้านลำลูกกา,7,8,ปทุมธานี,13,กรมทางหลวงชนบท,6,6,2,62,2,3,0,ทางตรง+ไม่มีความลาดชัน,ขับรถเร็วเกินอัตรากำหนด
4,ห้วยทราย - พรุพ้อ,1204,1205,พัทลุง,93,กรมทางหลวง,6,6,2,62,2,3,0,ทางตรง+ไม่มีความลาดชัน,หลับใน
403,ต้นม่วง - ตรัง,100,101,ตรัง,92,กรมทางหลวง,4,6,2,62,1.33,3,0.25,ทางตรง+ไม่มีความลาดชัน,ขับรถเร็วเกินอัตรากำหนด
9,แขวงรามอินทรา - บางพลี,51,52,กรุงเทพมหานคร,10,กรมทางหลวง,77,1,51,61,15.4,5,0.065,ทางตรง+ไม่มีความลาดชัน,ขับรถเร็วเกินอัตรากำหนด
348,แก้วเพชรพลอย - ช่องตะโก,77,78,สระแก้ว,27,กรมทางหลวง,31,4,21,61,6.2,5,0.387,ทางโค้งกว้าง+ที่ลาดชัน,ขับรถเร็วเกินอัตรากำหนด
ลย.2002,แยกทางหลวงหมายเลข 21 (กม.ที่ 379+500) - บ้านนาซำแซง,9,10,เลย,42,กรมทางหลวงชนบท,31,5,11,61,6.2,5,0.065,ทางโค้งกว้าง+ที่ลาดชัน,ไม่คุ้นเคยเส้นทาง/ขับรถไม่ชำนาญ
4,บางสะพาน - น้ำรอด,408,409,ประจวบคีรีขันธ์,77,กรมทางหลวง,13,5,11,61,2.6,5,0.308,ทางตรง+ไม่มีความลาดชัน,ขับรถเร็วเกินอัตรากำหนด
3,นายายอาม - บ้านสิ้ว,310,311,จันทบุรี,22,กรมทางหลวง,12,5,11,61,2.4,5,0.167,ทางตรง+ไม่มีความลาดชัน,ขับรถเร็วเกินอัตรากำหนด
44,บางสวรรค์ - ทรัพย์ทวี,78,79,สุราษฎร์ธานี,84,กรมทางหลวง,11,5,11,61,2.2,5,0.091,ทางตรง+ไม่มีความลาดชัน,ขับรถเร็วเกินอัตรากำหนด
3,โพธิ์ทอง - บ้านพลิ้ว,337,338,จันทบุรี,22,กรมทางหลวง,10,5,11,61,2.5,4,0.1,ทางตรง+ไม่มีความลาดชัน,ขับรถเร็วเกินอัตรากำหนด
12,พรหมนิมิตร - ห้วยสีดา,569,570,มหาสารคาม,44,กรมทางหลวง,9,5,11,61,2.25,4,0,ทางตรง+ไม่มีความลาดชัน,ขับรถเร็วเกินอัตรากำหนด
201,ปากภู - เชียงคาน,390,391,เลย,42,กรมทางหลวง,7,5,11,61,2.33,3,0.286,ทางตรง+ไม่มีความลาดชัน,ขับรถเร็วเกินอัตรากำหนด
9,คลองมหาสวัสดิ์ - คลองบางไผ่,39,40,กรุงเทพมหานคร,10,กรมทางหลวง,60,1,50,60,12,5,0.033,ทางตรง+ไม่มีความลาดชัน,ขับรถเร็วเกินอัตรากำหนด
7,พิมพา - หนองข้างคอก,45,46,ฉะเชิงเทรา,24,กรมทางหลวง,48,3,30,60,9.6,5,0.042,ทางตรง+ไม่มีความลาดชัน,ขับรถเร็วเกินอัตรากำหนด
ส.012,สะพานภูมิพลที่ 2 ไปสะพานภูมิพลที่ 1,3,4,สมุทรปราการ,11,กรมทางหลวงชนบท,41,3,30,60,8.2,5,0.024,ทางตรง+ที่ลาดชัน,ขับรถเร็วเกินอัตรากำหนด
1,ต่างระดับบางปะอิน - หนองแค,61,62,พระนครศรีอยุธยา,14,กรมทางหลวง,26,4,20,60,5.2,5,0,ทางตรง+ไม่มีความลาดชัน,ขับรถเร็วเกินอัตรากำหนด
4,วังครก - เสียบญวณ,479,480,ชุมพร,86,กรมทางหลวง,12,3,30,60,2.4,5,0.167,ทางตรง+ที่ราบ,ขับรถเร็วเกินอัตราที่กำหนด
304,พนมสารคาม - เขาหินซ้อน,125,126,ฉะเชิงเทรา,24,กรมทางหลวง,12,3,30,60,2.4,5,0,ทางตรง+ไม่มีความลาดชัน,สูญเสียการควบคุม
4,คลองบางดินสอ - นาเหนือ,856,857,พังงา,82,กรมทางหลวง,11,5,10,60,2.75,4,0.727,ทางตรง+ไม่มีความลาดชัน,ขับรถเร็วเกินอัตรากำหนด
2,บ้านไผ่ - ท่าพระ,325,326,ขอนแก่น,40,กรมทางหลวง,10,3,30,60,2.5,4,0.1,ทางตรง+ที่ราบ,ขับรถเร็วเกินอัตรากำหนด
41,ถ้ำพรรณรา - ทุ่งสง,263,264,นครศรีธรรมราช,80,กรมทางหลวง,9,4,20,60,3,3,0,ทางตรง+ไม่มีความลาดชัน,หลับใน
1001,บ้านโป่ง - พร้าว,57,58,เชียงใหม่,50,กรมทางหลวง,8,5,10,60,4,2,0.875,ทางโค้งกว้าง+ไม่มีความลาดชัน,ขับรถเร็วเกินอัตรากำหนด
4015,บ้านตาล - เขาธง,5,6,นครศรีธรรมราช,80,กรมทางหลวง,6,5,10,60,2,3,0.167,ทางตรง+ไม่มีความลาดชัน,ขับรถเร็วเกินอัตราที่กำหนด
12,แม่ละเมา - ตาก,84,85,ตาก,63,กรมทางหลวง,3,5,10,60,1,3,0,ทางตรง+ไม่มีความลาดชัน,ขับรถเร็วเกินอัตรากำหนด
กบ.5005,แยกทางหลวงชนบท กบ.1007 (กม.ที่ 10+500) - บ้านทุ่งปรือ,6,7,กระบี่,81,กรมทางหลวงชนบท,3,6,0,60,3,1,0,ทางตรง+ไม่มีความลาดชัน,ขับรถเร็วเกินอัตรากำหนด
32,ไชโย - สิงห์ใต้,81,82,สิงห์บุรี,17,กรมทางหลวง,12,5,9,59,3,4,0.083,ทางตรง+ไม่มีความลาดชัน,ขับรถเร็วเกินอัตรากำหนด
212,ย้อมพัฒนา - นาโพธิ์,427,428,มุกดาหาร,49,กรมทางหลวง,11,5,9,59,2.2,5,0,ทางตรง+ไม่มีความลาดชัน,คน/รถ/สัตว์ตัดหน้ากระชั้นชิด
3,บ้านสิ้ว - โพธิ์ทอง,316,317,จันทบุรี,22,กรมทางหลวง,11,5,9,59,2.2,5,0.091,ทางตรง+ไม่มีความลาดชัน,ขับรถเร็วเกินอัตรากำหนด
4015,เขาธง - ฉวาง,38,39,นครศรีธรรมราช,80,กรมทางหลวง,5,5,9,59,1.67,3,0,ทางตรง+ไม่มีความลาดชัน,ขับรถเร็วเกินอัตรากำหนด
9,บางปะอิน - แขวงรามอินทรา,21,22,ปทุมธานี,13,กรมทางหลวง,97,1,48,58,19.4,5,0.124,ทางตรง+ไม่มีความลาดชัน,ขับรถเร็วเกินอัตรากำหนด
9,บางปะอิน - แขวงรามอินทรา,32,33,ปทุมธานี,13,กรมทางหลวง,88,1,48,58,17.6,5,0.057,ทางตรง+ไม่มีความลาดชัน,ขับรถเร็วเกินอัตรากำหนด
129,ทางเลี่ยงเมืองแพร่,8,9,แพร่,54,กรมทางหลวง,23,4,18,58,5.75,4,0.217,ทางตรง+ไม่มีความลาดชัน,ขับรถเร็วเกินอัตรากำหนด
129,ทางเลี่ยงเมืองแพร่,5,6,แพร่,54,กรมทางหลวง,19,5,8,58,3.8,5,0.158,ทางตรง+ไม่มีความลาดชัน,ขับรถเร็วเกินอัตรากำหนด
4,หนองหมู - ห้วยยาง,300,301,ประจวบคีรีขันธ์,77,กรมทางหลวง,17,4,18,58,3.4,5,0.059,ทางโค้งกว้าง+ไม่มีความลาดชัน,ขับรถเร็วเกินอัตรากำหนด
32,โพนางดำออก - ท่าฉนวน,130,131,ชัยนาท,18,กรมทางหลวง,8,5,8,58,2,4,0.25,ทางตรง+ไม่มีความลาดชัน,ขับรถเร็วเกินอัตรากำหนด
41,ท่าทอง - สวนสมบูรณ์,64,65,ชุมพร,86,กรมทางหลวง,8,3,28,58,2.67,3,0.375,ทางตรง+ไม่มีความลาดชัน,ขับรถเร็วเกินอัตรากำหนด
1,หินกอง - ปากข้าวสาร,99,100,สระบุรี,19,กรมทางหลวง,7,5,8,58,1.75,4,0.143,ทางตรง+ไม่มีความลาดชัน,ขับรถเร็วเกินอัตรากำหนด
3651,แยกสาครเกษม - คลองมะเดื่อ,4,5,สมุทรสาคร,74,กรมทางหลวง,6,5,8,58,2,3,0.5,ทางตรง+ไม่มีความลาดชัน,ขับรถเร็วเกินอัตรากำหนด
3213,วัดสิงห์ - บ้านโคก,5,6,ชัยนาท,18,กรมทางหลวง,5,5,8,58,1,5,0,ทางตรง+ไม่มีความลาดชัน,ขับรถเร็วเกินอัตรากำหนด
210,นิคมเชียงพิณ - หนองบัวลำภู,38,39,หนองบัวลำภู,39,กรมทางหลวง,5,2,38,58,1.67,3,0,ทางโค้งปกติ+บนช่วงลาดชัน,ขับรถเร็วเกินอัตรากำหนด
9,บางปะอิน - แขวงรามอินทรา,33,34,กรุงเทพมหานคร,10,กรมทางหลวง,95,1,47,57,19,5,0.137,ทางตรง+ไม่มีความลาดชัน,ขับรถเร็วเกินอัตรากำหนด
11,ปางเคาะ - ปางมะโอ,417,418,แพร่,54,กรมทางหลวง,84,2,37,57,21,4,0.595,ทางโค้งกว้าง+ที่ลาดชัน,ขับรถเร็วเกินอัตรากำหนด
9,บางปะอิน - แขวงรามอินทรา,16,17,ปทุมธานี,13,กรมทางหลวง,79,0,57,57,15.8,5,0.063,ทางตรง+ไม่มีความลาดชัน,ขับรถเร็วเกินอัตรากำหนด
7,หนองข้างคอก - ตะเคียนเตี้ย,79,80,ชลบุรี,20,กรมทางหลวง,51,1,47,57,10.2,5,0.078,ทางตรง+ไม่มีความลาดชัน,ขับรถเร็วเกินอัตรากำหนด
32,ไชโย - สิงห์ใต้,69,70,สิงห์บุรี,17,กรมทางหลวง,15,5,7,57,3,5,0.133,ทางตรง+ไม่มีความลาดชัน,ขับรถเร็วเกินอัตรากำหนด
2116,ห้วยคล้อ - เลิงนกทา,138,139,ยโสธร,35,กรมทางหลวง,13,5,7,57,3.25,4,0,ทางโค้งกว้าง+ไม่มีความลาดชัน,ขับรถเร็วเกินอัตรากำหนด
4,เขาพับผ้า - พัทลุง,1161,1162,พัทลุง,93,กรมทางหลวง,13,4,17,57,2.6,5,0.231,ทางตรง+ไม่มีความลาดชัน,ขับรถเร็วเกินอัตรากำหนด
1,วังเจ้า - ตาก,521,522,ตาก,63,กรมทางหลวง,9,5,7,57,2.25,4,0,ทางตรง+ไม่มีความลาดชัน,ขับรถเร็วเกินอัตรากำหนด
4,ห้วยยาง -  บางสะพาน,370,371,ประจวบคีรีขันธ์,77,กรมทางหลวง,7,5,7,57,1.75,4,0.143,ทางตรง+ไม่มีความลาดชัน,หลับใน
340,สุพรรณบุรี - ศรีประจันต์,89,90,สุพรรณบุรี,72,กรมทางหลวง,39,3,26,56,7.8,5,0,ทางตรง+ไม่มีความลาดชัน,ขับรถเร็วเกินอัตรากำหนด
1001,เชียงใหม่ - บ้านโป่ง,7,8,เชียงใหม่,50,กรมทางหลวง,38,3,26,56,7.6,5,0.105,ทางตรง+ไม่มีความลาดชัน,ขับรถเร็วเกินอัตรากำหนด
1,ตาคลี - ดอนรังนก,255,256,นครสวรรค์,60,กรมทางหลวง,35,2,36,56,8.75,4,0.057,ทางตรง+ไม่มีความลาดชัน,ขับรถเร็วเกินอัตรากำหนด
4,ห้วยยาง -  บางสะพาน,359,360,ประจวบคีรีขันธ์,77,กรมทางหลวง,35,4,16,56,8.75,4,0.6,ทางโค้งกว้าง+ไม่มีความลาดชัน,ขับรถเร็วเกินอัตรากำหนด
1,วังเจ้า - ตาก,523,524,ตาก,63,กรมทางหลวง,11,5,6,56,2.75,4,0,ทางตรง+ไม่มีความลาดชัน,คน/รถ/สัตว์ตัดหน้ากระชั้นชิด
3,โพธิ์ทอง - บ้านพลิ้ว,343,344,จันทบุรี,22,กรมทางหลวง,10,4,16,56,2,5,0.2,ทางตรง+ไม่มีความลาดชัน,ขับรถเร็วเกินอัตรากำหนด
3249,เขาไร่ยา - แพร่งขาหยั่ง,35,36,จันทบุรี,22,กรมทางหลวง,7,5,6,56,1.75,4,0,ทางโค้งกว้าง+ไม่มีความลาดชัน,ขับรถเร็วเกินอัตรากำหนด
323,หนองสามพราน - แก่งประลอม,109,110,กาญจนบุรี,71,กรมทางหลวง,7,5,6,56,2.33,3,0,ทางตรง+ไม่มีความลาดชัน,ขับรถเร็วเกินอัตรากำหนด
401,บางกุ้ง - เขาหัวช้าง,183,184,สุราษฎร์ธานี,84,กรมทางหลวง,4,5,6,56,1.33,3,0.25,ทางตรง+ที่ราบ,ขับรถเร็วเกินอัตราที่กำหนด
9,บางปะอิน - แขวงรามอินทรา,34,35,กรุงเทพมหานคร,10,กรมทางหลวง,69,2,35,55,13.8,5,0.116,ทางตรง+ไม่มีความลาดชัน,ขับรถเร็วเกินอัตรากำหนด
41,สวนสมบูรณ์ - เกาะมุกข์,109,110,สุราษฎร์ธานี,84,กรมทางหลวง,49,3,25,55,12.25,4,0.367,ทางตรง+ไม่มีความลาดชัน,ขับรถเร็วเกินอัตรากำหนด
341,บางพลัด - บางบำหรุ,0,1,กรุงเทพมหานคร,10,กรมทางหลวง,45,2,35,55,9,5,0.067,ทางตรง+ไม่มีความลาดชัน,ขับรถเร็วเกินอัตรากำหนด
9,บางปะอิน - แขวงรามอินทรา,7,8,ปทุมธานี,13,กรมทางหลวง,36,4,15,55,9,4,0.222,ทางตรง+ไม่มีความลาดชัน,ขับรถเร็วเกินอัตรากำหนด
1,ต่างระดับบางปะอิน - หนองแค,71,72,พระนครศรีอยุธยา,14,กรมทางหลวง,34,2,35,55,6.8,5,0.059,ทางตรง+ไม่มีความลาดชัน,ขับรถเร็วเกินอัตรากำหนด
34,บางปะกง - หนองไม้แดง,56,57,ชลบุรี,20,กรมทางหลวง,20,5,5,55,4,5,0.05,ทางตรง+ไม่มีความลาดชัน,ขับรถเร็วเกินอัตรากำหนด
4,นาโหนด - ห้วยทราย,1197,1198,พัทลุง,93,กรมทางหลวง,16,4,15,55,3.2,5,0.063,ทางตรง+ไม่มีความลาดชัน,ขับรถเร็วเกินอัตรากำหนด
4,วังยาว - หนองหมู,264,265,ประจวบคีรีขันธ์,77,กรมทางหลวง,11,5,5,55,2.2,5,0,ทางตรง+ไม่มีความลาดชัน,หลับใน
12,บ้านหลุบ - นาไคร้,653,654,กาฬสินธุ์,46,กรมทางหลวง,7,5,5,55,1.75,4,0.143,ทางตรง+ไม่มีความลาดชัน,ขับรถเร็วเกินอัตรากำหนด
1,สามัคคี - บ้านหวด,716,717,ลำปาง,52,กรมทางหลวง,7,5,5,55,1.75,4,0.286,ทางตรง+ไม่มีความลาดชัน,ขับรถเร็วเกินอัตรากำหนด
212,ท่าควาย - กลางน้อย,322,323,นครพนม,48,กรมทางหลวง,6,5,5,55,2,3,0.167,ทางตรง+ที่ราบ,หลับใน
4112,สวนแตง - ไชยา,27,28,สุราษฎร์ธานี,84,กรมทางหลวง,4,5,5,55,1.33,3,0,ทางตรง+ไม่มีความลาดชัน,ขับรถเร็วเกินอัตรากำหนด
ส.012,ถนนวงแหวนอุตสาหกรรมเข้าสะพานภูมิพลที่ 1,1,2,สมุทรปราการ,11,กรมทางหลวงชนบท,70,1,44,54,14,5,0.1,ทางตรง+ไม่มีความลาดชัน,ขับรถเร็วเกินอัตรากำหนด
1,ตาคลี - ดอนรังนก,256,257,นครสวรรค์,60,กรมทางหลวง,31,2,34,54,6.2,5,0.065,ทางตรง+ไม่มีความลาดชัน,คน/รถ/สัตว์ตัดหน้ากระชั้นชิด
4,หนองหมู - ห้วยยาง,291,292,ประจวบคีรีขันธ์,77,กรมทางหลวง,31,3,24,54,6.2,5,0.677,ทางโค้งกว้าง+ไม่มีความลาดชัน,ขับรถเร็วเกินอัตรากำหนด
3,เขาสมิง - แม่น้ำตราด,397,398,ตราด,23,กรมทางหลวง,19,4,14,54,3.8,5,0.211,ทางตรง+ไม่มีความลาดชัน,ขับรถเร็วเกินอัตรากำหนด
3,นายายอาม - บ้านสิ้ว,289,290,จันทบุรี,22,กรมทางหลวง,17,4,14,54,3.4,5,0.235,ทางตรง+ไม่มีความลาดชัน,ขับรถเร็วเกินอัตรากำหนด
4,ปากท่อ - สระพัง,129,130,เพชรบุรี,76,กรมทางหลวง,14,5,4,54,2.8,5,0.214,ทางตรง+ไม่มีความลาดชัน,ขับรถเร็วเกินอัตรากำหนด
3264,ดอนเจดีย์ - สระกระโจม,11,12,สุพรรณบุรี,72,กรมทางหลวง,14,4,14,54,4.67,3,0,ทางตรง+ไม่มีความลาดชัน,คน/รถ/สัตว์ตัดหน้ากระชั้นชิด
4,นาโหนด - ห้วยทราย,1191,1192,พัทลุง,93,กรมทางหลวง,11,4,14,54,3.67,3,0.364,ทางตรง+ไม่มีความลาดชัน,ขับรถเร็วเกินอัตรากำหนด
24,ซับประดู่ - สี่แยกปักธงชัย,10,11,นครราชสีมา,30,กรมทางหลวง,8,3,24,54,2,4,0.125,ทางตรง+ไม่มีความลาดชัน,ขับรถเร็วเกินอัตรากำหนด
317,หน้าค่าย ตชด. - พังงอน,19,20,จันทบุรี,22,กรมทางหลวง,7,4,14,54,1.4,5,0.143,ทางตรง+ไม่มีความลาดชัน,ขับรถเร็วเกินอัตรากำหนด
รย.4034,แยกทางหลวงหมายเลข 3191 (กม.ที่ 11+040) - นิคมสร้างตนเองสาย11,8,9,ระยอง,21,กรมทางหลวงชนบท,7,4,14,54,2.33,3,0.143,ทางสี่แยก,ขับรถเร็วเกินอัตรากำหนด
404,ละงู - ฉลุง,101,102,สตูล,91,กรมทางหลวง,6,4,14,54,2,3,0.167,ทางตรง+ไม่มีความลาดชัน,ขับรถเร็วเกินอัตรากำหนด
408,เฉลิมพระเกียรติ - ปากระวะ,45,46,นครศรีธรรมราช,80,กรมทางหลวง,4,5,4,54,1.33,3,0,ทางตรง+ที่ราบ,มีการตัดหน้าระยะกระชั้นชิด
1,นครชุม - วังเจ้า,483,484,กำแพงเพชร,62,กรมทางหลวง,3,5,4,54,1.5,2,0,ทางตรง+ไม่มีความลาดชัน,คน/รถ/สัตว์ตัดหน้ากระชั้นชิด
35,แสมดำ - สะพานข้ามแม่น้ำท่าจีนฝั่งตะวันตก,20,21,สมุทรสาคร,74,กรมทางหลวง,48,3,23,53,12,4,0.042,ทางตรง+ไม่มีความลาดชัน,ขับรถเร็วเกินอัตรากำหนด
2,มวกเหล็ก - บ่อทอง,37,38,นครราชสีมา,30,กรมทางหลวง,41,1,43,53,8.2,5,0.537,ทางตรง+ที่ลาดชัน,ขับรถเร็วเกินอัตรากำหนด
1,ตาคลี - ดอนรังนก,257,258,นครสวรรค์,60,กรมทางหลวง,32,1,43,53,8,4,0,ทางตรง+ไม่มีความลาดชัน,คน/รถ/สัตว์ตัดหน้ากระชั้นชิด
304,วังน้ำเขียว - ดอนขวาง,243,244,นครราชสีมา,30,กรมทางหลวง,26,3,23,53,5.2,5,0.385,ทางโค้งกว้าง+ที่ลาดชัน,ขับรถเร็วเกินอัตรากำหนด
303,ราษฎร์บูรณะ - พระสมุทรเจดีย์,18,19,สมุทรปราการ,11,กรมทางหลวง,18,3,23,53,4.5,4,0,ทางตรง+ไม่มีความลาดชัน,ขับรถเร็วเกินอัตรากำหนด
4,สระพัง - เขาวัง,138,139,เพชรบุรี,76,กรมทางหลวง,15,4,13,53,3.75,4,0.267,ทางตรง+ไม่มีความลาดชัน,ขับรถเร็วเกินอัตรากำหนด
4103,เบญจม - จังหูน,28,29,นครศรีธรรมราช,80,กรมทางหลวง,14,2,33,53,2.8,5,0.071,ทางตรง+ไม่มีความลาดชัน,ขับรถเร็วเกินอัตรากำหนด
376,ทางเลี่ยงเมืองราชบุรี,8,9,ราชบุรี,70,กรมทางหลวง,8,5,3,53,2,4,0,ทางตรง+ไม่มีความลาดชัน,ขับรถเร็วเกินอัตรากำหนด
3,โพธิ์ทอง - บ้านพลิ้ว,332,333,จันทบุรี,22,กรมทางหลวง,8,5,3,53,2,4,0.125,ทางตรง+ไม่มีความลาดชัน,คน/รถ/สัตว์ตัดหน้ากระชั้นชิด
4,น้ำรอด - พ่อตาหินช้าง,438,439,ชุมพร,86,กรมทางหลวง,8,4,13,53,2.67,3,0.125,ทางตรง+ที่ราบ,ขับรถเร็วเกินอัตราที่กำหนด
403,นครศรีธรรมราช - เสาธง,1,2,นครศรีธรรมราช,80,กรมทางหลวง,7,2,33,53,2.33,3,0.143,ทางตรง+ที่ราบ,ขับรถเร็วเกินอัตราที่กำหนด
12,ขุมขี้ยาง - มุกดาหาร,763,764,มุกดาหาร,49,กรมทางหลวง,6,5,3,53,1.5,4,0.167,ทางโค้งกว้าง+ไม่มีความลาดชัน,ขับรถเร็วเกินอัตรากำหนด
4,พังลา - จุดผ่านแดนถาวรสะเดา (เขตแดนไทย/มาเลเซีย),1308,1309,สงขลา,90,กรมทางหลวง,6,5,3,53,1.5,4,0,ทางตรง+ไม่มีความลาดชัน,ขับรถเร็วเกินอัตรากำหนด
3282,ไร่ใหม่ - แยกนิคมทับเสลา,49,50,อุทัยธานี,61,กรมทางหลวง,5,5,3,53,2.5,2,0,ทางโค้งปกติ+ที่ราบ,ขับรถเร็วเกินอัตราที่กำหนด
นค.1017,แยกทางหลวงหมายเลข 2 (กม.ที่ 487+550) - บ้านหนองสองห้อง,16,17,หนองคาย,43,กรมทางหลวงชนบท,3,5,3,53,1.5,2,0,ทางตรง,ขับรถเร็วเกินอัตรากำหนด
2,พล - บ้านไผ่,276,277,ขอนแก่น,40,กรมทางหลวง,3,5,3,53,1,3,0,ทางตรง+ไม่มีความลาดชัน,ขับรถเร็วเกินอัตรากำหนด
338,อรุณอมรินทร์ - พุทธมณฑลสาย 4,13,14,กรุงเทพมหานคร,10,กรมทางหลวง,89,1,42,52,17.8,5,0.034,ทางตรง+ไม่มีความลาดชัน,ขับรถเร็วเกินอัตรากำหนด
35,แสมดำ - สะพานข้ามแม่น้ำท่าจีนฝั่งตะวันตก,29,30,สมุทรสาคร,74,กรมทางหลวง,49,3,22,52,12.25,4,0.02,ทางตรง+ไม่มีความลาดชัน,ขับรถเร็วเกินอัตรากำหนด
3242,บางบอน - โรงพยาบาลบางปะกอก 8,18,19,กรุงเทพมหานคร,10,กรมทางหลวง,35,0,52,52,8.75,4,0.057,ทางตรง+ไม่มีความลาดชัน,ขับรถเร็วเกินอัตรากำหนด
32,ไชโย - สิงห์ใต้,83,84,สิงห์บุรี,17,กรมทางหลวง,25,2,32,52,5,5,0.12,ทางตรง+ไม่มีความลาดชัน,ขับรถเร็วเกินอัตรากำหนด
34,ทางเข้าท่าอากาศยานสุวรรณภูมิ - บางวัว,32,33,สมุทรปราการ,11,กรมทางหลวง,23,3,22,52,5.75,4,0,ทางตรง+ไม่มีความลาดชัน,ขับรถเร็วเกินอัตรากำหนด
22,หนองขาม - หนองหาน,31,32,อุดรธานี,41,กรมทางหลวง,14,3,22,52,3.5,4,0.5,ทางตรง+ไม่มีความลาดชัน,ขับรถเร็วเกินอัตรากำหนด
24,กระเทียม - ห้วยสำราญ,239,240,สุรินทร์,32,กรมทางหลวง,12,4,12,52,3,4,0,ทางตรง+ไม่มีความลาดชัน,ขับรถเร็วเกินอัตรากำหนด
316,เขาไร่ยา - จันทบุรี,5,6,จันทบุรี,22,กรมทางหลวง,12,4,12,52,2.4,5,0.333,ทางโค้งกว้าง+ไม่มีความลาดชัน,ขับรถเร็วเกินอัตรากำหนด
3,แม่น้ำตราด - หาดเล็ก,404,405,ตราด,23,กรมทางหลวง,12,4,12,52,2.4,5,0.5,ทางตรง+ไม่มีความลาดชัน,ขับรถเร็วเกินอัตรากำหนด
4,นาโหนด - ห้วยทราย,1193,1194,พัทลุง,93,กรมทางหลวง,11,4,12,52,3.67,3,0.364,ทางตรง+ไม่มีความลาดชัน,ขับรถเร็วเกินอัตรากำหนด
340,สุพรรณบุรี - ศรีประจันต์,102,103,สุพรรณบุรี,72,กรมทางหลวง,10,4,12,52,2.5,4,0,ทางตรง+ไม่มีความลาดชัน,ขับรถเร็วเกินอัตรากำหนด
11,หนองกลับ - เขาทราย,118,119,พิจิตร,66,กรมทางหลวง,5,5,2,52,1.67,3,0,ทางตรง+ไม่มีความลาดชัน,ขับรถย้อนศร
408,ทุ่งหวัง - นาทวี,189,190,สงขลา,90,กรมทางหลวง,4,5,2,52,1.33,3,0.25,ทางตรง+ไม่มีความลาดชัน,ขับรถเร็วเกินอัตรากำหนด
33,พระปรง - โนนจิก,246,247,สระแก้ว,27,กรมทางหลวง,4,5,2,52,1.33,3,0,ทางตรง+ไม่มีความลาดชัน,ขับรถเร็วเกินอัตรากำหนด
35,สะพานข้ามแม่น้ำท่าจีนฝั่งตะวันตก - นาโคก,38,39,สมุทรสาคร,74,กรมทางหลวง,78,3,21,51,19.5,4,0.013,ทางตรง+ไม่มีความลาดชัน,ขับรถเร็วเกินอัตรากำหนด
35,สะพานข้ามแม่น้ำท่าจีนฝั่งตะวันตก - นาโคก,30,31,สมุทรสาคร,74,กรมทางหลวง,72,4,11,51,18,4,0.014,ทางตรง+ที่ราบ,ขับรถเร็วเกินอัตรากำหนด
340,สาลี - สุพรรณบุรี,70,71,สุพรรณบุรี,72,กรมทางหลวง,48,2,31,51,9.6,5,0.042,ทางตรง+ไม่มีความลาดชัน,ขับรถเร็วเกินอัตรากำหนด
1001,เชียงใหม่ - บ้านโป่ง,9,10,เชียงใหม่,50,กรมทางหลวง,40,3,21,51,10,4,0.3,ทางตรง+ไม่มีความลาดชัน,ขับรถเร็วเกินอัตรากำหนด
304,สี่แยกกบินทร์บุรี - วังน้ำเขียว,209,210,ปราจีนบุรี,25,กรมทางหลวง,37,3,21,51,7.4,5,0.027,ทางโค้งกว้าง+ที่ลาดชัน,ขับรถเร็วเกินอัตรากำหนด
1,ดอนรังนก - หางน้ำหนองแขม,281,282,ชัยนาท,18,กรมทางหลวง,18,3,21,51,3.6,5,0.056,ทางตรง+ไม่มีความลาดชัน,ขับรถเร็วเกินอัตรากำหนด
41,เขาบ่อ - ท่าทอง,26,27,ชุมพร,86,กรมทางหลวง,18,3,21,51,3.6,5,0.111,ทางตรง+ไม่มีความลาดชัน,ขับรถเร็วเกินอัตรากำหนด
2,มวกเหล็ก - บ่อทอง,65,66,นครราชสีมา,30,กรมทางหลวง,16,3,21,51,4,4,0.688,ทางตรง+ที่ราบ,ขับรถเร็วเกินอัตรากำหนด
3,โพธิ์ทอง - บ้านพลิ้ว,333,334,จันทบุรี,22,กรมทางหลวง,14,4,11,51,2.8,5,0.143,ทางแยกรูปตัว T+ที่ราบ,ฝ่าฝืนสัญญาณไฟ/เครื่องหมายจราจร
420,วงแหวนรอบเมืองสุราษฎร์ธานี,2,3,สุราษฎร์ธานี,84,กรมทางหลวง,12,4,11,51,2.4,5,0.333,ทางตรง+ไม่มีความลาดชัน,ขับรถเร็วเกินอัตราที่กำหนด
36,มะขามคู่ - มาบข่า,29,30,ระยอง,21,กรมทางหลวง,10,4,11,51,3.33,3,0.2,ทางตรง+ไม่มีความลาดชัน,ขับรถเร็วเกินอัตราที่กำหนด
201,ปากปวน - ปากภู,352,353,เลย,42,กรมทางหลวง,10,3,21,51,2.5,4,0.3,ทางโค้งกว้าง+ไม่มีความลาดชัน,ขับรถเร็วเกินอัตรากำหนด
32,อยุธยา - นครหลวง,16,17,พระนครศรีอยุธยา,14,กรมทางหลวง,9,3,21,51,1.8,5,0.111,ทางตรง+ไม่มีความลาดชัน,หลับใน
1,ต่างระดับคลองหลวง - ประตูน้ำพระอินทร์,43,44,ปทุมธานี,13,กรมทางหลวง,8,5,1,51,2.67,3,0.125,ทางตรง+ไม่มีความลาดชัน,ขับรถเร็วเกินอัตรากำหนด
23,บ้านย่อ - บ้านสวน,198,199,ยโสธร,35,กรมทางหลวง,7,4,11,51,2.33,3,0,ทางตรง+ไม่มีความลาดชัน,ขับรถเร็วเกินอัตรากำหนด
สบ.1003,แยกทางหลวงหมายเลข 2 (กม.ที่ 126+250) - น้ำตกเจ็ดคต,4,5,สระบุรี,19,กรมทางหลวงชนบท,5,5,1,51,1.25,4,0.4,ทางตรง+ไม่มีความลาดชัน,ขับรถเร็วเกินอัตรากำหนด
1,บ้านหว้า - วังไผ่,335,336,นครสวรรค์,60,กรมทางหลวง,4,5,1,51,1.33,3,0,ทางตรง+ไม่มีความลาดชัน,ขับรถเร็วเกินอัตรากำหนด
118,ดอยนางแก้ว - แม่สรวย,55,56,เชียงราย,57,กรมทางหลวง,16,3,20,50,3.2,5,0.5,ทางโค้งกว้าง+ไม่มีความลาดชัน,ขับรถเร็วเกินอัตรากำหนด
4,หนองหมู - ห้วยยาง,303,304,ประจวบคีรีขันธ์,77,กรมทางหลวง,13,3,20,50,3.25,4,0.154,ทางตรง+ไม่มีความลาดชัน,ขับรถเร็วเกินอัตรากำหนด
4,สระพัง - เขาวัง,147,148,เพชรบุรี,76,กรมทางหลวง,13,2,30,50,2.6,5,0.154,ทางตรง+ไม่มีความลาดชัน,ขับรถเร็วเกินอัตรากำหนด
21,แยกมะนาวหวาน - ม่วงค่อม,51,52,ลพบุรี,16,กรมทางหลวง,8,2,30,50,2.67,3,0,ทางตรง+ไม่มีความลาดชัน,ขับรถเร็วเกินอัตรากำหนด
43,จะนะ - ปาแด,58,59,สงขลา,90,กรมทางหลวง,8,3,20,50,2,4,0,ทางตรง+ไม่มีความลาดชัน,หลับใน
304,เสม็ดเหนือ - พนมสารคาม,105,106,ฉะเชิงเทรา,24,กรมทางหลวง,6,4,10,50,2,3,0,ทางตรง+ไม่มีความลาดชัน,ขับรถเร็วเกินอัตรากำหนด
2050,อุบลราชธานี - ตระการพืชผล,10,11,อุบลราชธานี,34,กรมทางหลวง,6,4,10,50,2,3,0,ทางตรง+ไม่มีความลาดชัน,ขับรถเร็วเกินอัตรากำหนด
4,ห้วยชินสีห์ - ปากท่อ,115,116,ราชบุรี,70,กรมทางหลวง,5,4,10,50,1.67,3,0.2,ทางตรง+ไม่มีความลาดชัน,ขับรถเร็วเกินอัตรากำหนด
4,คลองท่อม - นาวง,1010,1011,กระบี่,81,กรมทางหลวง,4,1,40,50,1.33,3,0.25,ทางตรง+ไม่มีความลาดชัน,ขับรถเร็วเกินอัตรากำหนด
12,พิษณุโลก - ร้องโพธิ์,236,237,พิษณุโลก,65,กรมทางหลวง,3,4,10,50,1.5,2,0,ทางตรง+ไม่มีความลาดชัน,ขับรถเร็วเกินอัตรากำหนด
9,แขวงรามอินทรา - บางพลี,55,56,กรุงเทพมหานคร,10,กรมทางหลวง,70,0,49,49,14,5,0.129,ทางตรง+ไม่มีความลาดชัน,ขับรถเร็วเกินอัตรากำหนด
7,ตะเคียนเตี้ย - พลา,115,116,ชลบุรี,20,กรมทางหลวง,27,3,19,49,6.75,4,0.037,ทางตรง+ไม่มีความลาดชัน,ขับรถเร็วเกินอัตรากำหนด
103,แม่ยางฮ่อ - แม่ตีบ,33,34,แพร่,54,กรมทางหลวง,21,2,29,49,4.2,5,0.286,ทางโค้งกว้าง+ที่ลาดชัน,ขับรถเร็วเกินอัตรากำหนด
309,วังน้อย - บ้านสร้าง,5,6,พระนครศรีอยุธยา,14,กรมทางหลวง,20,2,29,49,4,5,0.05,ทางตรง+ไม่มีความลาดชัน,ขับรถเร็วเกินอัตรากำหนด
33,นาคู - ป่าโมก,33,34,อ่างทอง,15,กรมทางหลวง,16,4,9,49,4,4,0,ทางตรง+ไม่มีความลาดชัน,คน/รถ/สัตว์ตัดหน้ากระชั้นชิด
4,พัทลุง - นาโหนด,1166,1167,พัทลุง,93,กรมทางหลวง,15,4,9,49,3,5,0.267,ทางตรง+ไม่มีความลาดชัน,ขับรถเร็วเกินอัตรากำหนด
1,ต่างระดับบางปะอิน - หนองแค,65,66,พระนครศรีอยุธยา,14,กรมทางหลวง,15,2,29,49,3,5,0.067,ทางตรง+ไม่มีความลาดชัน,ขับรถเร็วเกินอัตรากำหนด
309,วังน้อย - บ้านสร้าง,2,3,พระนครศรีอยุธยา,14,กรมทางหลวง,14,3,19,49,3.5,4,0.214,ทางตรง+ไม่มีความลาดชัน,ขับรถเร็วเกินอัตรากำหนด
3,เขาสมิง - แม่น้ำตราด,393,394,ตราด,23,กรมทางหลวง,14,4,9,49,3.5,4,0.071,ทางตรง+ไม่มีความลาดชัน,ขับรถเร็วเกินอัตรากำหนด
340,สุพรรณบุรี - ศรีประจันต์,103,104,สุพรรณบุรี,72,กรมทางหลวง,9,4,9,49,2.25,4,0,ทางตรง+ไม่มีความลาดชัน,ขับรถเร็วเกินอัตรากำหนด
361,ทางเลี่ยงเมืองชลบุรี,10,11,ชลบุรี,20,กรมทางหลวง,8,3,19,49,2,4,0,ทางตรง+ไม่มีความลาดชัน,ขับรถเร็วเกินอัตรากำหนด
340,บางบัวทอง -  ลาดบัวหลวง,8,9,ปทุมธานี,13,กรมทางหลวง,7,4,9,49,1.75,4,0,ทางตรง+ไม่มีความลาดชัน,ขับรถเร็วเกินอัตรากำหนด
205,โคกสวาย - แขวงทางหลวงนครราชสีมาที่ 1,216,217,นครราชสีมา,30,กรมทางหลวง,7,4,9,49,1.4,5,0.143,ทางตรง+ไม่มีความลาดชัน,ขับรถเร็วเกินอัตรากำหนด
1,พาน - ร่องขุ่น,913,914,เชียงราย,57,กรมทางหลวง,7,4,9,49,1.75,4,0.143,ทางตรง+ไม่มีความลาดชัน,ขับรถเร็วเกินอัตรากำหนด
3,บ้านสิ้ว - โพธิ์ทอง,319,320,จันทบุรี,22,กรมทางหลวง,7,4,9,49,1.75,4,0.143,ทางตรง+ไม่มีความลาดชัน,ขับรถเร็วเกินอัตรากำหนด
3256,บางพลี - กิ่งแก้ว,17,18,สมุทรปราการ,11,กรมทางหลวง,5,2,29,49,1.67,3,0,ทางตรง+ไม่มีความลาดชัน,ขับรถเร็วเกินอัตรากำหนด
408,ปากระวะ - ม่วงงาม,84,85,สงขลา,90,กรมทางหลวง,5,4,9,49,1.25,4,0,ทางตรง+ไม่มีความลาดชัน,ขับรถเร็วเกินอัตรากำหนด
4,หนองหมู - ห้วยยาง,330,331,ประจวบคีรีขันธ์,77,กรมทางหลวง,3,4,9,49,1.5,2,0,ทางตรง+ไม่มีความลาดชัน,หลับใน
12,เมืองเก่า - สุโขทัย,167,168,สุโขทัย,64,กรมทางหลวง,33,0,48,48,8.25,4,0.03,ทางตรง+ไม่มีความลาดชัน,ขับรถเร็วเกินอัตรากำหนด
41,ท่าชี - ถ้ำพรรณรา,234,235,สุราษฎร์ธานี,84,กรมทางหลวง,15,4,8,48,3.75,4,0.333,ทางตรง+ไม่มีความลาดชัน,ขับรถเร็วเกินอัตรากำหนด
309,วังน้อย - บ้านสร้าง,3,4,พระนครศรีอยุธยา,14,กรมทางหลวง,15,3,18,48,3,5,0.067,ทางตรง+ไม่มีความลาดชัน,ขับรถเร็วเกินอัตรากำหนด
317,ปากแซง - หน้าค่าย ตชด.,2,3,จันทบุรี,22,กรมทางหลวง,10,4,8,48,2.5,4,0.3,ทางโค้งกว้าง+ไม่มีความลาดชัน,ขับรถเร็วเกินอัตรากำหนด
2,ตาลเดี่ยว - ซับบอน,19,20,สระบุรี,19,กรมทางหลวง,8,3,18,48,2,4,0,ทางตรง+ไม่มีความลาดชัน,หลับใน
3,นายายอาม - บ้านสิ้ว,288,289,จันทบุรี,22,กรมทางหลวง,8,4,8,48,1.6,5,0.125,ทางตรง+ไม่มีความลาดชัน,คน/รถ/สัตว์ตัดหน้ากระชั้นชิด
33,นาคู - ป่าโมก,19,20,พระนครศรีอยุธยา,14,กรมทางหลวง,7,4,8,48,2.33,3,0.143,ทางตรง+ไม่มีความลาดชัน,ขับรถเร็วเกินอัตรากำหนด
32,สิงห์ใต้ - สิงห์เหนือ,86,87,สิงห์บุรี,17,กรมทางหลวง,5,2,28,48,1.25,4,0.4,ทางตรง+ไม่มีความลาดชัน,ถนนลื่น
43,หาดใหญ่ - นาหม่อม,1,2,สงขลา,90,กรมทางหลวง,4,4,8,48,1.33,3,0,ทางตรง+ไม่มีความลาดชัน,ขับรถเร็วเกินอัตรากำหนด
2034,มุกดาหาร - นาสีนวน,7,8,มุกดาหาร,49,กรมทางหลวง,4,4,8,48,1.33,3,0,ทางตรง+ไม่มีความลาดชัน,ขับรถเร็วเกินอัตราที่กำหนด
35,ดาวคะนอง -  แสมดำ,4,5,กรุงเทพมหานคร,10,กรมทางหลวง,64,1,37,47,12.8,5,0.031,ทางตรง+ไม่มีความลาดชัน,ขับรถเร็วเกินอัตรากำหนด
7,หนองข้างคอก - ตะเคียนเตี้ย,86,87,ชลบุรี,20,กรมทางหลวง,52,3,17,47,10.4,5,0.058,ทางตรง+ไม่มีความลาดชัน,ขับรถเร็วเกินอัตรากำหนด
1,ต่างระดับบางปะอิน - หนองแค,58,59,พระนครศรีอยุธยา,14,กรมทางหลวง,32,1,37,47,6.4,5,0.063,ทางตรง+ไม่มีความลาดชัน,ขับรถเร็วเกินอัตรากำหนด
36,มะขามคู่ - มาบข่า,35,36,ระยอง,21,กรมทางหลวง,30,0,47,47,10,3,0.933,ทางตรง+ไม่มีความลาดชัน,ขับรถเร็วเกินอัตรากำหนด
3242,บางบอน - โรงพยาบาลบางปะกอก 8,16,17,กรุงเทพมหานคร,10,กรมทางหลวง,27,0,47,47,9,3,0.111,ทางตรง+ไม่มีความลาดชัน,ขับรถเร็วเกินอัตรากำหนด
11,ขุนตาน - อุโมงค์,528,529,ลำพูน,51,กรมทางหลวง,19,4,7,47,3.8,5,0.158,ทางตรง+ไม่มีความลาดชัน,ขับรถเร็วเกินอัตรากำหนด
41,ไม้เสียบ - สี่แยกโพธิ์ทอง,362,363,พัทลุง,93,กรมทางหลวง,11,3,17,47,2.2,5,0,ทางตรง+ไม่มีความลาดชัน,หลับใน
3,โพธิ์ทอง - บ้านพลิ้ว,339,340,จันทบุรี,22,กรมทางหลวง,10,4,7,47,2.5,4,0.2,ทางตรง+ไม่มีความลาดชัน,ขับรถเร็วเกินอัตรากำหนด
3312,ลำลูกกา - คลอง 16,16,17,ปทุมธานี,13,กรมทางหลวง,10,3,17,47,2.5,4,0,ทางตรง+ไม่มีความลาดชัน,ขับรถเร็วเกินอัตรากำหนด
317,ปากแซง - หน้าค่าย ตชด.,5,6,จันทบุรี,22,กรมทางหลวง,10,4,7,47,2.5,4,0.1,ทางตรง+ไม่มีความลาดชัน,หลับใน
41,ร่อนพิบูลย์  - ไม้เสียบ,322,323,นครศรีธรรมราช,80,กรมทางหลวง,10,4,7,47,2.5,4,0,ทางตรง+ไม่มีความลาดชัน,ขับรถเร็วเกินอัตรากำหนด
23,บ้านย่อ - บ้านสวน,215,216,ยโสธร,35,กรมทางหลวง,10,4,7,47,2.5,4,0,ทางตรง+ไม่มีความลาดชัน,ขับรถเร็วเกินอัตรากำหนด
รย.5050,แยกทางหลวงชนบท รย.4027 (กม.ที่ 5+100) - บ้านห้วยโป่ง,4,5,ระยอง,21,กรมทางหลวงชนบท,9,3,17,47,3,3,0,ทางสี่แยก,ขับรถเร็วเกินอัตรากำหนด
201,โนนสว่าง - ปากปวน,330,331,เลย,42,กรมทางหลวง,8,4,7,47,1.6,5,0,ทางตรง+ไม่มีความลาดชัน,ขับรถเร็วเกินอัตรากำหนด
202,ยโสธร- สะพานคลองลำเซ,267,268,ยโสธร,35,กรมทางหลวง,8,4,7,47,2,4,0,ทางตรง+ไม่มีความลาดชัน,ขับรถเร็วเกินอัตรากำหนด
1,นครชุม - วังเจ้า,466,467,กำแพงเพชร,62,กรมทางหลวง,7,3,17,47,2.33,3,0,ทางตรง+ไม่มีความลาดชัน,ขับรถเร็วเกินอัตรากำหนด
317,หน้าค่าย ตชด. - พังงอน,14,15,จันทบุรี,22,กรมทางหลวง,7,4,7,47,2.33,3,0.286,ทางตรง+ที่ราบ,ขับรถเร็วเกินอัตราที่กำหนด
3,บ้านสิ้ว - โพธิ์ทอง,312,313,จันทบุรี,22,กรมทางหลวง,7,4,7,47,2.33,3,0.143,ทางตรง+ไม่มีความลาดชัน,ขับรถเร็วเกินอัตรากำหนด
4,นาวง - ห้วยยอด,1064,1065,ตรัง,92,กรมทางหลวง,6,0,47,47,1.5,4,0,ทางตรง+ไม่มีความลาดชัน,คน/รถ/สัตว์ตัดหน้ากระชั้นชิด
41,เขาบ่อ - ท่าทอง,24,25,ชุมพร,86,กรมทางหลวง,6,4,7,47,1.5,4,0,ทางตรง+ไม่มีความลาดชัน,คน/รถ/สัตว์ตัดหน้ากระชั้นชิด
1,แยกประตูชัย - พาน,862,863,พะเยา,56,กรมทางหลวง,6,3,17,47,2,3,0,ทางตรง+ไม่มีความลาดชัน,ขับรถเร็วเกินอัตรากำหนด
202,ลำพังชู - ห้วยลำเตา,131,132,มหาสารคาม,44,กรมทางหลวง,5,2,27,47,1.67,3,0,ทางตรง+ไม่มีความลาดชัน,ขับรถเร็วเกินอัตราที่กำหนด
12,ขุมขี้ยาง - มุกดาหาร,750,751,มุกดาหาร,49,กรมทางหลวง,5,4,7,47,1.25,4,0,ทางตรง+ที่ราบ,คน/รถ/สัตว์ตัดหน้ากระชั้นชิด
359,เขามะกา - เขาหินซ้อน,54,55,ปราจีนบุรี,25,กรมทางหลวง,3,4,7,47,1,3,0,ทางตรง+ไม่มีความลาดชัน,ขับรถเร็วเกินอัตรากำหนด
9,แขวงรามอินทรา - บางพลี,49,50,กรุงเทพมหานคร,10,กรมทางหลวง,83,0,46,46,16.6,5,0.084,ทางตรง+ไม่มีความลาดชัน,ขับรถเร็วเกินอัตรากำหนด
35,ดาวคะนอง -  แสมดำ,11,12,กรุงเทพมหานคร,10,กรมทางหลวง,56,2,26,46,11.2,5,0.036,ทางตรง+ไม่มีความลาดชัน,ขับรถเร็วเกินอัตรากำหนด
35,แสมดำ - สะพานข้ามแม่น้ำท่าจีนฝั่งตะวันตก,15,16,สมุทรสาคร,74,กรมทางหลวง,43,1,36,46,10.75,4,0.023,ทางตรง+ไม่มีความลาดชัน,ขับรถเร็วเกินอัตรากำหนด
304,ฉะเชิงเทรา - เสม็ดเหนือ,80,81,ฉะเชิงเทรา,24,กรมทางหลวง,31,4,6,46,6.2,5,0.613,ทางตรง+ไม่มีความลาดชัน,ขับรถเร็วเกินอัตราที่กำหนด
1,ตาคลี - ดอนรังนก,258,259,นครสวรรค์,60,กรมทางหลวง,23,2,26,46,4.6,5,0.043,ทางตรง+ไม่มีความลาดชัน,ขับรถเร็วเกินอัตรากำหนด
4,สระพัง - เขาวัง,137,138,เพชรบุรี,76,กรมทางหลวง,18,2,26,46,3.6,5,0.278,ทางตรง+ไม่มีความลาดชัน,ขับรถเร็วเกินอัตรากำหนด
213,มหาสารคาม - หนองขอน,3,4,มหาสารคาม,44,กรมทางหลวง,10,4,6,46,3.33,3,0,ทางตรง+ไม่มีความลาดชัน,ขับรถเร็วเกินอัตราที่กำหนด
4,พังลา - จุดผ่านแดนถาวรสะเดา (เขตแดนไทย/มาเลเซีย),1300,1301,สงขลา,90,กรมทางหลวง,9,4,6,46,3,3,0.111,ทางตรง+ไม่มีความลาดชัน,ขับรถเร็วเกินอัตรากำหนด
2369,พระทองคำ - ดอนไผ่,16,17,นครราชสีมา,30,กรมทางหลวง,9,1,36,46,2.25,4,0.111,ทางแยกรูปตัว ++ที่ราบ,ขับรถเร็วเกินอัตรากำหนด
ชม.3035,แยกทางหลวงหมายเลข 108 (กม.ที่ 34+500) - บ้านร้อยจันทร์,21,22,เชียงใหม่,50,กรมทางหลวงชนบท,8,4,6,46,2,4,0,ทางตรง+ไม่มีความลาดชัน,ขับรถเร็วเกินอัตรากำหนด
32,อ่างทอง - ไชโย,53,54,อ่างทอง,15,กรมทางหลวง,7,4,6,46,1.75,4,0,ทางตรง+ไม่มีความลาดชัน,ขับรถเร็วเกินอัตรากำหนด
3113,สำโรง - สะพานภูมิพล,1,2,สมุทรปราการ,11,กรมทางหลวง,7,4,6,46,2.33,3,0,ทางตรง+ไม่มีความลาดชัน,ขับรถเร็วเกินอัตรากำหนด
4,หนองบ้วย - ห้วยทรายใต้,206,207,เพชรบุรี,76,กรมทางหลวง,7,4,6,46,1.75,4,0,ทางตรง+ไม่มีความลาดชัน,ขับรถเร็วเกินอัตรากำหนด
212,ห้วยสะแบก - อำนาจเจริญ,502,503,อำนาจเจริญ,37,กรมทางหลวง,6,4,6,46,2,3,0.167,ทางตรง+ไม่มีความลาดชัน,ขับรถเร็วเกินอัตรากำหนด
4,วังครก - เสียบญวณ,475,476,ชุมพร,86,กรมทางหลวง,5,3,16,46,1.67,3,0.4,ทางตรง+ไม่มีความลาดชัน,ขับรถเร็วเกินอัตรากำหนด
12,ตาก - หนองเสือ,116,117,ตาก,63,กรมทางหลวง,5,4,6,46,2.5,2,0,ทางแยกรูปตัว T+ที่ราบ,ขับรถเร็วเกินอัตรากำหนด
ปท.3004,แยกทางหลวงหมายเลข 305 (กม.ที่ 15+700) - บ้านลำลูกกา,6,7,ปทุมธานี,13,กรมทางหลวงชนบท,4,4,6,46,4,1,0,ทางตรง+ไม่มีความลาดชัน,ไม่คุ้นเคยเส้นทาง/ขับรถไม่ชำนาญ
2,พล - บ้านไผ่,268,269,ขอนแก่น,40,กรมทางหลวง,4,3,16,46,2,2,0,ทางตรง+ที่ราบ,ขับรถเร็วเกินอัตรากำหนด
12,หนองเสือ - วังวน,132,133,สุโขทัย,64,กรมทางหลวง,3,2,26,46,1,3,0,ทางแยกรูปตัว T+ที่ราบ,มีการตัดหน้าระยะกระชั้นชิด
202,ห้วยลำเตา - เกษตรวิสัย,185,186,ร้อยเอ็ด,45,กรมทางหลวง,3,4,6,46,1.5,2,0,ทางตรง+ไม่มีความลาดชัน,ขับรถเร็วเกินอัตรากำหนด
7,หนองข้างคอก - ตะเคียนเตี้ย,93,94,ชลบุรี,20,กรมทางหลวง,119,0,45,45,23.8,5,0.017,ทางตรง+ไม่มีความลาดชัน,ขับรถเร็วเกินอัตรากำหนด
9,แขวงรามอินทรา - บางพลี,48,49,กรุงเทพมหานคร,10,กรมทางหลวง,68,0,45,45,13.6,5,0.103,ทางตรง+ไม่มีความลาดชัน,ขับรถเร็วเกินอัตรากำหนด
4,วังครก - เสียบญวณ,482,483,ชุมพร,86,กรมทางหลวง,48,2,25,45,9.6,5,0.854,ทางตรง+ไม่มีความลาดชัน,ขับรถเร็วเกินอัตรากำหนด
9,พระประแดง - บางแค,2,3,พระนครศรีอยุธยา,14,กรมทางหลวง,46,2,25,45,9.2,5,0.043,ทางตรง+ไม่มีความลาดชัน,ขับรถเร็วเกินอัตรากำหนด
12,แม่ละเมา - ตาก,52,53,ตาก,63,กรมทางหลวง,35,3,15,45,8.75,4,0.114,ทางโค้งกว้าง+ที่ลาดชัน,ขับรถเร็วเกินอัตรากำหนด
11,หนองน้ำเขียว - ปางเคาะ,362,363,แพร่,54,กรมทางหลวง,33,2,25,45,8.25,4,0.485,ทางโค้งกว้าง+ไม่มีความลาดชัน,ขับรถเร็วเกินอัตรากำหนด
304,คลองหลวงแพ่ง - ฉะเชิงเทรา,64,65,ฉะเชิงเทรา,24,กรมทางหลวง,27,2,25,45,9,3,0.407,ทางตรง+ไม่มีความลาดชัน,ขับรถเร็วเกินอัตรากำหนด
3242,บางบอน - โรงพยาบาลบางปะกอก 8,17,18,กรุงเทพมหานคร,10,กรมทางหลวง,25,1,35,45,6.25,4,0.04,ทางตรง+ไม่มีความลาดชัน,ขับรถเร็วเกินอัตรากำหนด
1,ต่างระดับบางปะอิน - หนองแค,60,61,พระนครศรีอยุธยา,14,กรมทางหลวง,23,2,25,45,5.75,4,0,ทางตรง+ไม่มีความลาดชัน,ขับรถเร็วเกินอัตรากำหนด
32,นครหลวง - อ่างทอง,46,47,พระนครศรีอยุธยา,14,กรมทางหลวง,13,4,5,45,3.25,4,0.385,ทางตรง+ไม่มีความลาดชัน,ขับรถเร็วเกินอัตรากำหนด
32,ไชโย - สิงห์ใต้,68,69,สิงห์บุรี,17,กรมทางหลวง,12,4,5,45,2.4,5,0.083,ทางตรง+ไม่มีความลาดชัน,ขับรถเร็วเกินอัตรากำหนด
3902,พระประแดง - บางแค,9,10,กรุงเทพมหานคร,10,กรมทางหลวง,12,3,15,45,2.4,5,0,ทางตรง+ไม่มีความลาดชัน,ขับรถเร็วเกินอัตรากำหนด
304,วังน้ำเขียว - ดอนขวาง,222,223,นครราชสีมา,30,กรมทางหลวง,10,3,15,45,2.5,4,0.1,ทางโค้งกว้าง+ที่ลาดชัน,ขับรถเร็วเกินอัตรากำหนด
1,แยกสวนพฤกษศาสตร์พุแค - แยกโรงเรียนสุธีวิทยา,134,135,สระบุรี,19,กรมทางหลวง,9,3,15,45,2.25,4,0,ทางตรง+ไม่มีความลาดชัน,หลับใน
1,แยกประตูชัย - พาน,852,853,พะเยา,56,กรมทางหลวง,7,4,5,45,1.75,4,0,ทางตรง+ไม่มีความลาดชัน,คน/รถ/สัตว์ตัดหน้ากระชั้นชิด
4,เขาคราม - ตลาดเก่า,958,959,กระบี่,81,กรมทางหลวง,7,4,5,45,1.4,5,0.143,ทางตรง+ไม่มีความลาดชัน,ขับรถเร็วเกินอัตรากำหนด
22,สว่างแดนดิน-สูงเนิน,99,100,สกลนคร,47,กรมทางหลวง,7,4,5,45,1.75,4,0.143,ทางตรง+ไม่มีความลาดชัน,ขับรถเร็วเกินอัตรากำหนด
349,พนัสนิคม - หนองชาก,5,6,ชลบุรี,20,กรมทางหลวง,7,4,5,45,2.33,3,0,ทางตรง+ที่ราบ,ขับรถเร็วเกินอัตราที่กำหนด
3030,ดงมะขามเทศ - บางระจัน,5,6,สิงห์บุรี,17,กรมทางหลวง,6,4,5,45,3,2,0.167,ทางตรง+ไม่มีความลาดชัน,ขับรถเร็วเกินอัตราที่กำหนด
344,หนองรี - หนองปรือ,27,28,ชลบุรี,20,กรมทางหลวง,6,4,5,45,2,3,0,ทางตรง+ไม่มีความลาดชัน,ขับรถเร็วเกินอัตรากำหนด
3,หนองไม้แดง - ชลบุรี,91,92,ชลบุรี,20,กรมทางหลวง,6,2,25,45,1.5,4,0,ทางตรง+ไม่มีความลาดชัน,ขับรถเร็วเกินอัตรากำหนด
401,บางกุ้ง - เขาหัวช้าง,186,187,สุราษฎร์ธานี,84,กรมทางหลวง,6,3,15,45,2,3,0,ทางตรง+ไม่มีความลาดชัน,ขับรถเร็วเกินอัตรากำหนด
340,บางบัวทอง - ลาดบัวหลวง,11,12,ปทุมธานี,13,กรมทางหลวง,6,4,5,45,3,2,0.333,ทางตรง+ไม่มีความลาดชัน,ถนนลื่น
3245,อ่างเก็บน้ำหนองปลาไหล - หนองเสือช้าง,6,7,ระยอง,21,กรมทางหลวง,5,4,5,45,2.5,2,0,ทางตรง+ไม่มีความลาดชัน,ขับรถเร็วเกินอัตรากำหนด
323,แก่งประลอม - ทองผาภูมิ,194,195,กาญจนบุรี,71,กรมทางหลวง,5,4,5,45,1.25,4,0,ทางโค้งกว้าง+ไม่มีความลาดชัน,ขับรถเร็วเกินอัตรากำหนด
11,หนองน้ำเขียว - ปางเคาะ,373,374,แพร่,54,กรมทางหลวง,5,4,5,45,1.25,4,0,ทางตรง+ไม่มีความลาดชัน,ขับรถเร็วเกินอัตรากำหนด
3249,เขาไร่ยา - แพร่งขาหยั่ง,30,31,จันทบุรี,22,กรมทางหลวง,5,4,5,45,1.25,4,0,ทางโค้งกว้าง+ไม่มีความลาดชัน,ขับรถเร็วเกินอัตรากำหนด
41,หัวเตย - ท่าโรงช้าง,168,169,สุราษฎร์ธานี,84,กรมทางหลวง,5,4,5,45,1,5,0.2,ทางตรง+ไม่มีความลาดชัน,ขับรถเร็วเกินอัตรากำหนด
3,นายายอาม - บ้านสิ้ว,292,293,จันทบุรี,22,กรมทางหลวง,5,4,5,45,1.25,4,0.2,ทางตรง+ที่ราบ,ขับรถเร็วเกินอัตราที่กำหนด
4,นครชัยศรี - พระประโทน,41,42,นครปฐม,73,กรมทางหลวง,5,3,15,45,1.25,4,0,ทางตรง+ไม่มีความลาดชัน,ขับรถเร็วเกินอัตรากำหนด
4,หนองบ้วย - ห้วยทรายใต้,191,192,เพชรบุรี,76,กรมทางหลวง,4,4,5,45,1,4,0.25,ทางตรง+ไม่มีความลาดชัน,ขับรถเร็วเกินอัตรากำหนด
340,ลาดบัวหลวง - สาลี,40,41,พระนครศรีอยุธยา,14,กรมทางหลวง,4,3,15,45,1,4,0,ทางตรง+ไม่มีความลาดชัน,ขับรถเร็วเกินอัตรากำหนด
2381,นาเชือก - โพธิ์ทอง,16,17,มหาสารคาม,44,กรมทางหลวง,4,3,15,45,1.33,3,0,ทางตรง+ไม่มีความลาดชัน,คน/รถ/สัตว์ตัดหน้ากระชั้นชิด
1,เกษตรชัย - ตาคลี,243,244,นครสวรรค์,60,กรมทางหลวง,3,4,5,45,1,3,0,ทางโค้งปกติ+ที่ราบ,ขับรถเร็วเกินอัตราที่กำหนด
9,บางปะอิน - แขวงรามอินทรา,35,36,กรุงเทพมหานคร,10,กรมทางหลวง,86,0,44,44,17.2,5,0.209,ทางตรง+ไม่มีความลาดชัน,ขับรถเร็วเกินอัตรากำหนด
7,พิมพา - หนองข้างคอก,52,53,ฉะเชิงเทรา,24,กรมทางหลวง,47,2,24,44,9.4,5,0,ทางตรง+ไม่มีความลาดชัน,ขับรถเร็วเกินอัตรากำหนด
418,ยุโป - ท่าสาป,32,33,ยะลา,95,กรมทางหลวง,33,2,24,44,6.6,5,0.364,วงเวียน+ที่ราบ,ขับรถเร็วเกินอัตรากำหนด
317,หน้าค่าย ตชด. - พังงอน,28,29,จันทบุรี,22,กรมทางหลวง,22,2,24,44,5.5,4,0.591,ทางโค้งกว้าง+ที่ลาดชัน,ขับรถเร็วเกินอัตรากำหนด
35,นาโคก - แพรกหนามแดง,55,56,สมุทรสงคราม,75,กรมทางหลวง,22,2,24,44,4.4,5,0.045,ทางตรง+ไม่มีความลาดชัน,ขับรถเร็วเกินอัตรากำหนด
2331,โจ๊ะโหวะ - อุทยานแห่งชาติภูหินร่องกล้า,6,7,เพชรบูรณ์,67,กรมทางหลวง,18,1,34,44,3.6,5,0.056,ทางโค้งกว้าง+ที่ลาดชัน,ขับรถเร็วเกินอัตรากำหนด
34,ทางเข้าท่าอากาศยานสุวรรณภูมิ - บางวัว,31,32,สมุทรปราการ,11,กรมทางหลวง,15,3,14,44,3,5,0,ทางตรง+ไม่มีความลาดชัน,ขับรถเร็วเกินอัตรากำหนด
2,ไร่โคกสูง - โคกกรวด,121,122,นครราชสีมา,30,กรมทางหลวง,15,1,34,44,3,5,0.133,ทางตรง+ไม่มีความลาดชัน,ขับรถเร็วเกินอัตราที่กำหนด
4,นาโหนด - ห้วยทราย,1199,1200,พัทลุง,93,กรมทางหลวง,15,3,14,44,3,5,0.133,ทางตรง+ไม่มีความลาดชัน,ขับรถเร็วเกินอัตรากำหนด
401,บางกุ้ง - เขาหัวช้าง,166,167,สุราษฎร์ธานี,84,กรมทางหลวง,13,4,4,44,3.25,4,0,ทางตรง+ไม่มีความลาดชัน,ขับรถเร็วเกินอัตรากำหนด
1,วังเจ้า - ตาก,506,507,ตาก,63,กรมทางหลวง,12,2,24,44,3,4,0.083,ทางตรง+ไม่มีความลาดชัน,หลับใน
41,ถ้ำพรรณรา - ทุ่งสง,277,278,นครศรีธรรมราช,80,กรมทางหลวง,10,3,14,44,3.33,3,0,ทางตรง+ไม่มีความลาดชัน,ขับรถเร็วเกินอัตรากำหนด
103,แม่ยางฮ่อ - แม่ตีบ,17,18,แพร่,54,กรมทางหลวง,10,4,4,44,2,5,0.4,ทางตรง+ไม่มีความลาดชัน,ขับรถเร็วเกินอัตรากำหนด
4,นาโหนด - ห้วยทราย,1185,1186,พัทลุง,93,กรมทางหลวง,9,4,4,44,3,3,0.556,ทางตรง+ไม่มีความลาดชัน,ขับรถเร็วเกินอัตรากำหนด
42,กอตอ - ปูต๊ะ,184,185,นราธิวาส,96,กรมทางหลวง,9,3,14,44,2.25,4,0,ทางตรง+ไม่มีความลาดชัน,ขับรถเร็วเกินอัตรากำหนด
3260,สองพี่น้อง - มะขามล้ม,25,26,สุพรรณบุรี,72,กรมทางหลวง,9,3,14,44,3,3,0.111,ทางตรง+ไม่มีความลาดชัน,ขับรถเร็วเกินอัตรากำหนด
403,เสาธง - สวนผัก,15,16,นครศรีธรรมราช,80,กรมทางหลวง,9,3,14,44,2.25,4,0.333,ทางตรง+ไม่มีความลาดชัน,ขับรถเร็วเกินอัตรากำหนด
105,ห้วยบง - แม่สลิดหลวง,106,107,ตาก,63,กรมทางหลวง,8,4,4,44,2,4,0,ทางโค้งหักศอก+ที่ลาดชัน,ขับรถเร็วเกินอัตรากำหนด
4,สระพัง - เขาวัง,150,151,เพชรบุรี,76,กรมทางหลวง,8,4,4,44,2.67,3,0.625,ทางตรง+ไม่มีความลาดชัน,ขับรถเร็วเกินอัตรากำหนด
401,สิชล - ท่าแพ,269,270,นครศรีธรรมราช,80,กรมทางหลวง,6,4,4,44,2,3,0.5,ทางตรง+ไม่มีความลาดชัน,ขับรถเร็วเกินอัตรากำหนด
3079,ศรีมหาโพธิ - พญาจ่าย,27,28,ปราจีนบุรี,25,กรมทางหลวง,4,4,4,44,2,2,0,ทางตรง+ไม่มีความลาดชัน,ขับรถเร็วเกินอัตรากำหนด
สพ.3018,แยกทางหลวงหมายเลข 333 (กม.ที่ 33+600) - บ้านหนองปลิง,3,4,สุพรรณบุรี,72,กรมทางหลวงชนบท,4,4,4,44,4,1,0,ทางสามแยก(T),ขับรถเร็วเกินอัตรากำหนด
21,สะพานพุแค - แยกมะนาวหวาน,23,24,ลพบุรี,16,กรมทางหลวง,3,4,4,44,1.5,2,0,ทางตรง+ไม่มีความลาดชัน,ขับรถเร็วเกินอัตรากำหนด
304,สี่แยกกบินทร์บุรี - วังน้ำเขียว,190,191,ปราจีนบุรี,25,กรมทางหลวง,3,4,4,44,1,3,0.333,ทางตรง+ไม่มีความลาดชัน,ขับรถเร็วเกินอัตรากำหนด
402,โคกกลอย - หมากปรก,14,15,ภูเก็ต,83,กรมทางหลวง,3,3,14,44,1,3,0,ทางตรง+ไม่มีความลาดชัน,ขับรถเร็วเกินอัตรากำหนด
1,ปากดง - นครชุม,448,449,กำแพงเพชร,62,กรมทางหลวง,3,4,4,44,1,3,0.333,ทางตรง+ไม่มีความลาดชัน,หลับใน
24,หนองกี่ - นางรอง,104,105,บุรีรัมย์,31,กรมทางหลวง,3,4,4,44,1.5,2,0,ทางตรง+ไม่มีความลาดชัน,หลับใน
7,แขวงคลองสองต้นนุ่น - พิมพา,14,15,กรุงเทพมหานคร,10,กรมทางหลวง,60,1,33,43,12,5,0.083,ทางตรง+ไม่มีความลาดชัน,ขับรถเร็วเกินอัตรากำหนด
35,ดาวคะนอง -  แสมดำ,13,14,กรุงเทพมหานคร,10,กรมทางหลวง,51,2,23,43,10.2,5,0.078,ทางตรง+ไม่มีความลาดชัน,ขับรถเร็วเกินอัตรากำหนด
7,พิมพา - หนองข้างคอก,54,55,ฉะเชิงเทรา,24,กรมทางหลวง,50,3,13,43,10,5,0.04,ทางตรง+ไม่มีความลาดชัน,ขับรถเร็วเกินอัตรากำหนด
7,ตะเคียนเตี้ย - พลา,116,117,ชลบุรี,20,กรมทางหลวง,26,3,13,43,5.2,5,0,ทางตรง+ไม่มีความลาดชัน,ขับรถเร็วเกินอัตรากำหนด
3,เขาสมิง - แม่น้ำตราด,392,393,ตราด,23,กรมทางหลวง,20,2,23,43,4,5,0,ทางโค้งกว้าง+ที่ลาดชัน,ขับรถเร็วเกินอัตรากำหนด
340,สาลี - สุพรรณบุรี,72,73,สุพรรณบุรี,72,กรมทางหลวง,18,3,13,43,3.6,5,0,ทางตรง+ไม่มีความลาดชัน,ขับรถเร็วเกินอัตรากำหนด
32,อ่างทอง - ไชโย,59,60,อ่างทอง,15,กรมทางหลวง,17,3,13,43,3.4,5,0.059,ทางตรง+ไม่มีความลาดชัน,ขับรถเร็วเกินอัตรากำหนด
32,อ่างทอง - ไชโย,49,50,อ่างทอง,15,กรมทางหลวง,15,3,13,43,3,5,0.133,ทางตรง+ไม่มีความลาดชัน,ขับรถเร็วเกินอัตรากำหนด
4,บางสะพาน - น้ำรอด,389,390,ประจวบคีรีขันธ์,77,กรมทางหลวง,14,3,13,43,4.67,3,0.357,ทางโค้งกว้าง+ไม่มีความลาดชัน,ขับรถเร็วเกินอัตรากำหนด
22,หนองหาน - บ้านยา,40,41,อุดรธานี,41,กรมทางหลวง,13,2,23,43,2.6,5,0,ทางตรง+ไม่มีความลาดชัน,ขับรถเร็วเกินอัตรากำหนด
1,ดอนรังนก - หางน้ำหนองแขม,294,295,ชัยนาท,18,กรมทางหลวง,10,2,23,43,2.5,4,0,ทางตรง+ไม่มีความลาดชัน,ขับรถเร็วเกินอัตรากำหนด
34,บางนา - ทางเข้าท่าอากาศยานสุวรรณภูมิ,1,2,กรุงเทพมหานคร,10,กรมทางหลวง,10,3,13,43,3.33,3,0,ทางตรง+ไม่มีความลาดชัน,ขับรถเร็วเกินอัตรากำหนด
4,พ่อตาหินช้าง - วังครก,458,459,ชุมพร,86,กรมทางหลวง,10,3,13,43,3.33,3,0.2,ทางตรง+ที่ราบ,ขับรถเร็วเกินอัตราที่กำหนด
41,เกาะมุกข์ - ควนรา,128,129,สุราษฎร์ธานี,84,กรมทางหลวง,9,3,13,43,2.25,4,0.111,ทางตรง+ไม่มีความลาดชัน,ขับรถเร็วเกินอัตรากำหนด
1,ต่างระดับคลองหลวง - ประตูน้ำพระอินทร์,39,40,ปทุมธานี,13,กรมทางหลวง,9,4,3,43,2.25,4,0,ทางตรง+ไม่มีความลาดชัน,ขับรถเร็วเกินอัตรากำหนด
3365,สามชุก - หนองอีพัง,5,6,สุพรรณบุรี,72,กรมทางหลวง,9,3,13,43,1.8,5,0.111,ทางตรง+ที่ราบ,ฝ่าฝืนป้ายหยุดขณะออกจากทางร่วมทางแยก
36,มะขามคู่ - มาบข่า,33,34,ระยอง,21,กรมทางหลวง,9,2,23,43,2.25,4,0.111,ทางตรง+ไม่มีความลาดชัน,ขับรถเร็วเกินอัตรากำหนด
32,อยุธยา - นครหลวง,18,19,พระนครศรีอยุธยา,14,กรมทางหลวง,8,4,3,43,2.67,3,0,ทางตรง+ไม่มีความลาดชัน,ขับรถเร็วเกินอัตรากำหนด
323,หนองเสือ - ท่าน้ำตื้น,44,45,กาญจนบุรี,71,กรมทางหลวง,8,3,13,43,1.6,5,0,ทางแยกรูปตัว ++ที่ราบ,ขับรถเร็วเกินอัตรากำหนด
22,สูงเนิน - ท่าแร่,157,158,สกลนคร,47,กรมทางหลวง,8,4,3,43,1.6,5,0,ทางตรง+ไม่มีความลาดชัน,ขับรถเร็วเกินอัตรากำหนด
4103,เบญจม - จังหูน,23,24,นครศรีธรรมราช,80,กรมทางหลวง,8,3,13,43,2.67,3,0.25,ทางตรง+ไม่มีความลาดชัน,ขับรถเร็วเกินอัตรากำหนด
304,ดอนขวาง - โพธิ์กลาง,277,278,นครราชสีมา,30,กรมทางหลวง,7,0,43,43,2.33,3,0,ทางตรง+ไม่มีความลาดชัน,ขับรถเร็วเกินอัตรากำหนด
41,เขาบ่อ - ท่าทอง,38,39,ชุมพร,86,กรมทางหลวง,7,0,43,43,1.75,4,0.143,ทางตรง+ไม่มีความลาดชัน,ขับรถเร็วเกินอัตรากำหนด
33,พระปรง - โนนจิก,241,242,สระแก้ว,27,กรมทางหลวง,7,4,3,43,1.75,4,0,ทางตรง+ไม่มีความลาดชัน,ขับรถเร็วเกินอัตรากำหนด
304,ดอนขวาง - โพธิ์กลาง,288,289,นครราชสีมา,30,กรมทางหลวง,7,4,3,43,2.33,3,0.143,ทางตรง+ไม่มีความลาดชัน,ขับรถเร็วเกินอัตรากำหนด
3319,บันไดสามขั้น - ทัพทัน,23,24,อุทัยธานี,61,กรมทางหลวง,6,4,3,43,1.5,4,0,ทางตรง+ไม่มีความลาดชัน,หลับใน
105,แม่สอด - ห้วยบง,6,7,ตาก,63,กรมทางหลวง,6,4,3,43,3,2,0.167,ทางตรง+ไม่มีความลาดชัน,ขับรถเร็วเกินอัตรากำหนด
117,คลองพลังด้านใต้ - เนินสว่าง,63,64,พิจิตร,66,กรมทางหลวง,6,4,3,43,2,3,0.167,ทางตรง+ไม่มีความลาดชัน,หลับใน
2169,ยโสธร - กุดชุม,7,8,ยโสธร,35,กรมทางหลวง,5,4,3,43,1.25,4,0,ทางตรง+ไม่มีความลาดชัน,ขับรถเร็วเกินอัตรากำหนด
1,วังม่วง - แม่เชียงรายบน,570,571,ตาก,63,กรมทางหลวง,5,4,3,43,1.67,3,0,ทางโค้งกว้าง+ไม่มีความลาดชัน,หลับใน
352,ธัญบุรี - คลองระพีพัฒน์,6,7,ปทุมธานี,13,กรมทางหลวง,5,4,3,43,2.5,2,0,ทางตรง+ที่ราบ,ฝ่าฝืนป้ายหยุดขณะออกจากทางร่วมแยก
สบ.4005,แยกทางหลวงหมายเลข 2247 (กม.ที่ 3+130) - บ้านวังม่วง,30,31,สระบุรี,19,กรมทางหลวงชนบท,4,4,3,43,1.33,3,0,ทางสี่แยก,ฝ่าฝืนสัญญาณไฟ/เครื่องหมายจราจร
102,ห้วยไผ่ - ห้วยช้าง,6,7,อุตรดิตถ์,53,กรมทางหลวง,4,4,3,43,2,2,0,ทางแยกรูปตัว T+ที่ราบ,มีการตัดหน้าระยะกระชั้นชิด
ปท.3006,แยกทางหลวงหมายเลข 305 (กม.ที่ 18+700) - บ้านคลองแปด,6,7,ปทุมธานี,13,กรมทางหลวงชนบท,4,4,3,43,1.33,3,0,ทางตรง+ไม่มีความลาดชัน,คน/รถ/สัตว์ตัดหน้ากระชั้นชิด
23,ร้อยเอ็ด - เสลภูมิ,130,131,ร้อยเอ็ด,45,กรมทางหลวง,4,4,3,43,1.33,3,0,ทางตรง+ไม่มีความลาดชัน,ขับรถเร็วเกินอัตรากำหนด
131,ทางเลี่ยงเมืองเชียงราย,2,3,เชียงราย,57,กรมทางหลวง,3,4,3,43,1.5,2,0,ทางตรง+ไม่มีความลาดชัน,ขับรถเร็วเกินอัตรากำหนด
7,แขวงคลองสองต้นนุ่น - พิมพา,12,13,กรุงเทพมหานคร,10,กรมทางหลวง,111,1,32,42,22.2,5,0.054,ทางตรง+ไม่มีความลาดชัน,ขับรถเร็วเกินอัตรากำหนด
35,ดาวคะนอง -  แสมดำ,6,7,กรุงเทพมหานคร,10,กรมทางหลวง,73,0,42,42,14.6,5,0.055,ทางตรง+ไม่มีความลาดชัน,ขับรถเร็วเกินอัตรากำหนด
2,มวกเหล็ก - บ่อทอง,39,40,นครราชสีมา,30,กรมทางหลวง,38,1,32,42,7.6,5,0.368,ทางตรง+ไม่มีความลาดชัน,ขับรถเร็วเกินอัตรากำหนด
31,ดินแดง - งามวงศ์วาน,8,9,กรุงเทพมหานคร,10,กรมทางหลวง,26,2,22,42,6.5,4,0,ทางตรง+ไม่มีความลาดชัน,ขับรถเร็วเกินอัตรากำหนด
41,สวนสมบูรณ์ - เกาะมุกข์,104,105,สุราษฎร์ธานี,84,กรมทางหลวง,24,2,22,42,4.8,5,0.458,ทางตรง+ไม่มีความลาดชัน,ขับรถเร็วเกินอัตรากำหนด
35,นาโคก - แพรกหนามแดง,63,64,สมุทรสงคราม,75,กรมทางหลวง,20,3,12,42,4,5,0.35,ทางตรง+ไม่มีความลาดชัน,ขับรถเร็วเกินอัตรากำหนด
344,หนองปรือ - คลองเขต,44,45,ชลบุรี,20,กรมทางหลวง,20,3,12,42,5,4,0.45,ทางตรง+ไม่มีความลาดชัน,ขับรถเร็วเกินอัตรากำหนด
1020,ชมภู - เชียงของ,135,136,เชียงราย,57,กรมทางหลวง,15,3,12,42,3,5,0,ทางเชื่อมเข้าพื้นที่สาธารณะ/เชิงพาณิชย์,ขับรถเร็วเกินอัตรากำหนด
4,พ่อตาหินช้าง - วังครก,456,457,ชุมพร,86,กรมทางหลวง,14,3,12,42,4.67,3,0.357,ทางตรง+ไม่มีความลาดชัน,ขับรถเร็วเกินอัตรากำหนด
4,วังครก - เสียบญวณ,478,479,ชุมพร,86,กรมทางหลวง,13,3,12,42,3.25,4,0.231,ทางตรง+ไม่มีความลาดชัน,ขับรถเร็วเกินอัตรากำหนด
41,สี่แยกโพธิ์ทอง - พัทลุง,380,381,พัทลุง,93,กรมทางหลวง,13,3,12,42,2.6,5,0.077,ทางตรง+ไม่มีความลาดชัน,ขับรถเร็วเกินอัตรากำหนด
105,ห้วยบง - แม่สลิดหลวง,35,36,ตาก,63,กรมทางหลวง,11,3,12,42,2.75,4,0,ทางแยกรูปตัว T+ที่ราบ,มีการตัดหน้าระยะกระชั้นชิด
324,กาญจนบุรี - หนองขาว,6,7,กาญจนบุรี,71,กรมทางหลวง,10,3,12,42,2.5,4,0.1,ทางโค้งกว้าง+ไม่มีความลาดชัน,ขับรถเร็วเกินอัตรากำหนด
344,หนองปรือ - คลองเขต,32,33,ชลบุรี,20,กรมทางหลวง,10,3,12,42,3.33,3,0.2,ทางตรง+ไม่มีความลาดชัน,ขับรถเร็วเกินอัตรากำหนด
41,ถ้ำพรรณรา - ทุ่งสง,251,252,นครศรีธรรมราช,80,กรมทางหลวง,9,0,42,42,2.25,4,0,ทางตรง+ไม่มีความลาดชัน,ขับรถเร็วเกินอัตรากำหนด
3195,วิเศษชัยชาญ - ป่างิ้ว,26,27,อ่างทอง,15,กรมทางหลวง,9,3,12,42,3,3,0,ทางแยกรูปตัว ++ที่ราบ,ขับรถเร็วเกินอัตรากำหนด
21,ศรีเทพ - ซับสมอทอด,125,126,เพชรบูรณ์,67,กรมทางหลวง,8,3,12,42,2.67,3,0,ทางตรง+ไม่มีความลาดชัน,ขับรถเร็วเกินอัตรากำหนด
21,วังชมภู - บ้านโตก,214,215,เพชรบูรณ์,67,กรมทางหลวง,8,3,12,42,2.67,3,0,ทางตรง+ไม่มีความลาดชัน,หลับใน
37,วังโบสถ์ - ปราณบุรี,37,38,ประจวบคีรีขันธ์,77,กรมทางหลวง,8,4,2,42,2,4,0,ทางตรง+ไม่มีความลาดชัน,ขับรถเร็วเกินอัตรากำหนด
12,กลางสะพานมิตรภาพที่แม่สอด(เขตแดน ไทย / พม่า) - แม่ละเมา,4,5,ตาก,63,กรมทางหลวง,7,3,12,42,1.75,4,0.143,ทางตรง+ไม่มีความลาดชัน,ขับรถเร็วเกินอัตรากำหนด
ชม.3035,แยกทางหลวงหมายเลข 108 (กม.ที่ 34+500) - บ้านร้อยจันทร์,8,9,เชียงใหม่,50,กรมทางหลวงชนบท,7,4,2,42,3.5,2,0,ทางโค้งกว้าง+ไม่มีความลาดชัน,ขับรถเร็วเกินอัตรากำหนด
24,กระเทียม - ห้วยสำราญ,217,218,สุรินทร์,32,กรมทางหลวง,7,3,12,42,2.33,3,0,ทางตรง+ที่ราบ,หลับใน
205,เทศบาลลำนารายณ์ - ช่องสำราญ,91,92,ลพบุรี,16,กรมทางหลวง,6,3,12,42,1.5,4,0,ทางตรง+ที่ราบ,ขับรถเร็วเกินอัตรากำหนด
331,สี่แยกนาน้อย - เขาหินซ้อน,131,132,ฉะเชิงเทรา,24,กรมทางหลวง,4,3,12,42,1.33,3,0,ทางตรง+ไม่มีความลาดชัน,สูญเสียการควบคุม
ปท.3017,แยกทางหลวงหมายเลข 305 (กม.ที่ 7+700) - บ้านปากคลองสี่ (ถนนสาย ง ถนนไสวประชาราษฎร์ ผังเมืองรวมเมืองคูคต),4,5,ปทุมธานี,13,กรมทางหลวงชนบท,4,4,2,42,4,1,0,ทางตรง,ขับรถเร็วเกินอัตรากำหนด
22,หนองขาม - หนองหาน,7,8,อุดรธานี,41,กรมทางหลวง,4,3,12,42,1.33,3,0.25,ทางตรง+ไม่มีความลาดชัน,ขับรถเร็วเกินอัตรากำหนด
4169,ทางรอบเกาะสมุย,29,30,สุราษฎร์ธานี,84,กรมทางหลวง,4,4,2,42,1.33,3,0,ทางแยกรูปตัว T+ที่ราบ,คน/รถ/สัตว์ตัดหน้ากระชั้นชิด
3312,,8,9,ปทุมธานี,13,กรมทางหลวง,4,4,2,42,4,1,0,ทางตรง+ไม่มีความลาดชัน,ขับรถเร็วเกินอัตรากำหนด
333,บ้านไร่ - การุ้ง,83,84,อุทัยธานี,61,กรมทางหลวง,3,4,2,42,1,3,0,ทางโค้งปกติ+ที่ราบ,ขับรถเร็วเกินอัตรากำหนด
1,เขาวงพระจันทร์ - โรงเรียนยงค์สุรีย์,196,197,ลพบุรี,16,กรมทางหลวง,3,4,2,42,1.5,2,0.333,ทางตรง+ไม่มีความลาดชัน,ขับรถเร็วเกินอัตรากำหนด
4,พรุพ้อ - เนินพิชัย,1233,1234,สงขลา,90,กรมทางหลวง,3,2,22,42,1.5,2,0,ทางตรง+ไม่มีความลาดชัน,หลับใน
2096,หนองเม็ก - บ้านดุง,34,35,อุดรธานี,41,กรมทางหลวง,3,3,12,42,1,3,0,ทางตรง+ไม่มีความลาดชัน,ขับรถเร็วเกินอัตรากำหนด
9,แขวงรามอินทรา - บางพลี,62,63,กรุงเทพมหานคร,10,กรมทางหลวง,76,0,41,41,15.2,5,0.066,ทางตรง+ไม่มีความลาดชัน,ขับรถเร็วเกินอัตรากำหนด
7,พิมพา - หนองข้างคอก,48,49,ฉะเชิงเทรา,24,กรมทางหลวง,67,1,31,41,13.4,5,0.06,ทางตรง+ไม่มีความลาดชัน,ขับรถเร็วเกินอัตรากำหนด
340,สาลี - สุพรรณบุรี,56,57,สุพรรณบุรี,72,กรมทางหลวง,49,2,21,41,9.8,5,0.02,ทางตรง+ไม่มีความลาดชัน,ขับรถเร็วเกินอัตรากำหนด
3,บ้านสิ้ว - โพธิ์ทอง,317,318,จันทบุรี,22,กรมทางหลวง,19,3,11,41,3.8,5,0.474,ทางตรง+ไม่มีความลาดชัน,ขับรถเร็วเกินอัตรากำหนด
34,ทางเข้าท่าอากาศยานสุวรรณภูมิ - บางวัว,29,30,สมุทรปราการ,11,กรมทางหลวง,17,2,21,41,3.4,5,0,ทางตรง+ไม่มีความลาดชัน,ขับรถเร็วเกินอัตราที่กำหนด
41,ท่าชี - ถ้ำพรรณรา,232,233,สุราษฎร์ธานี,84,กรมทางหลวง,14,2,21,41,2.8,5,0.071,ทางตรง+ไม่มีความลาดชัน,ขับรถเร็วเกินอัตรากำหนด
323,ทองผาภูมิ - เจดีย์สามองค์,265,266,กาญจนบุรี,71,กรมทางหลวง,13,3,11,41,3.25,4,0.308,ทางโค้งกว้าง+ที่ลาดชัน,ระบบห้ามล้อขัดข้อง/ระบบเบรกชำรุด
340,สุพรรณบุรี - ศรีประจันต์,91,92,สุพรรณบุรี,72,กรมทางหลวง,12,3,11,41,3,4,0,ทางตรง+ไม่มีความลาดชัน,ขับรถเร็วเกินอัตรากำหนด
4,เขาวัง - หนองบ้วย,171,172,เพชรบุรี,76,กรมทางหลวง,11,3,11,41,2.75,4,0,ทางตรง+ไม่มีความลาดชัน,ขับรถเร็วเกินอัตรากำหนด
344,หนองปรือ - คลองเขต,46,47,ชลบุรี,20,กรมทางหลวง,11,3,11,41,2.75,4,0.364,ทางตรง+ไม่มีความลาดชัน,ขับรถเร็วเกินอัตรากำหนด
317,ปากแซง - หน้าค่าย ตชด.,6,7,จันทบุรี,22,กรมทางหลวง,9,3,11,41,2.25,4,0.333,ทางตรง+ไม่มีความลาดชัน,ฝ่าฝืนสัญญาณไฟ/เครื่องหมายจราจร
12,พรหมนิมิตร - ห้วยสีดา,583,584,มหาสารคาม,44,กรมทางหลวง,9,3,11,41,3,3,0.111,ทางตรง+ไม่มีความลาดชัน,ขับรถเร็วเกินอัตรากำหนด
4,บางสะพาน - น้ำรอด,396,397,ประจวบคีรีขันธ์,77,กรมทางหลวง,9,4,1,41,2.25,4,0,ทางตรง+ไม่มีความลาดชัน,ขับรถเร็วเกินอัตรากำหนด
32,บางปะอิน - อยุธยา,0,1,พระนครศรีอยุธยา,14,กรมทางหลวง,9,2,21,41,1.8,5,0.111,ทางแยกต่างระดับ / Ramps+ที่ราบ,ขับรถเร็วเกินอัตรากำหนด
นศ.3027,แยกทางหลวงหมายเลข 401 (กม.ที่ 17+400) - บ้านกลาง,2,3,นครศรีธรรมราช,80,กรมทางหลวงชนบท,8,3,11,41,2.67,3,0,ทางตรง+ไม่มีความลาดชัน,ขับรถเร็วเกินอัตรากำหนด
43,ปาแด - มะพร้าวต้นเดียว,87,88,ปัตตานี,94,กรมทางหลวง,7,3,11,41,2.33,3,0,ทางแยกรูปตัว ++ที่ราบ,ขับรถเร็วเกินอัตราที่กำหนด
2169,ยโสธร - กุดชุม,5,6,ยโสธร,35,กรมทางหลวง,7,3,11,41,1.75,4,0,ทางตรง+ไม่มีความลาดชัน,ขับรถเร็วเกินอัตรากำหนด
357,ถนนวงแหวนรอบเมืองสุพรรณบุรี,6,7,สุพรรณบุรี,72,กรมทางหลวง,7,3,11,41,1.75,4,0.143,ทางตรง+ไม่มีความลาดชัน,หลับใน
4,บางสะพาน - น้ำรอด,391,392,ประจวบคีรีขันธ์,77,กรมทางหลวง,6,4,1,41,3,2,0,ทางตรง+ไม่มีความลาดชัน,ขับรถเร็วเกินอัตราที่กำหนด
ชน.4054,แยกทางหลวงหมายเลข 3183 (กม.ที่ 20+450) - แยกทางหลวงหมายเลข 3496 (กม.ที่ 27+400) (ช่วงหันคา),37,38,ชัยนาท,18,กรมทางหลวงชนบท,5,4,1,41,2.5,2,0,ทางตรง+ไม่มีความลาดชัน,ขับรถเร็วเกินอัตรากำหนด
333,สระกระโจม - บ้านไร่,47,48,สุพรรณบุรี,72,กรมทางหลวง,5,4,1,41,1.67,3,0,ทางตรง+ไม่มีความลาดชัน,ขับรถเร็วเกินอัตรากำหนด
3268,บางพลี - บางบ่อ,23,24,สมุทรปราการ,11,กรมทางหลวง,4,4,1,41,1.33,3,0,ทางตรง+ที่ราบ,ขับรถเร็วเกินอัตรากำหนด
2141,ตาดข่า - ภูป่าไผ่,20,21,เลย,42,กรมทางหลวง,4,4,1,41,1.33,3,0,ทางตรง+ไม่มีความลาดชัน,ขับรถเร็วเกินอัตรากำหนด
1,วังม่วง - แม่เชียงรายบน,547,548,ตาก,63,กรมทางหลวง,4,0,41,41,1,4,0,ทางตรง+ไม่มีความลาดชัน,ระบบห้ามล้อขัดข้อง/ระบบเบรกชำรุด
4013,นครศรีธรรมราช - ปากพนัง,23,24,นครศรีธรรมราช,80,กรมทางหลวง,4,4,1,41,1.33,3,0.25,ทางตรง+ไม่มีความลาดชัน,ขับรถเร็วเกินอัตรากำหนด
3348,หนองขอน - จันทนิมิต,3,4,จันทบุรี,22,กรมทางหลวง,4,4,1,41,1.33,3,0.25,ทางตรง+ที่ราบ,แซงรถอย่างผิดกฎหมาย
1001,บ้านโป่ง - พร้าว,86,87,เชียงใหม่,50,กรมทางหลวง,4,4,1,41,1.33,3,0,ทางตรง+ที่ราบ,ขับรถเร็วเกินอัตราที่กำหนด
408,เฉลิมพระเกียรติ - ปากระวะ,34,35,นครศรีธรรมราช,80,กรมทางหลวง,4,4,1,41,2,2,0.25,ทางตรง+ไม่มีความลาดชัน,ขับรถเร็วเกินอัตรากำหนด
4,ตลาดเก่า - คลองท่อม,992,993,กระบี่,81,กรมทางหลวง,3,4,1,41,1.5,2,0,ทางตรง+ไม่มีความลาดชัน,ขับรถเร็วเกินอัตรากำหนด
21,ซับสมอทอด - หนองไผ่,144,145,เพชรบูรณ์,67,กรมทางหลวง,3,3,11,41,1.5,2,0,ทางตรง+ไม่มีความลาดชัน,ขับรถเร็วเกินอัตรากำหนด
35,สะพานข้ามแม่น้ำท่าจีนฝั่งตะวันตก - นาโคก,36,37,สมุทรสาคร,74,กรมทางหลวง,138,1,30,40,34.5,4,0.007,ทางตรง+ไม่มีความลาดชัน,ขับรถเร็วเกินอัตรากำหนด
9,แขวงรามอินทรา - บางพลี,53,54,กรุงเทพมหานคร,10,กรมทางหลวง,69,0,40,40,13.8,5,0.188,ทางตรง+ไม่มีความลาดชัน,ขับรถเร็วเกินอัตรากำหนด
9,บางปะอิน - แขวงรามอินทรา,15,16,ปทุมธานี,13,กรมทางหลวง,69,1,30,40,13.8,5,0.043,ทางตรง+ไม่มีความลาดชัน,ขับรถเร็วเกินอัตรากำหนด
9,แขวงรามอินทรา - บางพลี,63,64,สมุทรปราการ,11,กรมทางหลวง,57,1,30,40,11.4,5,0.14,ทางตรง+ไม่มีความลาดชัน,ขับรถเร็วเกินอัตรากำหนด
7,พิมพา - หนองข้างคอก,63,64,ชลบุรี,20,กรมทางหลวง,46,2,20,40,9.2,5,0,ทางตรง+ไม่มีความลาดชัน,ขับรถเร็วเกินอัตรากำหนด
340,สุพรรณบุรี - ศรีประจันต์,86,87,สุพรรณบุรี,72,กรมทางหลวง,35,2,20,40,8.75,4,0,ทางตรง+ไม่มีความลาดชัน,ขับรถเร็วเกินอัตรากำหนด
340,สาลี - สุพรรณบุรี,60,61,สุพรรณบุรี,72,กรมทางหลวง,32,2,20,40,6.4,5,0,ทางตรง+ไม่มีความลาดชัน,ขับรถเร็วเกินอัตรากำหนด
304,สี่แยกกบินทร์บุรี - วังน้ำเขียว,177,178,ปราจีนบุรี,25,กรมทางหลวง,31,2,20,40,6.2,5,0.032,ทางตรง+ที่ราบ,ขับรถเร็วเกินอัตราที่กำหนด
2,มวกเหล็ก - บ่อทอง,62,63,นครราชสีมา,30,กรมทางหลวง,28,3,10,40,7,4,0.321,ทางตรง+ไม่มีความลาดชัน,ขับรถเร็วเกินอัตรากำหนด
34,บางปะกง - หนองไม้แดง,55,56,ชลบุรี,20,กรมทางหลวง,26,3,10,40,5.2,5,0,ทางตรง+ไม่มีความลาดชัน,ขับรถเร็วเกินอัตรากำหนด
32,อ่างทอง - ไชโย,54,55,อ่างทอง,15,กรมทางหลวง,23,2,20,40,4.6,5,0.348,ทางตรง+ไม่มีความลาดชัน,ขับรถเร็วเกินอัตรากำหนด
4,ตรัง - เขาพับผ้า,1129,1130,ตรัง,92,กรมทางหลวง,22,2,20,40,4.4,5,0.636,ทางโค้งปกติ+บนช่วงลาดชัน,ขับรถเร็วเกินอัตราที่กำหนด
1,ต่างระดับบางปะอิน - หนองแค,66,67,พระนครศรีอยุธยา,14,กรมทางหลวง,21,2,20,40,4.2,5,0.095,ทางโค้งกว้าง+ไม่มีความลาดชัน,ขับรถเร็วเกินอัตรากำหนด
344,หนองปรือ - คลองเขต,56,57,ชลบุรี,20,กรมทางหลวง,15,1,30,40,3.75,4,0.2,ทางตรง+ไม่มีความลาดชัน,ขับรถเร็วเกินอัตรากำหนด
317,หน้าค่าย ตชด. - พังงอน,21,22,จันทบุรี,22,กรมทางหลวง,14,2,20,40,3.5,4,0.214,ทางตรง+ไม่มีความลาดชัน,ขับรถเร็วเกินอัตรากำหนด
3,เขาสมิง - แม่น้ำตราด,391,392,ตราด,23,กรมทางหลวง,13,3,10,40,2.6,5,0.231,ทางตรง+ไม่มีความลาดชัน,ขับรถเร็วเกินอัตรากำหนด
317,หน้าค่าย ตชด. - พังงอน,34,35,จันทบุรี,22,กรมทางหลวง,12,2,20,40,2.4,5,0.333,ทางตรง+ไม่มีความลาดชัน,ขับรถเร็วเกินอัตรากำหนด
3,นายายอาม - บ้านสิ้ว,307,308,จันทบุรี,22,กรมทางหลวง,11,2,20,40,2.2,5,0.182,ทางตรง+ไม่มีความลาดชัน,ขับรถเร็วเกินอัตรากำหนด
34,ทางเข้าท่าอากาศยานสุวรรณภูมิ - บางวัว,24,25,สมุทรปราการ,11,กรมทางหลวง,10,3,10,40,2,5,0,ทางตรง+ไม่มีความลาดชัน,ขับรถเร็วเกินอัตรากำหนด
4,พังลา - จุดผ่านแดนถาวรสะเดา (เขตแดนไทย/มาเลเซีย),1276,1277,สงขลา,90,กรมทางหลวง,10,3,10,40,2.5,4,0.3,ทางตรง+ไม่มีความลาดชัน,ขับรถเร็วเกินอัตรากำหนด
3064,อ่างทอง - ปากดง,6,7,อ่างทอง,15,กรมทางหลวง,9,3,10,40,2.25,4,0,ทางตรง+ไม่มีความลาดชัน,ขับรถเร็วเกินอัตรากำหนด
420,วงแหวนรอบเมืองสุราษฎร์ธานี,3,4,สุราษฎร์ธานี,84,กรมทางหลวง,9,3,10,40,2.25,4,0.111,ทางตรง+ไม่มีความลาดชัน,ขับรถเร็วเกินอัตรากำหนด
2034,นาสีนวน - บุ่งเขียว,13,14,มุกดาหาร,49,กรมทางหลวง,9,3,10,40,3,3,0,ทางโค้งกว้าง+ไม่มีความลาดชัน,ขับรถเร็วเกินอัตรากำหนด
24,สี่แยกโชคชัย - หนองมัน,86,87,บุรีรัมย์,31,กรมทางหลวง,8,3,10,40,2.67,3,0.125,ทางตรง+ไม่มีความลาดชัน,ขับรถเร็วเกินอัตรากำหนด
323,หนองเสือ - ท่าน้ำตื้น,65,66,กาญจนบุรี,71,กรมทางหลวง,8,3,10,40,2,4,0,ทางตรง+ไม่มีความลาดชัน,ขับรถเร็วเกินอัตราที่กำหนด
1,หนองแค - หินกอง,79,80,สระบุรี,19,กรมทางหลวง,8,2,20,40,2,4,0,ทางตรง+ที่ราบ,ขับรถเร็วเกินอัตรากำหนด
401,เขาหัวช้าง - สิชล,230,231,นครศรีธรรมราช,80,กรมทางหลวง,6,2,20,40,2,3,0.5,ทางโค้งกว้าง+ไม่มีความลาดชัน,ขับรถเร็วเกินอัตรากำหนด
1,โนนปอแดง - ปากดง,423,424,กำแพงเพชร,62,กรมทางหลวง,6,4,0,40,1.2,5,0,ทางตรง+ไม่มีความลาดชัน,หลับใน
รย.2015,แยกทางหลวงหมายเลข 36 (กม.ที่ 27+250) - บ้านภูไทร,1,2,ระยอง,21,กรมทางหลวงชนบท,6,3,10,40,3,2,0,ทางสี่แยก,ขับรถเร็วเกินอัตรากำหนด
สท.3024,แยกทางหลวงหมายเลข 101 (กม.ที่ 421+900) - บ้านเกลียวทอง,3,4,สุโขทัย,64,กรมทางหลวงชนบท,5,2,20,40,2.5,2,0,ทางสี่แยก,ฝ่าฝืนป้ายหยุดขณะออกจากทางร่วมทางแยก
4,พระประโทน - สระกระเทียม,65,66,นครปฐม,73,กรมทางหลวง,5,3,10,40,1.25,4,0,ทางตรง+ไม่มีความลาดชัน,ขับรถเร็วเกินอัตรากำหนด
302,แยกพงษ์เพชร - สะพานพระนั่งเกล้า,10,11,นนทบุรี,12,กรมทางหลวง,5,4,0,40,1.67,3,0,ทางแยกรูปตัว ++ที่ราบ,ขับรถเร็วเกินอัตรากำหนด
4,คลองบางดินสอ - นาเหนือ,862,863,พังงา,82,กรมทางหลวง,4,3,10,40,1.33,3,0.75,ทางตรง+ที่ราบ,ขับรถเร็วเกินอัตรากำหนด
ตง.3034,แยกทางหลวงหมายเลข 419 (กม.ที่ 18+740) - บ้านนาปด,5,6,ตรัง,92,กรมทางหลวงชนบท,4,4,0,40,4,1,0,ทางสี่แยก,ขับรถตามกระชั้นชิด
สบ.3021,แยกทางหลวงหมายเลข 362 (กม.ที่ 3+750) - บ้านหนองปลากระดี่,7,8,สระบุรี,19,กรมทางหลวงชนบท,4,4,0,40,4,1,0,ทางตรง+ไม่มีความลาดชัน,ขับรถเร็วเกินอัตรากำหนด
ขก.3010,แยกทางหลวงหมายเลข 229 (กม.ที่ 1+100) - บ้านหนองสังข์,16,17,ขอนแก่น,40,กรมทางหลวงชนบท,4,4,0,40,4,1,0,ทางตรง+ไม่มีความลาดชัน/ที่ราบ,หลับใน
ปท.3034,แยกทางหลวงหมายเลข 305 (กม.ที่ 31+800) - บ้านหนองแค (ตอนสระบุรี ช่วง กม.ที่ 22+059 - 30+319),29,30,สระบุรี,19,กรมทางหลวงชนบท,4,4,0,40,4,1,0,ทางสามแยก (T),ขับรถเร็วเกินอัตรากำหนด
สบ.4051,แยกทางหลวงหมายเลข 3250 (กม.ที่ 1+550) - บ้านลาด,3,4,สระบุรี,19,กรมทางหลวงชนบท,4,4,0,40,4,1,0,ทางโค้งกว้าง+ไม่มีความลาดชัน/ที่ราบ,ขับรถเร็วเกินอัตรากำหนด
317,พังงอน - เขาแหลม,64,65,จันทบุรี,22,กรมทางหลวง,4,4,0,40,1.33,3,0.25,ทางตรง+ที่ราบ,ขับรถเร็วเกินอัตรากำหนด
2116,โพนทอง - ห้วยคล้อ,99,100,ร้อยเอ็ด,45,กรมทางหลวง,3,4,0,40,1,3,0,ทางโค้งกว้าง+ไม่มีความลาดชัน,ขับรถเร็วเกินอัตรากำหนด
3268,บางเมือง - บางพลี,12,13,สมุทรปราการ,11,กรมทางหลวง,3,4,0,40,1,3,0,ทางตรง+ที่ราบ,ขับรถเร็วเกินอัตรากำหนด
21,คลองกระจัง - ศรีเทพ,98,99,เพชรบูรณ์,67,กรมทางหลวง,3,4,0,40,1,3,0,ทางตรง+ไม่มีความลาดชัน,ขับรถย้อนศร
1,แยก ร.พ.อานันทมหิดล - โคกสำโรง,177,178,ลพบุรี,16,กรมทางหลวง,3,3,10,40,1,3,0,ทางตรง+ไม่มีความลาดชัน,ขับรถเร็วเกินอัตรากำหนด
321,กำแพงแสน-ทุ่งคอก,35,36,นครปฐม,73,กรมทางหลวง,3,3,10,40,3,1,0.333,ทางตรง+ที่ราบ,ขับรถเร็วเกินอัตราที่กำหนด
118,ดอยนางแก้ว - แม่สรวย,121,122,เชียงราย,57,กรมทางหลวง,3,4,0,40,3,1,0,ทางตรง+ไม่มีความลาดชัน,ขับรถเร็วเกินอัตรากำหนด
4,หนองหมู - ห้วยยาง,280,281,ประจวบคีรีขันธ์,77,กรมทางหลวง,3,4,0,40,1.5,2,0,ทางตรง+ไม่มีความลาดชัน,ขับรถเร็วเกินอัตรากำหนด
3901,บางแค - คลองมหาสวัสดิ์,20,21,กรุงเทพมหานคร,10,กรมทางหลวง,39,0,39,39,7.8,5,0.026,ทางตรง+ไม่มีความลาดชัน,ขับรถเร็วเกินอัตรากำหนด
1001,เชียงใหม่ - บ้านโป่ง,5,6,เชียงใหม่,50,กรมทางหลวง,27,2,19,39,6.75,4,0.185,ทางตรง+ไม่มีความลาดชัน,ขับรถเร็วเกินอัตรากำหนด
101,แยกนาแหลม - หนองห้า,253,254,แพร่,54,กรมทางหลวง,22,3,9,39,4.4,5,0.091,ทางตรง+ไม่มีความลาดชัน,ขับรถเร็วเกินอัตรากำหนด
101,หนองห้า - สวนป่า,284,285,แพร่,54,กรมทางหลวง,20,3,9,39,4,5,0.6,ทางโค้งกว้าง+ไม่มีความลาดชัน,ขับรถเร็วเกินอัตรากำหนด
349,พนัสนิคม - หนองชาก,14,15,ชลบุรี,20,กรมทางหลวง,16,2,19,39,3.2,5,0.375,ทางโค้งกว้าง+ไม่มีความลาดชัน,ขับรถเร็วเกินอัตรากำหนด
34,ทางเข้าท่าอากาศยานสุวรรณภูมิ - บางวัว,17,18,สมุทรปราการ,11,กรมทางหลวง,15,2,19,39,3,5,0,ทางตรง+ไม่มีความลาดชัน,ขับรถเร็วเกินอัตรากำหนด
21,หัวนา - สักหลง,248,249,เพชรบูรณ์,67,กรมทางหลวง,12,3,9,39,3,4,0.25,ทางตรง+ไม่มีความลาดชัน,ขับรถเร็วเกินอัตรากำหนด
2182,เดชอุดม - โนนเรียง,1,2,อุบลราชธานี,34,กรมทางหลวง,12,3,9,39,3,4,0.25,ทางแยกรูปตัว T+ที่ราบ,ขับรถเร็วเกินอัตรากำหนด
3,เขาสมิง - แม่น้ำตราด,390,391,ตราด,23,กรมทางหลวง,10,2,19,39,2.5,4,0.1,ทางตรง+ไม่มีความลาดชัน,ขับรถเร็วเกินอัตรากำหนด
352,ทางแยกต่างระดับวังน้อย - ลำตาเสา,27,28,พระนครศรีอยุธยา,14,กรมทางหลวง,10,2,19,39,2,5,0,ทางตรง+ไม่มีความลาดชัน,ขับรถเร็วเกินอัตรากำหนด
32,สิงห์เหนือ - โพนางดำออก,102,103,สิงห์บุรี,17,กรมทางหลวง,9,3,9,39,1.8,5,0,ทางตรง+ไม่มีความลาดชัน,คน/รถ/สัตว์ตัดหน้ากระชั้นชิด
325,บางพรม - สมุทรสงคราม,40,41,สมุทรสงคราม,75,กรมทางหลวง,9,3,9,39,1.8,5,0.111,ทางโค้งกว้าง+ไม่มีความลาดชัน,ขับรถเร็วเกินอัตรากำหนด
37,ชะอำ - วังโบสถ์,14,15,เพชรบุรี,76,กรมทางหลวง,9,3,9,39,2.25,4,0.444,ทางตรง+ไม่มีความลาดชัน,ขับรถเร็วเกินอัตรากำหนด
3,ชลบุรี - ศรีราชา,100,101,ชลบุรี,20,กรมทางหลวง,8,1,29,39,2,4,0,ทางตรง+ไม่มีความลาดชัน,ขับรถเร็วเกินอัตรากำหนด
3004,พระนอน - ท่าตะโก,30,31,นครสวรรค์,60,กรมทางหลวง,7,3,9,39,2.33,3,0,ทางตรง+ที่ราบ,หลับใน
201,โนนสว่าง - ปากปวน,331,332,เลย,42,กรมทางหลวง,7,2,19,39,1.75,4,0.286,ทางตรง+ไม่มีความลาดชัน,ขับรถเร็วเกินอัตรากำหนด
4110,บางรูป - พระแสง,88,89,สุราษฎร์ธานี,84,กรมทางหลวง,6,3,9,39,1.5,4,0.333,ทางโค้งกว้าง+ที่ลาดชัน,ขับรถเร็วเกินอัตรากำหนด
3249,เขาไร่ยา - แพร่งขาหยั่ง,13,14,จันทบุรี,22,กรมทางหลวง,6,3,9,39,1.5,4,0.167,ทางตรง+ไม่มีความลาดชัน,ขับรถเร็วเกินอัตรากำหนด
419,ถนนวงแหวนรอบเมืองตรัง,13,14,ตรัง,92,กรมทางหลวง,6,3,9,39,3,2,0.333,ทางตรง+ไม่มีความลาดชัน,ขับรถเร็วเกินอัตราที่กำหนด
23,ห้วยแอ่ง - ร้อยเอ็ด,102,103,ร้อยเอ็ด,45,กรมทางหลวง,6,3,9,39,2,3,0,ทางตรง+ไม่มีความลาดชัน,ขับรถเร็วเกินอัตรากำหนด
2083,หัวช้าง - สะเดา,10,11,ศรีสะเกษ,33,กรมทางหลวง,4,3,9,39,2,2,0.25,ทางตรง+ไม่มีความลาดชัน,ขับรถเร็วเกินอัตรากำหนด
7,หนองข้างคอก - ตะเคียนเตี้ย,92,93,ชลบุรี,20,กรมทางหลวง,128,0,38,38,25.6,5,0.047,ทางตรง+ไม่มีความลาดชัน,ขับรถเร็วเกินอัตรากำหนด
31,ดินแดง - งามวงศ์วาน,10,11,กรุงเทพมหานคร,10,กรมทางหลวง,42,0,38,38,14,3,0,ทางตรง+ไม่มีความลาดชัน,ขับรถเร็วเกินอัตรากำหนด
7,แขวงคลองสองต้นนุ่น - พิมพา,20,21,กรุงเทพมหานคร,10,กรมทางหลวง,37,1,28,38,7.4,5,0.054,ทางตรง+ไม่มีความลาดชัน,ขับรถเร็วเกินอัตรากำหนด
32,นครหลวง - อ่างทอง,34,35,พระนครศรีอยุธยา,14,กรมทางหลวง,18,2,18,38,3.6,5,0.278,ทางตรง+ไม่มีความลาดชัน,ขับรถเร็วเกินอัตรากำหนด
3902,พระประแดง - บางแค,5,6,กรุงเทพมหานคร,10,กรมทางหลวง,18,1,28,38,4.5,4,0.056,ทางตรง+ไม่มีความลาดชัน,ขับรถเร็วเกินอัตรากำหนด
1,ต่างระดับบางปะอิน - หนองแค,62,63,พระนครศรีอยุธยา,14,กรมทางหลวง,15,3,8,38,3,5,0,ทางตรง+ไม่มีความลาดชัน,ขับรถเร็วเกินอัตรากำหนด
304,วังน้ำเขียว - ดอนขวาง,265,266,นครราชสีมา,30,กรมทางหลวง,15,3,8,38,3,5,0,ทางตรง+ไม่มีความลาดชัน,ขับรถเร็วเกินอัตรากำหนด
34,บางวัว - บางปะกง,36,37,ฉะเชิงเทรา,24,กรมทางหลวง,14,3,8,38,3.5,4,0,ทางตรง+ไม่มีความลาดชัน,ขับรถเร็วเกินอัตรากำหนด
4,เขาวัง - หนองบ้วย,159,160,เพชรบุรี,76,กรมทางหลวง,13,3,8,38,2.6,5,0,ทางตรง+ไม่มีความลาดชัน,ขับรถเร็วเกินอัตรากำหนด
3,นายายอาม - บ้านสิ้ว,302,303,จันทบุรี,22,กรมทางหลวง,13,2,18,38,3.25,4,0.385,ทางตรง+ไม่มีความลาดชัน,ขับรถเร็วเกินอัตรากำหนด
12,กลางสะพานมิตรภาพที่แม่สอด(เขตแดน ไทย / พม่า) - แม่ละเมา,8,9,ตาก,63,กรมทางหลวง,12,3,8,38,2.4,5,0.167,ทางตรง+ไม่มีความลาดชัน,ขับรถเร็วเกินอัตรากำหนด
3,ระยอง - กะเฉด,225,226,ระยอง,21,กรมทางหลวง,12,3,8,38,4,3,0,ทางตรง+ไม่มีความลาดชัน,ขับรถเร็วเกินอัตรากำหนด
1,แยก ร.พ.อานันทมหิดล - โคกสำโรง,183,184,ลพบุรี,16,กรมทางหลวง,11,3,8,38,2.75,4,0,ทางตรง+ไม่มีความลาดชัน,ขับรถเร็วเกินอัตรากำหนด
33,นาคู - ป่าโมก,34,35,อ่างทอง,15,กรมทางหลวง,10,3,8,38,2,5,0.1,ทางตรง+ไม่มีความลาดชัน,ขับรถเร็วเกินอัตรากำหนด
1,ดอนรังนก - หางน้ำหนองแขม,282,283,ชัยนาท,18,กรมทางหลวง,10,3,8,38,2.5,4,0,ทางตรง+ไม่มีความลาดชัน,คน/รถ/สัตว์ตัดหน้ากระชั้นชิด
3312,ลำลูกกา - คลอง 16,17,18,ปทุมธานี,13,กรมทางหลวง,9,3,8,38,2.25,4,0.222,ทางตรง+ไม่มีความลาดชัน,ขับรถเร็วเกินอัตรากำหนด
208,หนองสระพัง - มหาสารคาม,43,44,มหาสารคาม,44,กรมทางหลวง,9,2,18,38,1.8,5,0,ทางตรง+ไม่มีความลาดชัน,ขับรถเร็วเกินอัตรากำหนด
1,พาน - ร่องขุ่น,898,899,เชียงราย,57,กรมทางหลวง,9,3,8,38,2.25,4,0,ทางตรง+ไม่มีความลาดชัน,ขับรถเร็วเกินอัตรากำหนด
4024,ตีนเขา - หาดราไวย์,21,22,ภูเก็ต,83,กรมทางหลวง,7,3,8,38,2.33,3,0.143,ทางตรง+ไม่มีความลาดชัน,ขับรถเร็วเกินอัตรากำหนด
317,หน้าค่าย ตชด. - พังงอน,18,19,จันทบุรี,22,กรมทางหลวง,7,2,18,38,1.75,4,0,ทางตรง+ไม่มีความลาดชัน,ขับรถเร็วเกินอัตรากำหนด
32,โพนางดำออก - ท่าฉนวน,144,145,ชัยนาท,18,กรมทางหลวง,7,2,18,38,1.75,4,0,ทางตรง+ไม่มีความลาดชัน,สูญเสียการควบคุม
3,บ้านสิ้ว - โพธิ์ทอง,323,324,จันทบุรี,22,กรมทางหลวง,7,3,8,38,2.33,3,0.429,ทางตรง+ไม่มีความลาดชัน,ขับรถเร็วเกินอัตรากำหนด
1,แยกประตูชัย - พาน,841,842,พะเยา,56,กรมทางหลวง,5,3,8,38,2.5,2,0,ทางตรง+ไม่มีความลาดชัน,ขับรถเร็วเกินอัตรากำหนด
410,ยะลา - ตะบิงติงงี,64,65,ยะลา,95,กรมทางหลวง,4,3,8,38,1,4,0,ทางโค้งกว้าง+ไม่มีความลาดชัน,ขับรถเร็วเกินอัตรากำหนด
304,คลองประปา - คันนายาว,9,10,กรุงเทพมหานคร,10,กรมทางหลวง,3,3,8,38,1,3,0,ทางตรง+ไม่มีความลาดชัน,ระบบห้ามล้อขัดข้อง/ระบบเบรกชำรุด
9,บางปะอิน - แขวงรามอินทรา,38,39,กรุงเทพมหานคร,10,กรมทางหลวง,60,0,37,37,12,5,0.05,ทางตรง+ไม่มีความลาดชัน,ขับรถเร็วเกินอัตรากำหนด
35,แสมดำ - สะพานข้ามแม่น้ำท่าจีนฝั่งตะวันตก,14,15,กรุงเทพมหานคร,10,กรมทางหลวง,53,2,17,37,10.6,5,0.019,ทางตรง+ไม่มีความลาดชัน,ขับรถเร็วเกินอัตรากำหนด
9,แขวงรามอินทรา - บางพลี,52,53,กรุงเทพมหานคร,10,กรมทางหลวง,48,2,17,37,9.6,5,0.146,ทางตรง+ไม่มีความลาดชัน,ขับรถเร็วเกินอัตรากำหนด
7,พิมพา - หนองข้างคอก,55,56,ฉะเชิงเทรา,24,กรมทางหลวง,40,0,37,37,8,5,0.05,ทางตรง+ไม่มีความลาดชัน,ขับรถเร็วเกินอัตรากำหนด
1,ต่างระดับบางปะอิน - หนองแค,54,55,พระนครศรีอยุธยา,14,กรมทางหลวง,24,1,27,37,6,4,0.125,ทางตรง+ไม่มีความลาดชัน,ขับรถเร็วเกินอัตรากำหนด
35,แสมดำ - สะพานข้ามแม่น้ำท่าจีนฝั่งตะวันตก,28,29,สมุทรสาคร,74,กรมทางหลวง,24,3,7,37,6,4,0.125,ทางตรง+ไม่มีความลาดชัน,ขับรถเร็วเกินอัตรากำหนด
34,ทางเข้าท่าอากาศยานสุวรรณภูมิ - บางวัว,26,27,สมุทรปราการ,11,กรมทางหลวง,21,2,17,37,4.2,5,0,ทางตรง+ไม่มีความลาดชัน,ขับรถเร็วเกินอัตรากำหนด
4,เขาวัง - หนองบ้วย,169,170,เพชรบุรี,76,กรมทางหลวง,21,2,17,37,5.25,4,0.095,ทางตรง+ไม่มีความลาดชัน,ขับรถเร็วเกินอัตรากำหนด
304,สี่แยกกบินทร์บุรี - วังน้ำเขียว,213,214,ปราจีนบุรี,25,กรมทางหลวง,20,3,7,37,4,5,0.05,ทางโค้งกว้าง+ที่ลาดชัน,ขับรถเร็วเกินอัตรากำหนด
4,พัทลุง - นาโหนด,1167,1168,พัทลุง,93,กรมทางหลวง,20,2,17,37,4,5,0.3,ทางตรง+ไม่มีความลาดชัน,ขับรถเร็วเกินอัตรากำหนด
35,นาโคก - แพรกหนามแดง,59,60,สมุทรสงคราม,75,กรมทางหลวง,20,2,17,37,4,5,0.1,ทางตรง+ไม่มีความลาดชัน,ขับรถเร็วเกินอัตรากำหนด
101,หนองห้า - สวนป่า,275,276,แพร่,54,กรมทางหลวง,16,2,17,37,3.2,5,0.125,ทางตรง+ไม่มีความลาดชัน,คน/รถ/สัตว์ตัดหน้ากระชั้นชิด
3422,ลาดบัวหลวง - สองพี่น้อง,4,5,นครปฐม,73,กรมทางหลวง,11,3,7,37,2.2,5,0,ทางตรง+ไม่มีความลาดชัน,ขับรถเร็วเกินอัตรากำหนด
12,พรหมนิมิตร - ห้วยสีดา,584,585,มหาสารคาม,44,กรมทางหลวง,11,3,7,37,2.2,5,0,ทางตรง+ไม่มีความลาดชัน,ขับรถเร็วเกินอัตราที่กำหนด
3329,ตาคลี - หนองหลวง,3,4,นครสวรรค์,60,กรมทางหลวง,11,3,7,37,2.2,5,0,ทางตรง+ไม่มีความลาดชัน,ขับรถเร็วเกินอัตรากำหนด
4024,ตีนเขา - หาดราไวย์,19,20,ภูเก็ต,83,กรมทางหลวง,10,3,7,37,2.5,4,0,ทางตรง+ไม่มีความลาดชัน,ขับรถเร็วเกินอัตรากำหนด
32,ไชโย - สิงห์ใต้,74,75,สิงห์บุรี,17,กรมทางหลวง,9,3,7,37,1.8,5,0.111,ทางตรง+ไม่มีความลาดชัน,ขับรถเร็วเกินอัตราที่กำหนด
3,โพธิ์ทอง - บ้านพลิ้ว,340,341,จันทบุรี,22,กรมทางหลวง,9,2,17,37,1.8,5,0.444,ทางโค้งกว้าง+ไม่มีความลาดชัน,ขับรถเร็วเกินอัตรากำหนด
12,บ้านกร่าง - พิษณุโลก,223,224,พิษณุโลก,65,กรมทางหลวง,9,3,7,37,2.25,4,0.222,ทางตรง+ไม่มีความลาดชัน,ขับรถเร็วเกินอัตรากำหนด
41,ท่าทอง - สวนสมบูรณ์,81,82,ชุมพร,86,กรมทางหลวง,9,3,7,37,2.25,4,0.111,ทางตรง+ที่ราบ,ขับรถเร็วเกินอัตรากำหนด
23,บ้านย่อ - บ้านสวน,197,198,ยโสธร,35,กรมทางหลวง,8,3,7,37,2.67,3,0,ทางตรง+ไม่มีความลาดชัน,ขับรถเร็วเกินอัตรากำหนด
2096,หนองกา - คำตากล้า,88,89,สกลนคร,47,กรมทางหลวง,8,3,7,37,1.6,5,0,ทางตรง+ไม่มีความลาดชัน,คน/รถ/สัตว์ตัดหน้ากระชั้นชิด
1,ดอนรังนก - หางน้ำหนองแขม,290,291,ชัยนาท,18,กรมทางหลวง,7,3,7,37,1.75,4,0,ทางตรง+ไม่มีความลาดชัน,คน/รถ/สัตว์ตัดหน้ากระชั้นชิด
1,วังม่วง - แม่เชียงรายบน,542,543,ตาก,63,กรมทางหลวง,7,3,7,37,1.75,4,0,ทางตรง+ไม่มีความลาดชัน,หลับใน
1,โนนปอแดง - ปากดง,417,418,กำแพงเพชร,62,กรมทางหลวง,7,3,7,37,1.75,4,0,ทางตรง+ไม่มีความลาดชัน,ขับรถเร็วเกินอัตรากำหนด
1,วังม่วง - แม่เชียงรายบน,577,578,ตาก,63,กรมทางหลวง,6,3,7,37,1.5,4,0,ทางตรง+ไม่มีความลาดชัน,หลับใน
304,คลองหลวงแพ่ง - ฉะเชิงเทรา,68,69,ฉะเชิงเทรา,24,กรมทางหลวง,6,3,7,37,2,3,0.167,ทางตรง+ที่ราบ,ขับรถเร็วเกินอัตรากำหนด
210,อุดรธานี - นิคมเชียงพิณ,9,10,อุดรธานี,41,กรมทางหลวง,6,3,7,37,1.5,4,0,ทางตรง+ไม่มีความลาดชัน,ขับรถเร็วเกินอัตรากำหนด
พร.3024,แยกทางหลวงหมายเลข 101 (กม.ที่ 143+600) - บ้านเด่นชัย,14,15,แพร่,54,กรมทางหลวงชนบท,6,3,7,37,1.5,4,0,ทางโค้งกว้าง+ไม่มีความลาดชัน,ขับรถเร็วเกินอัตรากำหนด
314,แสนภูดาษ - ฉะเชิงเทรา,8,9,ฉะเชิงเทรา,24,กรมทางหลวง,6,3,7,37,1.5,4,0,ทางตรง+ไม่มีความลาดชัน,ขับรถเร็วเกินอัตรากำหนด
21,คลองกระจัง - ศรีเทพ,91,92,เพชรบูรณ์,67,กรมทางหลวง,6,3,7,37,2,3,0,ทางแยกรูปตัว T+ที่ราบ,ขับรถเร็วเกินอัตรากำหนด
4,พังลา - จุดผ่านแดนถาวรสะเดา (เขตแดนไทย/มาเลเซีย),1277,1278,สงขลา,90,กรมทางหลวง,5,3,7,37,2.5,2,0,ทางตรง+ไม่มีความลาดชัน,ขับรถเร็วเกินอัตรากำหนด
41,เขาบ่อ - ท่าทอง,25,26,ชุมพร,86,กรมทางหลวง,5,3,7,37,1.67,3,0,ทางตรง+ที่ราบ,ขับรถเร็วเกินอัตราที่กำหนด
3004,ไดตาล - วังพิกุล,87,88,นครสวรรค์,60,กรมทางหลวง,4,3,7,37,1,4,0,ทางโค้งกว้าง+ที่ลาดชัน,ขับรถเร็วเกินอัตรากำหนด
21,หนองบง - ภูสวรรค์,367,368,เลย,42,กรมทางหลวง,4,2,17,37,2,2,0,ทางตรง+ไม่มีความลาดชัน,ขับรถเร็วเกินอัตรากำหนด
41,ท่าโรงช้าง - ท่าชี,174,175,สุราษฎร์ธานี,84,กรมทางหลวง,3,3,7,37,1.5,2,0,ทางตรง+ไม่มีความลาดชัน,ขับรถเร็วเกินอัตรากำหนด
290,ถนนวงแหวนรอบเมืองนครราชสีมาด้านทิศใต้,74,75,นครราชสีมา,30,กรมทางหลวง,3,0,37,37,1.5,2,0,ทางแยกรูปตัว ++ที่ราบ,ขับรถเร็วเกินอัตราที่กำหนด
1001,เชียงใหม่ - บ้านโป่ง,3,4,เชียงใหม่,50,กรมทางหลวง,47,1,26,36,9.4,5,0.17,ทางตรง+ไม่มีความลาดชัน,ขับรถเร็วเกินอัตรากำหนด
4,ปากท่อ - สระพัง,125,126,ราชบุรี,70,กรมทางหลวง,39,2,16,36,7.8,5,0.231,ทางโค้งกว้าง+ไม่มีความลาดชัน,ขับรถเร็วเกินอัตรากำหนด
35,แสมดำ - สะพานข้ามแม่น้ำท่าจีนฝั่งตะวันตก,26,27,สมุทรสาคร,74,กรมทางหลวง,36,1,26,36,9,4,0.056,ทางตรง+ไม่มีความลาดชัน,ขับรถเร็วเกินอัตรากำหนด
35,แสมดำ - สะพานข้ามแม่น้ำท่าจีนฝั่งตะวันตก,27,28,สมุทรสาคร,74,กรมทางหลวง,33,2,16,36,11,3,0.061,ทางตรง+ไม่มีความลาดชัน,ขับรถเร็วเกินอัตรากำหนด
340,สาลี - สุพรรณบุรี,57,58,สุพรรณบุรี,72,กรมทางหลวง,28,2,16,36,7,4,0.107,ทางตรง+ไม่มีความลาดชัน,ขับรถเร็วเกินอัตรากำหนด
33,สุพรรณบุรี - นาคู,1,2,สุพรรณบุรี,72,กรมทางหลวง,22,1,26,36,4.4,5,0,ทางตรง+ไม่มีความลาดชัน,คน/รถ/สัตว์ตัดหน้ากระชั้นชิด
1001,เชียงใหม่ - บ้านโป่ง,13,14,เชียงใหม่,50,กรมทางหลวง,19,2,16,36,3.8,5,0.263,ทางตรง+ไม่มีความลาดชัน,ขับรถเร็วเกินอัตรากำหนด
35,สะพานข้ามแม่น้ำท่าจีนฝั่งตะวันตก - นาโคก,43,44,สมุทรสาคร,74,กรมทางหลวง,17,3,6,36,3.4,5,0,ทางตรง+ไม่มีความลาดชัน,ขับรถเร็วเกินอัตรากำหนด
32,อ่างทอง - ไชโย,65,66,อ่างทอง,15,กรมทางหลวง,16,2,16,36,3.2,5,0.063,ทางตรง+ไม่มีความลาดชัน,ขับรถเร็วเกินอัตรากำหนด
4,ห้วยยาง -  บางสะพาน,382,383,ประจวบคีรีขันธ์,77,กรมทางหลวง,15,3,6,36,3.75,4,0.467,ทางโค้งกว้าง+ไม่มีความลาดชัน,ขับรถเร็วเกินอัตรากำหนด
41,สวนสมบูรณ์ - เกาะมุกข์,107,108,สุราษฎร์ธานี,84,กรมทางหลวง,15,2,16,36,3,5,0.333,ทางตรง+ไม่มีความลาดชัน,ขับรถเร็วเกินอัตรากำหนด
23,บ้านย่อ - บ้านสวน,203,204,ยโสธร,35,กรมทางหลวง,11,3,6,36,3.67,3,0,ทางตรง+ไม่มีความลาดชัน,ขับรถเร็วเกินอัตรากำหนด
129,ทางเลี่ยงเมืองแพร่,7,8,แพร่,54,กรมทางหลวง,10,3,6,36,2.5,4,0,ทางตรง+ไม่มีความลาดชัน,ขับรถเร็วเกินอัตรากำหนด
4103,เบญจม - จังหูน,20,21,นครศรีธรรมราช,80,กรมทางหลวง,10,2,16,36,2.5,4,0.1,ทางตรง+ไม่มีความลาดชัน,ขับรถเร็วเกินอัตรากำหนด
4,ห้วยยาง -  บางสะพาน,340,341,ประจวบคีรีขันธ์,77,กรมทางหลวง,9,3,6,36,2.25,4,0,ทางตรง+ไม่มีความลาดชัน,ขับรถเร็วเกินอัตรากำหนด
321,ดอนแจง - สุพรรณบุรี,105,106,สุพรรณบุรี,72,กรมทางหลวง,9,3,6,36,2.25,4,0,ทางแยกรูปตัว ++ที่ราบ,เมาสุรา
23,บ้านย่อ - บ้านสวน,213,214,ยโสธร,35,กรมทางหลวง,8,3,6,36,2,4,0.25,ทางตรง+ไม่มีความลาดชัน,ขับรถเร็วเกินอัตราที่กำหนด
41,ร่อนพิบูลย์  - ไม้เสียบ,346,347,นครศรีธรรมราช,80,กรมทางหลวง,7,3,6,36,1.75,4,0.143,ทางตรง+ไม่มีความลาดชัน,หลับใน
3,บางตำหรุ - คลองด่าน,57,58,สมุทรปราการ,11,กรมทางหลวง,7,3,6,36,2.33,3,0,ทางตรง+ไม่มีความลาดชัน,ขับรถเร็วเกินอัตรากำหนด
4,คลองอีจาง - หลุมดิน,96,97,ราชบุรี,70,กรมทางหลวง,7,3,6,36,1.75,4,0,ทางตรง+ไม่มีความลาดชัน,ขับรถเร็วเกินอัตราที่กำหนด
4,นาโหนด - ห้วยทราย,1201,1202,พัทลุง,93,กรมทางหลวง,7,3,6,36,1.75,4,0.143,ทางตรง+ไม่มีความลาดชัน,ขับรถเร็วเกินอัตรากำหนด
21,แยกมะนาวหวาน - ม่วงค่อม,36,37,ลพบุรี,16,กรมทางหลวง,7,3,6,36,2.33,3,0,ทางตรง+ไม่มีความลาดชัน,ขับรถเร็วเกินอัตรากำหนด
344,หนองปรือ - คลองเขต,61,62,ชลบุรี,20,กรมทางหลวง,7,3,6,36,2.33,3,0.143,ทางตรง+ไม่มีความลาดชัน,ขับรถเร็วเกินอัตรากำหนด
2410,บ้านเหล่า - ดอนกลอย,5,6,อุดรธานี,41,กรมทางหลวง,6,3,6,36,3,2,0.167,ทางตรง+ที่ราบ,ขับรถเร็วเกินอัตราที่กำหนด
1045,วังสีสูบ - เขื่อนสิริกิติ์,11,12,อุตรดิตถ์,53,กรมทางหลวง,5,1,26,36,1.67,3,0,ทางตรง+ไม่มีความลาดชัน,ขับรถเร็วเกินอัตรากำหนด
340,สุพรรณบุรี - ศรีประจันต์,97,98,สุพรรณบุรี,72,กรมทางหลวง,5,3,6,36,1.25,4,0,ทางตรง+ไม่มีความลาดชัน,ขับรถเร็วเกินอัตรากำหนด
ปท.3006,แยกทางหลวงหมายเลข 305 (กม.ที่ 18+700) - บ้านคลองแปด,5,6,ปทุมธานี,13,กรมทางหลวงชนบท,5,3,6,36,1.25,4,0,ทางสี่แยก,ขับรถเร็วเกินอัตรากำหนด
3032,บุ้งกี๋ - ท่าศาล,6,7,สิงห์บุรี,17,กรมทางหลวง,5,3,6,36,1.67,3,0,ทางตรง+ไม่มีความลาดชัน,ขับรถเร็วเกินอัตรากำหนด
317,พังงอน - เขาแหลม,76,77,จันทบุรี,22,กรมทางหลวง,5,3,6,36,1.25,4,0.2,ทางตรง+ไม่มีความลาดชัน,ขับรถเร็วเกินอัตรากำหนด
3902,คลองบางหลวง - ต่างระดับเชียงรากน้อย,68,69,ปทุมธานี,13,กรมทางหลวง,5,3,6,36,2.5,2,0.2,ทางตรง+ไม่มีความลาดชัน,ขับรถเร็วเกินอัตราที่กำหนด
นพ.4029,แยกทางหลวงหมายเลข 2028 (กม.ที่ 15+324) - บ้านบะหว้า,20,21,นครพนม,48,กรมทางหลวงชนบท,4,3,6,36,2,2,0,ทางสี่แยก,ขับรถเร็วเกินอัตรากำหนด
304,เสม็ดเหนือ - พนมสารคาม,91,92,ฉะเชิงเทรา,24,กรมทางหลวง,3,3,6,36,1,3,0,ทางตรง+ไม่มีความลาดชัน,ขับรถเร็วเกินอัตรากำหนด
พล.4026,แยกทางหลวงหมายเลข 1115 (กม.ที่ 27+000) - บ้านไทรย้อย,12,13,พิษณุโลก,65,กรมทางหลวงชนบท,3,3,6,36,3,1,0,ทางโค้งกว้าง+ไม่มีความลาดชัน,ขับรถเร็วเกินอัตรากำหนด
205,,103,104,ลพบุรี,16,กรมทางหลวง,3,3,6,36,3,1,0.333,ทางโค้งกว้าง+ไม่มีความลาดชัน,ขับรถเร็วเกินอัตรากำหนด
9,บางปะอิน - แขวงรามอินทรา,31,32,ปทุมธานี,13,กรมทางหลวง,90,0,35,35,18,5,0.078,ทางตรง+ไม่มีความลาดชัน,ขับรถเร็วเกินอัตรากำหนด
9,บางปะอิน - แขวงรามอินทรา,25,26,ปทุมธานี,13,กรมทางหลวง,88,0,35,35,17.6,5,0.034,ทางตรง+ไม่มีความลาดชัน,ขับรถเร็วเกินอัตรากำหนด
7,แขวงคลองสองต้นนุ่น - พิมพา,13,14,กรุงเทพมหานคร,10,กรมทางหลวง,80,0,35,35,16,5,0.125,ทางตรง+ไม่มีความลาดชัน,ขับรถเร็วเกินอัตรากำหนด
2,มวกเหล็ก - บ่อทอง,53,54,นครราชสีมา,30,กรมทางหลวง,62,0,35,35,12.4,5,0.661,ทางตรง+ที่ลาดชัน,ขับรถเร็วเกินอัตรากำหนด
9,แขวงรามอินทรา - บางพลี,56,57,กรุงเทพมหานคร,10,กรมทางหลวง,41,1,25,35,8.2,5,0.171,ทางตรง+ไม่มีความลาดชัน,ขับรถเร็วเกินอัตรากำหนด
7,พิมพา - หนองข้างคอก,62,63,ชลบุรี,20,กรมทางหลวง,37,2,15,35,7.4,5,0,ทางตรง+ไม่มีความลาดชัน,ขับรถเร็วเกินอัตรากำหนด
12,กลางสะพานมิตรภาพที่แม่สอด(เขตแดน ไทย / พม่า) - แม่ละเมา,19,20,ตาก,63,กรมทางหลวง,36,2,15,35,7.2,5,0.472,ทางโค้งปกติ+บนช่วงลาดชัน,ขับรถเร็วเกินอัตรากำหนด
9,บางปะอิน - แขวงรามอินทรา,6,7,ปทุมธานี,13,กรมทางหลวง,26,1,25,35,5.2,5,0,ทางตรง+ไม่มีความลาดชัน,ขับรถเร็วเกินอัตรากำหนด
11,หนองน้ำเขียว - ปางเคาะ,354,355,แพร่,54,กรมทางหลวง,26,1,25,35,6.5,4,0.462,ทางโค้งกว้าง+ไม่มีความลาดชัน,ขับรถเร็วเกินอัตรากำหนด
340,สุพรรณบุรี - ศรีประจันต์,104,105,สุพรรณบุรี,72,กรมทางหลวง,24,1,25,35,6,4,0,ทางตรง+ไม่มีความลาดชัน,ขับรถเร็วเกินอัตรากำหนด
340,สาลี - สุพรรณบุรี,61,62,สุพรรณบุรี,72,กรมทางหลวง,22,2,15,35,4.4,5,0,ทางตรง+ไม่มีความลาดชัน,หลับใน
1,ต่างระดับบางปะอิน - หนองแค,63,64,พระนครศรีอยุธยา,14,กรมทางหลวง,20,2,15,35,4,5,0.1,ทางตรง+ไม่มีความลาดชัน,ขับรถเร็วเกินอัตรากำหนด
32,ไชโย - สิงห์ใต้,78,79,สิงห์บุรี,17,กรมทางหลวง,19,2,15,35,3.8,5,0.105,ทางตรง+ไม่มีความลาดชัน,หลับใน
2331,โจ๊ะโหวะ - อุทยานแห่งชาติภูหินร่องกล้า,7,8,เพชรบูรณ์,67,กรมทางหลวง,18,0,35,35,4.5,4,0.111,ทางโค้งกว้าง+ที่ลาดชัน,ขับรถเร็วเกินอัตรากำหนด
344,หนองปรือ - คลองเขต,50,51,ชลบุรี,20,กรมทางหลวง,18,2,15,35,3.6,5,0.444,ทางตรง+ไม่มีความลาดชัน,ขับรถเร็วเกินอัตรากำหนด
361,ทางเลี่ยงเมืองชลบุรี,1,2,ชลบุรี,20,กรมทางหลวง,18,2,15,35,3.6,5,0.111,ทางตรง+ไม่มีความลาดชัน,ขับรถเร็วเกินอัตรากำหนด
340,สุพรรณบุรี - ศรีประจันต์,81,82,สุพรรณบุรี,72,กรมทางหลวง,17,2,15,35,4.25,4,0,ทางตรง+ไม่มีความลาดชัน,ขับรถเร็วเกินอัตรากำหนด
12,หนองเสือ - วังวน,145,146,สุโขทัย,64,กรมทางหลวง,14,2,15,35,3.5,4,0,ทางตรง+ไม่มีความลาดชัน,ขับรถเร็วเกินอัตรากำหนด
205,เทศบาลลำนารายณ์ - ช่องสำราญ,101,102,ลพบุรี,16,กรมทางหลวง,12,2,15,35,4,3,0,ทางตรง+ไม่มีความลาดชัน,ขับรถเร็วเกินอัตรากำหนด
3064,อ่างทอง - ปากดง,3,4,อ่างทอง,15,กรมทางหลวง,11,3,5,35,2.2,5,0,ทางตรง+ไม่มีความลาดชัน,ขับรถเร็วเกินอัตรากำหนด
304,แยกเข้ามีนบุรี - คลองหลวงแพ่ง,45,46,กรุงเทพมหานคร,10,กรมทางหลวง,11,3,5,35,2.2,5,0,ทางตรง+ไม่มีความลาดชัน,ขับรถเร็วเกินอัตราที่กำหนด
403,กะปาง - ห้วยนาง,69,70,ตรัง,92,กรมทางหลวง,11,2,15,35,2.75,4,0.182,ทางโค้งกว้าง+ไม่มีความลาดชัน,ขับรถเร็วเกินอัตรากำหนด
24,สี่แยกโชคชัย - หนองมัน,76,77,นครราชสีมา,30,กรมทางหลวง,11,2,15,35,2.75,4,0.364,ทางตรง+ไม่มีความลาดชัน,ขับรถเร็วเกินอัตรากำหนด
368,ทางเลี่ยงเมืองอ่างทอง,4,5,อ่างทอง,15,กรมทางหลวง,11,3,5,35,2.2,5,0.182,ทางตรง+ไม่มีความลาดชัน,ขับรถเร็วเกินอัตรากำหนด
316,เขาไร่ยา - จันทบุรี,1,2,จันทบุรี,22,กรมทางหลวง,11,3,5,35,3.67,3,0.182,ทางตรง+ไม่มีความลาดชัน,ขับรถเร็วเกินอัตรากำหนด
41,ท่าชี - ถ้ำพรรณรา,228,229,สุราษฎร์ธานี,84,กรมทางหลวง,11,3,5,35,2.75,4,0.182,ทางตรง+ที่ราบ,ขับรถเร็วเกินอัตรากำหนด
3,นายายอาม - บ้านสิ้ว,304,305,จันทบุรี,22,กรมทางหลวง,11,3,5,35,3.67,3,0,ทางตรง+ไม่มีความลาดชัน,ขับรถเร็วเกินอัตรากำหนด
4,สระพัง - เขาวัง,152,153,เพชรบุรี,76,กรมทางหลวง,10,3,5,35,3.33,3,0,ทางตรง+ไม่มีความลาดชัน,ขับรถเร็วเกินอัตรากำหนด
3,บางตำหรุ - คลองด่าน,44,45,สมุทรปราการ,11,กรมทางหลวง,10,3,5,35,2.5,4,0,ทางตรง+ไม่มีความลาดชัน,ขับรถเร็วเกินอัตรากำหนด
24,กระเทียม - ห้วยสำราญ,250,251,สุรินทร์,32,กรมทางหลวง,9,2,15,35,1.8,5,0.111,ทางตรง+ไม่มีความลาดชัน,ขับรถเร็วเกินอัตรากำหนด
409,ป่าพ้อ - ท่าสาป,33,34,ยะลา,95,กรมทางหลวง,9,3,5,35,1.8,5,0.333,ทางตรง+ไม่มีความลาดชัน,ขับรถเร็วเกินอัตรากำหนด
36,ทับมา - ปลวกเกตุ,50,51,ระยอง,21,กรมทางหลวง,9,3,5,35,1.8,5,0.222,ทางตรง+ไม่มีความลาดชัน,ขับรถเร็วเกินอัตรากำหนด
303,ราษฎร์บูรณะ - พระสมุทรเจดีย์,12,13,สมุทรปราการ,11,กรมทางหลวง,9,3,5,35,2.25,4,0,ทางตรง+ไม่มีความลาดชัน,ขับรถเร็วเกินอัตรากำหนด
334,แยกต่างระดับอ่างทอง - บ้านรอ,2,3,อ่างทอง,15,กรมทางหลวง,8,3,5,35,2.67,3,0.25,ทางตรง+ไม่มีความลาดชัน,ขับรถเร็วเกินอัตรากำหนด
21,ม่วงค่อม - คลองกระจัง,62,63,ลพบุรี,16,กรมทางหลวง,8,3,5,35,2,4,0,ทางตรง+ไม่มีความลาดชัน,ขับรถเร็วเกินอัตรากำหนด
21,ม่วงค่อม - คลองกระจัง,74,75,ลพบุรี,16,กรมทางหลวง,8,3,5,35,1.6,5,0.125,ทางตรง+ไม่มีความลาดชัน,ขับรถเร็วเกินอัตรากำหนด
32,โพนางดำออก - ท่าฉนวน,133,134,ชัยนาท,18,กรมทางหลวง,8,3,5,35,2,4,0,ทางตรง+ไม่มีความลาดชัน,สูญเสียการควบคุม
1,โนนปอแดง - ปากดง,414,415,กำแพงเพชร,62,กรมทางหลวง,7,2,15,35,2.33,3,0,ทางตรง+ไม่มีความลาดชัน,ขับรถเร็วเกินอัตรากำหนด
3078,ระเบาะไผ่ - ประจันตคาม,17,18,ปราจีนบุรี,25,กรมทางหลวง,7,3,5,35,1.75,4,0.571,ทางตรง+ไม่มีความลาดชัน,ขับรถเร็วเกินอัตรากำหนด
4048,สี่แยกช่องโก - ทุ่งข่า,2,3,พัทลุง,93,กรมทางหลวง,7,3,5,35,1.75,4,0,ทางตรง+ไม่มีความลาดชัน,ขับรถเร็วเกินอัตรากำหนด
344,หนองปรือ - คลองเขต,57,58,ชลบุรี,20,กรมทางหลวง,7,3,5,35,2.33,3,0.143,ทางตรง+ไม่มีความลาดชัน,ขับรถเร็วเกินอัตรากำหนด
212,ห้วยก้านเหลือง - ดงบัง,160,161,บึงกาฬ,38,กรมทางหลวง,7,3,5,35,1.75,4,0.143,ทางเชื่อมเข้าพื้นที่สาธารณะ/เชิงพาณิชย์,คน/รถ/สัตว์ตัดหน้ากระชั้นชิด
4,ห้วยทราย - พรุพ้อ,1213,1214,พัทลุง,93,กรมทางหลวง,7,3,5,35,1.75,4,0.286,ทางตรง+ไม่มีความลาดชัน,หลับใน
3493,คลองทราย - จันทบุรี,5,6,จันทบุรี,22,กรมทางหลวง,7,3,5,35,2.33,3,0.286,ทางโค้งกว้าง+ไม่มีความลาดชัน,ขับรถเร็วเกินอัตรากำหนด
รบ.4123,แยกทางหลวงหมายเลข 3238 (กม.ที่ 3+300) - อำเภอบ้านโป่ง,13,14,ราชบุรี,70,กรมทางหลวงชนบท,7,3,5,35,7,1,0.286,ทางสี่แยก,ไม่ยอมให้รถที่มีสิทธิ์ไปก่อน
4,กระบุรี - หงาว,595,596,ระนอง,85,กรมทางหลวง,7,3,5,35,1.75,4,0,ทางตรง+ไม่มีความลาดชัน,ขับรถเร็วเกินอัตรากำหนด
41,ท่าชี - ถ้ำพรรณรา,249,250,นครศรีธรรมราช,80,กรมทางหลวง,7,3,5,35,2.33,3,0.143,ทางตรง+ที่ราบ,ขับรถเร็วเกินอัตรากำหนด
205,โคกสวาย - แขวงทางหลวงนครราชสีมาที่ 1,198,199,นครราชสีมา,30,กรมทางหลวง,6,2,15,35,1.5,4,0.167,ทางตรง+ไม่มีความลาดชัน,ขับรถเร็วเกินอัตรากำหนด
401,สิชล - ท่าแพ,259,260,นครศรีธรรมราช,80,กรมทางหลวง,6,2,15,35,1.2,5,0,ทางตรง+ไม่มีความลาดชัน,ขับรถเร็วเกินอัตรากำหนด
4142,บ้านใน - บ้านโฉ,7,8,สุราษฎร์ธานี,84,กรมทางหลวง,5,3,5,35,1.67,3,0,ทางตรง+ไม่มีความลาดชัน,ขับรถเร็วเกินอัตรากำหนด
202,ลำพังชู - ห้วยลำเตา,155,156,มหาสารคาม,44,กรมทางหลวง,5,2,15,35,1.25,4,0.2,ทางตรง+ไม่มีความลาดชัน,ขับรถเร็วเกินอัตรากำหนด
33,ประจันตคาม - พระปรง,198,199,ปราจีนบุรี,25,กรมทางหลวง,5,3,5,35,1.25,4,0,ทางตรง+ไม่มีความลาดชัน,ขับรถเร็วเกินอัตรากำหนด
201,สี่แยกโรงต้ม - ช่องสามหมอ,138,139,ชัยภูมิ,36,กรมทางหลวง,5,3,5,35,1.25,4,0.2,ทางตรง+ที่ราบ,ขับรถเร็วเกินอัตรากำหนด
213,มหาสารคาม - หนองขอน,4,5,มหาสารคาม,44,กรมทางหลวง,5,3,5,35,2.5,2,0.2,ทางตรง+ที่ราบ,ขับรถเร็วเกินอัตราที่กำหนด
304,พนมสารคาม - เขาหินซ้อน,119,120,ฉะเชิงเทรา,24,กรมทางหลวง,4,2,15,35,2,2,0,ทางตรง+ไม่มีความลาดชัน,ขับรถเร็วเกินอัตรากำหนด
226,บ้านพม่า - ห้วยทับทัน,196,197,สุรินทร์,32,กรมทางหลวง,4,2,15,35,1.33,3,0,ทางตรง+ไม่มีความลาดชัน,ขับรถเร็วเกินอัตรากำหนด
12,ขุมขี้ยาง - มุกดาหาร,712,713,มุกดาหาร,49,กรมทางหลวง,3,3,5,35,1.5,2,0,ทางตรง+ที่ลาดชัน,ขับรถเร็วเกินอัตรากำหนด
2287,ดงหลวง - สานแว้,0,1,มุกดาหาร,49,กรมทางหลวง,3,3,5,35,1,3,0,ทางตรง+ไม่มีความลาดชัน,ขับรถเร็วเกินอัตรากำหนด
12,ขุมขี้ยาง - มุกดาหาร,754,755,มุกดาหาร,49,กรมทางหลวง,3,3,5,35,1,3,0.333,ทางตรง+ที่ราบ,หลับใน
104,ตาก - สะพานวุฒิกุล,8,9,ตาก,63,กรมทางหลวง,3,3,5,35,1.5,2,0,ทางตรง+ไม่มีความลาดชัน,ขับรถเร็วเกินอัตรากำหนด
24,กระเทียม - ห้วยสำราญ,248,249,สุรินทร์,32,กรมทางหลวง,3,2,15,35,1.5,2,0,ทางตรง+ไม่มีความลาดชัน,หลับใน
11,ปางเคาะ - ปางมะโอ,416,417,แพร่,54,กรมทางหลวง,76,1,24,34,19,4,0.724,ทางโค้งกว้าง+ที่ลาดชัน,ขับรถเร็วเกินอัตรากำหนด
7,หนองข้างคอก - ตะเคียนเตี้ย,83,84,ชลบุรี,20,กรมทางหลวง,46,1,24,34,9.2,5,0.087,ทางตรง+ไม่มีความลาดชัน,ขับรถเร็วเกินอัตรากำหนด
7,แขวงคลองสองต้นนุ่น - พิมพา,34,35,สมุทรปราการ,11,กรมทางหลวง,37,1,24,34,7.4,5,0.027,ทางตรง+ไม่มีความลาดชัน,ขับรถเร็วเกินอัตรากำหนด
7,พิมพา - หนองข้างคอก,70,71,ชลบุรี,20,กรมทางหลวง,37,2,14,34,7.4,5,0.027,ทางตรง+ไม่มีความลาดชัน,ขับรถเร็วเกินอัตรากำหนด
12,แม่ละเมา - ตาก,67,68,ตาก,63,กรมทางหลวง,22,2,14,34,4.4,5,0.273,ทางโค้งกว้าง+ที่ลาดชัน,ขับรถเร็วเกินอัตรากำหนด
34,ทางเข้าท่าอากาศยานสุวรรณภูมิ - บางวัว,23,24,สมุทรปราการ,11,กรมทางหลวง,21,1,24,34,4.2,5,0,ทางตรง+ไม่มีความลาดชัน,ขับรถเร็วเกินอัตรากำหนด
7,ตะเคียนเตี้ย - พลา,117,118,ชลบุรี,20,กรมทางหลวง,18,0,34,34,3.6,5,0.056,ทางตรง+ไม่มีความลาดชัน,ขับรถเร็วเกินอัตรากำหนด
1,ต่างระดับบางปะอิน - หนองแค,70,71,พระนครศรีอยุธยา,14,กรมทางหลวง,18,1,24,34,3.6,5,0,ทางตรง+ไม่มีความลาดชัน,ขับรถเร็วเกินอัตรากำหนด
34,บางนา - ทางเข้าท่าอากาศยานสุวรรณภูมิ,2,3,กรุงเทพมหานคร,10,กรมทางหลวง,16,1,24,34,4,4,0,ทางตรง+ไม่มีความลาดชัน,ขับรถเร็วเกินอัตรากำหนด
3,โพธิ์ทอง - บ้านพลิ้ว,347,348,จันทบุรี,22,กรมทางหลวง,14,2,14,34,2.8,5,0.286,ทางโค้งกว้าง+ไม่มีความลาดชัน,ขับรถเร็วเกินอัตรากำหนด
3,แม่น้ำเวฬุ - เขาสมิง,377,378,ตราด,23,กรมทางหลวง,14,2,14,34,3.5,4,0.214,ทางตรง+ไม่มีความลาดชัน,ขับรถเร็วเกินอัตรากำหนด
11,ขุนตาน - อุโมงค์,525,526,ลำพูน,51,กรมทางหลวง,12,2,14,34,3,4,0,ทางตรง+ไม่มีความลาดชัน,ขับรถเร็วเกินอัตรากำหนด
3,หนองไม้แดง - ชลบุรี,89,90,ชลบุรี,20,กรมทางหลวง,11,2,14,34,2.75,4,0,ทางตรง+ไม่มีความลาดชัน,ขับรถเร็วเกินอัตรากำหนด
34,บางนา - ทางเข้าท่าอากาศยานสุวรรณภูมิ,11,12,สมุทรปราการ,11,กรมทางหลวง,10,3,4,34,2.5,4,0.1,ทางตรง+ไม่มีความลาดชัน,ขับรถเร็วเกินอัตรากำหนด
344,คลองเขต - กระแสบน,62,63,ชลบุรี,20,กรมทางหลวง,10,2,14,34,2.5,4,0.4,ทางตรง+ไม่มีความลาดชัน,ขับรถเร็วเกินอัตรากำหนด
222,พังโคน - เดื่อศรีคันไชย,1,2,สกลนคร,47,กรมทางหลวง,9,2,14,34,2.25,4,0,ทางตรง+ไม่มีความลาดชัน,ขับรถเร็วเกินอัตรากำหนด
4,เขาพับผ้า - พัทลุง,1157,1158,พัทลุง,93,กรมทางหลวง,9,2,14,34,2.25,4,0.222,ทางตรง+ไม่มีความลาดชัน,ขับรถเร็วเกินอัตรากำหนด
304,วังน้ำเขียว - ดอนขวาง,251,252,นครราชสีมา,30,กรมทางหลวง,8,3,4,34,2,4,0.25,ทางตรง+ไม่มีความลาดชัน,ขับรถเร็วเกินอัตรากำหนด
3,บางตำหรุ - คลองด่าน,41,42,สมุทรปราการ,11,กรมทางหลวง,8,3,4,34,2.67,3,0.125,ทางตรง+ไม่มีความลาดชัน,ขับรถเร็วเกินอัตรากำหนด
201,โนนสว่าง - ปากปวน,334,335,เลย,42,กรมทางหลวง,7,3,4,34,1.75,4,0,ทางตรง+ไม่มีความลาดชัน,ขับรถเร็วเกินอัตรากำหนด
304,พนมสารคาม - เขาหินซ้อน,110,111,ฉะเชิงเทรา,24,กรมทางหลวง,7,1,24,34,1.75,4,0.143,ทางตรง+ไม่มีความลาดชัน,สูญเสียการควบคุม
นบ.3021,ถนนราชพฤกษ์,14,15,นนทบุรี,12,กรมทางหลวงชนบท,6,3,4,34,1.5,4,0,ทางตรง+ไม่มีความลาดชัน,ขับรถเร็วเกินอัตรากำหนด
420,วงแหวนรอบเมืองสุราษฎร์ธานี,6,7,สุราษฎร์ธานี,84,กรมทางหลวง,6,3,4,34,2,3,0,ทางตรง+ไม่มีความลาดชัน,ขับรถเร็วเกินอัตรากำหนด
23,หนองจิก - ห้วยแอ่ง,81,82,มหาสารคาม,44,กรมทางหลวง,6,3,4,34,1.5,4,0,ทางตรง+ไม่มีความลาดชัน,ขับรถเร็วเกินอัตรากำหนด
11,ชัยมงคล- บึงหลัก,308,309,อุตรดิตถ์,53,กรมทางหลวง,6,2,14,34,2,3,0,ทางตรง+ไม่มีความลาดชัน,หลับใน
304,เขาหินซ้อน - ลาดตะเคียน,147,148,ปราจีนบุรี,25,กรมทางหลวง,6,3,4,34,1.2,5,0,ทางตรง+ที่ราบ,ขับรถเร็วเกินอัตรากำหนด
32,ไชโย - สิงห์ใต้,79,80,สิงห์บุรี,17,กรมทางหลวง,6,3,4,34,2,3,0.333,ทางตรง+ไม่มีความลาดชัน,หลับใน
24,กระเทียม - ห้วยสำราญ,251,252,สุรินทร์,32,กรมทางหลวง,5,3,4,34,1.25,4,0,ทางตรง+ไม่มีความลาดชัน,ขับรถเร็วเกินอัตราที่กำหนด
212,ห้วยสะแบก - อำนาจเจริญ,503,504,อำนาจเจริญ,37,กรมทางหลวง,5,3,4,34,1.67,3,0,ทางตรง+ไม่มีความลาดชัน,ขับรถเร็วเกินอัตรากำหนด
42,นาจวก - ดอนยาง,82,83,ปัตตานี,94,กรมทางหลวง,5,3,4,34,1.25,4,0,ทางตรง+ไม่มีความลาดชัน,ขับรถเร็วเกินอัตรากำหนด
4,วังยาว - หนองหมู,267,268,ประจวบคีรีขันธ์,77,กรมทางหลวง,5,3,4,34,2.5,2,0,ทางตรง+ไม่มีความลาดชัน,ขับรถเร็วเกินอัตรากำหนด
2347,ธาตุนาเวง - สกลนคร,3,4,สกลนคร,47,กรมทางหลวง,5,3,4,34,1.67,3,0,ทางตรง+ไม่มีความลาดชัน,ขับรถเร็วเกินอัตรากำหนด
3,แม่น้ำตราด - หาดเล็ก,405,406,ตราด,23,กรมทางหลวง,5,3,4,34,2.5,2,0.4,ทางตรง+ไม่มีความลาดชัน,ขับรถเร็วเกินอัตรากำหนด
214,จอมพระ - เชื้อเพลิง,179,180,สุรินทร์,32,กรมทางหลวง,5,3,4,34,2.5,2,0.2,ทางตรง+ไม่มีความลาดชัน,ขับรถเร็วเกินอัตรากำหนด
4,วังยาว - หนองหมู,246,247,ประจวบคีรีขันธ์,77,กรมทางหลวง,4,3,4,34,1,4,0.25,ทางตรง+ไม่มีความลาดชัน,ขับรถเร็วเกินอัตรากำหนด
201,หนองบัวโคก - บ้านลี่,96,97,ชัยภูมิ,36,กรมทางหลวง,4,3,4,34,2,2,0,ทางตรง+ไม่มีความลาดชัน,ขับรถเร็วเกินอัตรากำหนด
345,บางบัวทอง - บางคูวัด,1,2,นนทบุรี,12,กรมทางหลวง,4,3,4,34,1.33,3,0,ทางตรง+ไม่มีความลาดชัน,ขับรถเร็วเกินอัตรากำหนด
1202,พะเยา - สันต้นแหน,3,4,พะเยา,56,กรมทางหลวง,4,3,4,34,1.33,3,0.25,ทางตรง+ไม่มีความลาดชัน,ขับรถเร็วเกินอัตรากำหนด
12,บ้านหลุบ - นาไคร้,690,691,กาฬสินธุ์,46,กรมทางหลวง,4,3,4,34,1.33,3,0,ทางตรง+ไม่มีความลาดชัน,หลับใน
3348,หนองขอน - จันทนิมิต,9,10,จันทบุรี,22,กรมทางหลวง,4,3,4,34,1.33,3,0,ทางตรง+ที่ราบ,ขับรถเร็วเกินอัตราที่กำหนด
1095,กิ่วคอหมา - แม่นะ,82,83,แม่ฮ่องสอน,58,กรมทางหลวง,4,2,14,34,1.33,3,0,ทางโค้งปกติ+ที่ราบ,ขับรถไม่ชำนาญ / ไม่เป็น
1,วังม่วง - แม่เชียงรายบน,573,574,ตาก,63,กรมทางหลวง,3,2,14,34,1,3,0,ทางตรง+ไม่มีความลาดชัน,ยางเสื่อมสภาพ/ยางแตก
2134,ตระการพืชผล - ดอนใหญ่,45,46,อุบลราชธานี,34,กรมทางหลวง,3,3,4,34,1,3,0,,ขับรถเร็วเกินอัตรากำหนด
4,น้ำรอด - พ่อตาหินช้าง,415,416,ประจวบคีรีขันธ์,77,กรมทางหลวง,3,3,4,34,1.5,2,0.333,ทางตรง+ไม่มีความลาดชัน,ขับรถเร็วเกินอัตรากำหนด
3,ชลบุรี - ศรีราชา,102,103,ชลบุรี,20,กรมทางหลวง,3,3,4,34,1,3,0,ทางตรง+ไม่มีความลาดชัน,ขับรถเร็วเกินอัตรากำหนด
401,ท่าโรงช้าง - กิโลศูนย์,132,133,สุราษฎร์ธานี,84,กรมทางหลวง,3,3,4,34,1.5,2,0,ทางแยกรูปตัว T+ที่ราบ,มีการตัดหน้าระยะกระชั้นชิด
3351,บางแม่หม้าย - บางน้อยใน,21,22,สุพรรณบุรี,72,กรมทางหลวง,3,3,4,34,1,3,0,ทางตรง+ที่ราบ,ขับรถเร็วเกินอัตราที่กำหนด
22,บ้านยา - สว่างแดนดิน,60,61,สกลนคร,47,กรมทางหลวง,3,3,4,34,1,3,0,ทางตรง+ไม่มีความลาดชัน,เมาสุรา
4103,ปากพูน - เบญจม,7,8,นครศรีธรรมราช,80,กรมทางหลวง,3,3,4,34,1.5,2,0,ทางตรง+ไม่มีความลาดชัน,คน/รถ/สัตว์ตัดหน้ากระชั้นชิด
1,โนนปอแดง - ปากดง,390,391,กำแพงเพชร,62,กรมทางหลวง,3,3,4,34,1.5,2,0,ทางตรง+ไม่มีความลาดชัน,ฝ่าฝืนสัญญาณไฟ/เครื่องหมายจราจร
11,อินทร์บุรี - ช่องแค,11,12,นครสวรรค์,60,กรมทางหลวง,3,3,4,34,3,1,0,ทางตรง+ไม่มีความลาดชัน,ขับรถเร็วเกินอัตรากำหนด
3206,ปากท่อ - ห้วยศาลา,18,19,ราชบุรี,70,กรมทางหลวง,3,3,4,34,1.5,2,0,ทางโค้งกว้าง+ที่ลาดชัน,ขับรถเร็วเกินอัตรากำหนด
9,คลองมหาสวัสดิ์ - คลองบางไผ่,40,41,กรุงเทพมหานคร,10,กรมทางหลวง,64,1,23,33,12.8,5,0.094,ทางตรง+ไม่มีความลาดชัน,ขับรถเร็วเกินอัตรากำหนด
ส.013,สะพานภูมิพลที่ 1 ไปสะพานภูมิพลที่ 2,3,4,สมุทรปราการ,11,กรมทางหลวงชนบท,40,0,33,33,8,5,0.1,ทางตรง+ที่ลาดชัน,ขับรถเร็วเกินอัตรากำหนด
7,พิมพา - หนองข้างคอก,41,42,ฉะเชิงเทรา,24,กรมทางหลวง,35,2,13,33,7,5,0.171,ทางตรง+ไม่มีความลาดชัน,ขับรถเร็วเกินอัตรากำหนด
340,สาลี - สุพรรณบุรี,68,69,สุพรรณบุรี,72,กรมทางหลวง,35,0,33,33,7,5,0,ทางตรง+ไม่มีความลาดชัน,ขับรถเร็วเกินอัตรากำหนด
7,พิมพา - หนองข้างคอก,58,59,ชลบุรี,20,กรมทางหลวง,34,2,13,33,6.8,5,0.059,ทางตรง+ไม่มีความลาดชัน,ขับรถเร็วเกินอัตรากำหนด
12,เมืองเก่า - สุโขทัย,169,170,สุโขทัย,64,กรมทางหลวง,25,1,23,33,5,5,0.04,ทางตรง+ไม่มีความลาดชัน,ขับรถเร็วเกินอัตรากำหนด
101,แยกนาแหลม - หนองห้า,256,257,แพร่,54,กรมทางหลวง,24,2,13,33,4.8,5,0.125,ทางตรง+ไม่มีความลาดชัน,ขับรถเร็วเกินอัตรากำหนด
1,ต่างระดับบางปะอิน - หนองแค,56,57,พระนครศรีอยุธยา,14,กรมทางหลวง,24,0,33,33,4.8,5,0.042,ทางตรง+ไม่มีความลาดชัน,ขับรถเร็วเกินอัตรากำหนด
4,พัทลุง - นาโหนด,1168,1169,พัทลุง,93,กรมทางหลวง,22,2,13,33,4.4,5,0.318,ทางโค้งปกติ+ที่ราบ,ขับรถเร็วเกินอัตรากำหนด
3,หนองไม้แดง - ชลบุรี,88,89,ชลบุรี,20,กรมทางหลวง,19,2,13,33,3.8,5,0.053,ทางตรง+ไม่มีความลาดชัน,ขับรถเร็วเกินอัตรากำหนด
2,มวกเหล็ก - บ่อทอง,41,42,นครราชสีมา,30,กรมทางหลวง,18,2,13,33,4.5,4,0.5,ทางตรง+ไม่มีความลาดชัน,ขับรถเร็วเกินอัตรากำหนด
4,หนองหมู - ห้วยยาง,309,310,ประจวบคีรีขันธ์,77,กรมทางหลวง,17,2,13,33,4.25,4,0.118,ทางตรง+ไม่มีความลาดชัน,ขับรถเร็วเกินอัตรากำหนด
340,ศรีประจันต์ - ปากน้ำ,119,120,สุพรรณบุรี,72,กรมทางหลวง,14,1,23,33,2.8,5,0,ทางตรง+ไม่มีความลาดชัน,ขับรถเร็วเกินอัตรากำหนด
304,วังน้ำเขียว - ดอนขวาง,257,258,นครราชสีมา,30,กรมทางหลวง,14,2,13,33,2.8,5,0.357,ทางโค้งกว้าง+ไม่มีความลาดชัน,ขับรถเร็วเกินอัตรากำหนด
121,ต้นเปา - ดอนแก้ว,24,25,เชียงใหม่,50,กรมทางหลวง,12,2,13,33,3,4,0.167,ทางตรง+ไม่มีความลาดชัน,ขับรถเร็วเกินอัตรากำหนด
1202,พะเยา - สันต้นแหน,4,5,พะเยา,56,กรมทางหลวง,10,2,13,33,2,5,0,ทางโค้งกว้าง+ไม่มีความลาดชัน,ขับรถเร็วเกินอัตรากำหนด
34,บางปะกง - หนองไม้แดง,58,59,ชลบุรี,20,กรมทางหลวง,10,3,3,33,2.5,4,0,ทางตรง+ไม่มีความลาดชัน,ขับรถเร็วเกินอัตรากำหนด
205,โคกสวาย - แขวงทางหลวงนครราชสีมาที่ 1,195,196,นครราชสีมา,30,กรมทางหลวง,9,3,3,33,3,3,0.111,ทางตรง+ที่ราบ,ขับรถเร็วเกินอัตรากำหนด
1,ต่างระดับคลองหลวง - ประตูน้ำพระอินทร์,45,46,ปทุมธานี,13,กรมทางหลวง,9,3,3,33,2.25,4,0.222,ทางตรง+ไม่มีความลาดชัน,ขับรถเร็วเกินอัตรากำหนด
344,หนองปรือ - คลองเขต,58,59,ชลบุรี,20,กรมทางหลวง,9,2,13,33,3,3,0,ทางตรง+ไม่มีความลาดชัน,ขับรถเร็วเกินอัตรากำหนด
2,โคกกรวด - นครราชสีมา,147,148,นครราชสีมา,30,กรมทางหลวง,8,2,13,33,2.67,3,0.125,ทางตรง+ไม่มีความลาดชัน,ขับรถเร็วเกินอัตรากำหนด
291,ทางเลี่ยงเมืองมหาสารคาม,7,8,มหาสารคาม,44,กรมทางหลวง,8,3,3,33,1.6,5,0,ทางแยกรูปตัว ++ที่ราบ,ขับรถเร็วเกินอัตรากำหนด
41,สวนสมบูรณ์ - เกาะมุกข์,112,113,สุราษฎร์ธานี,84,กรมทางหลวง,8,2,13,33,2,4,0.125,ทางตรง+ไม่มีความลาดชัน,ขับรถเร็วเกินอัตรากำหนด
34,บางวัว - บางปะกง,48,49,ฉะเชิงเทรา,24,กรมทางหลวง,8,2,13,33,2,4,0,ทางตรง+ไม่มีความลาดชัน,ขับรถเร็วเกินอัตรากำหนด
202,ยโสธร- สะพานคลองลำเซ,274,275,ยโสธร,35,กรมทางหลวง,8,3,3,33,2,4,0,ทางตรง+ไม่มีความลาดชัน,ขับรถเร็วเกินอัตรากำหนด
403,เสาธง - สวนผัก,29,30,นครศรีธรรมราช,80,กรมทางหลวง,7,3,3,33,1.75,4,0.143,ทางตรง+ไม่มีความลาดชัน,ขับรถเร็วเกินอัตรากำหนด
4,หนองบ้วย - ห้วยทรายใต้,180,181,เพชรบุรี,76,กรมทางหลวง,7,3,3,33,1.75,4,0,ทางตรง+ไม่มีความลาดชัน,ขับรถเร็วเกินอัตรากำหนด
42,ปูต๊ะ - สะปอม,197,198,นราธิวาส,96,กรมทางหลวง,7,3,3,33,1.75,4,0,ทางตรง+ไม่มีความลาดชัน,ขับรถเร็วเกินอัตรากำหนด
2116,ห้วยคล้อ - เลิงนกทา,137,138,ยโสธร,35,กรมทางหลวง,6,3,3,33,1.5,4,0,ทางตรง+ไม่มีความลาดชัน,ขับรถเร็วเกินอัตรากำหนด
3256,บางปู - บางพลี,1,2,สมุทรปราการ,11,กรมทางหลวง,6,3,3,33,1.2,5,0.167,ทางตรง+ไม่มีความลาดชัน,ขับรถเร็วเกินอัตรากำหนด
11,น้ำสาดเหนือ - หนองกลับ,99,100,นครสวรรค์,60,กรมทางหลวง,6,3,3,33,2,3,0,ทางตรง+ไม่มีความลาดชัน,ขับรถเร็วเกินอัตรากำหนด
2,มอจะบก - ไร่โคกสูง,106,107,นครราชสีมา,30,กรมทางหลวง,6,3,3,33,1.5,4,0.333,ทางตรง+ที่ราบ,ขับรถเร็วเกินอัตรากำหนด
1,นครชุม - วังเจ้า,488,489,กำแพงเพชร,62,กรมทางหลวง,5,3,3,33,1.67,3,0.2,ทางตรง+ไม่มีความลาดชัน,ขับรถเร็วเกินอัตรากำหนด
403,ทุ่งสง - กะปาง,59,60,นครศรีธรรมราช,80,กรมทางหลวง,5,3,3,33,1.67,3,0,ทางตรง+ไม่มีความลาดชัน,ขับรถเร็วเกินอัตรากำหนด
1021,แม่ต๋ำ - บ้านใหม่,21,22,พะเยา,56,กรมทางหลวง,5,3,3,33,2.5,2,0,ทางตรง+ไม่มีความลาดชัน,แซงรถอย่างผิดกฎหมาย
333,สระกระโจม - บ้านไร่,63,64,สุพรรณบุรี,72,กรมทางหลวง,5,3,3,33,1.67,3,0,ทางตรง+ไม่มีความลาดชัน,ฝ่าฝืนสัญญาณไฟ/เครื่องหมายจราจร
2370,นิคมคำสร้อย - หนองสูง,6,7,มุกดาหาร,49,กรมทางหลวง,5,3,3,33,1.25,4,0,ทางโค้งกว้าง+ไม่มีความลาดชัน,ระบบห้ามล้อขัดข้อง/ระบบเบรกชำรุด
21,บ้านโตก - หัวนา,235,236,เพชรบูรณ์,67,กรมทางหลวง,5,3,3,33,1.25,4,0,ทางตรง+ไม่มีความลาดชัน,ขับรถเร็วเกินอัตรากำหนด
344,หนองปรือ - คลองเขต,59,60,ชลบุรี,20,กรมทางหลวง,5,3,3,33,1.25,4,0,ทางตรง+ไม่มีความลาดชัน,ขับรถเร็วเกินอัตรากำหนด
3193,ทับไทร - เทพนิมิต,13,14,จันทบุรี,22,กรมทางหลวง,5,3,3,33,1.67,3,0.4,ทางโค้งกว้าง+ไม่มีความลาดชัน,ขับรถเร็วเกินอัตรากำหนด
1,ตาก - วังม่วง,532,533,ตาก,63,กรมทางหลวง,5,3,3,33,1.67,3,0.4,ทางตรง+ไม่มีความลาดชัน,ขับรถเร็วเกินอัตราที่กำหนด
317,หน้าค่าย ตชด. - พังงอน,24,25,จันทบุรี,22,กรมทางหลวง,4,3,3,33,1.33,3,0.5,ทางตรง+ไม่มีความลาดชัน,ขับรถเร็วเกินอัตรากำหนด
24,กระเทียม - ห้วยสำราญ,253,254,สุรินทร์,32,กรมทางหลวง,4,2,13,33,1.33,3,0,ทางตรง+ไม่มีความลาดชัน,หลับใน
4,เขาคราม - ตลาดเก่า,951,952,กระบี่,81,กรมทางหลวง,4,3,3,33,1.33,3,0,ทางตรง+ไม่มีความลาดชัน,ขับรถเร็วเกินอัตรากำหนด
3148,ตราด - แหลมงอบ,11,12,ตราด,23,กรมทางหลวง,4,3,3,33,2,2,0,ทางตรง+ไม่มีความลาดชัน,ขับรถเร็วเกินอัตรากำหนด
2177,นาน้อย - อากาศอำนวย,31,32,สกลนคร,47,กรมทางหลวง,4,3,3,33,1.33,3,0,ทางตรง+ไม่มีความลาดชัน,ขับรถเร็วเกินอัตรากำหนด
317,เขาแหลม - สระแก้ว,128,129,สระแก้ว,27,กรมทางหลวง,4,3,3,33,1.33,3,0.25,ทางตรง+ไม่มีความลาดชัน,ขับรถเร็วเกินอัตรากำหนด
นศ.3013,แยกทางหลวงหมายเลข 403 (กม.ที่ 8+800) - บ้านลานสกา,8,9,นครศรีธรรมราช,80,กรมทางหลวงชนบท,4,2,13,33,1.33,3,0,ทางสี่แยก,ขับรถเร็วเกินอัตรากำหนด
1090,แม่สอด - ห้วยน้ำริน,6,7,ตาก,63,กรมทางหลวง,4,3,3,33,1.33,3,0,ทางตรง+ไม่มีความลาดชัน,ขับรถเร็วเกินอัตราที่กำหนด
2256,ถนนโค้ง - หนองน้ำใส,14,15,ลพบุรี,16,กรมทางหลวง,4,3,3,33,1.33,3,0,ทางตรง+ไม่มีความลาดชัน,ขับรถเร็วเกินอัตรากำหนด
3208,น้ำพุ - เหมืองผาปกค้างคาว,35,36,ราชบุรี,70,กรมทางหลวง,3,3,3,33,1.5,2,0,ทางตรง+ไม่มีความลาดชัน,ขับรถเร็วเกินอัตรากำหนด
108,เชียงใหม่ - ปากทางท่าลี่,8,9,เชียงใหม่,50,กรมทางหลวง,3,3,3,33,1.5,2,0,ทางตรง+ไม่มีความลาดชัน,ขับรถเร็วเกินอัตรากำหนด
3,พลูตาหลวง - มาบตาพุด,194,195,ระยอง,21,กรมทางหลวง,3,2,13,33,1,3,0.333,ทางแยกรูปตัว T+ที่ราบ,ขับรถเร็วเกินอัตรากำหนด
สต.3016,แยกทางหลวงหมายเลข 406 (กม.ที่ 75+200) - บ้านกุบังปะโหลด,6,7,สตูล,91,กรมทางหลวงชนบท,3,3,3,33,1.5,2,0,ทางสามแยก (T),แซงรถอย่างผิดกฎหมาย
12,ร่องแซง - หนองแก,471,472,ขอนแก่น,40,กรมทางหลวง,3,3,3,33,1,3,0,ทางตรง+ไม่มีความลาดชัน,ขับรถเร็วเกินอัตรากำหนด
ลป.5006,แยกทางหลวงชนบท ลป.1014 (กม.ที่ 2+545) - อำเภอเกาะคา,34,35,ลำปาง,52,กรมทางหลวงชนบท,3,3,3,33,3,1,0,ทางตรง+ไม่มีความลาดชัน,ขับรถเร็วเกินอัตรากำหนด
สบ.3004,แยกทางหลวงหมายเลข 362 (กม.ที่ 11+200) - บ้านหาดสองแคว,1,2,สระบุรี,19,กรมทางหลวงชนบท,3,3,3,33,1.5,2,0,ทางสี่แยก,ขับรถเร็วเกินอัตรากำหนด
2178,วารินชำราบ - หนองงูเหลือม,19,20,อุบลราชธานี,34,กรมทางหลวง,3,3,3,33,1,3,0,ทางตรง+ไม่มีความลาดชัน,ขับรถเร็วเกินอัตรากำหนด
317,พังงอน - เขาแหลม,69,70,จันทบุรี,22,กรมทางหลวง,3,3,3,33,1.5,2,0,ทางตรง+ไม่มีความลาดชัน,ขับรถเร็วเกินอัตรากำหนด
1074,สลกบาตร - ทุ่งสนุ่น,10,11,กำแพงเพชร,62,กรมทางหลวง,3,3,3,33,1.5,2,0,ทางตรง+ไม่มีความลาดชัน,ขับรถเร็วเกินอัตรากำหนด
9,บางปะอิน - แขวงรามอินทรา,27,28,ปทุมธานี,13,กรมทางหลวง,94,0,32,32,18.8,5,0.074,ทางตรง+ไม่มีความลาดชัน,ขับรถเร็วเกินอัตรากำหนด
9,บางปะอิน - แขวงรามอินทรา,23,24,ปทุมธานี,13,กรมทางหลวง,61,2,12,32,12.2,5,0.115,ทางตรง+ไม่มีความลาดชัน,ขับรถเร็วเกินอัตรากำหนด
9,บางปะอิน - แขวงรามอินทรา,29,30,ปทุมธานี,13,กรมทางหลวง,61,1,22,32,12.2,5,0.082,ทางตรง+ไม่มีความลาดชัน,ขับรถเร็วเกินอัตรากำหนด
1001,เชียงใหม่ - บ้านโป่ง,2,3,เชียงใหม่,50,กรมทางหลวง,31,1,22,32,6.2,5,0.323,ทางตรง+ไม่มีความลาดชัน,ขับรถเร็วเกินอัตรากำหนด
101,แยกนาแหลม - หนองห้า,251,252,แพร่,54,กรมทางหลวง,29,2,12,32,5.8,5,0.034,ทางตรง+ไม่มีความลาดชัน,ขับรถเร็วเกินอัตรากำหนด
2,มวกเหล็ก - บ่อทอง,36,37,นครราชสีมา,30,กรมทางหลวง,25,2,12,32,5,5,0.12,ทางตรง+ที่ลาดชัน,ขับรถเร็วเกินอัตรากำหนด
357,ถนนวงแหวนรอบเมืองสุพรรณบุรี,44,45,สุพรรณบุรี,72,กรมทางหลวง,21,1,22,32,4.2,5,0,ทางตรง+ไม่มีความลาดชัน,ขับรถเร็วเกินอัตรากำหนด
3242,บางบอน - โรงพยาบาลบางปะกอก 8,15,16,กรุงเทพมหานคร,10,กรมทางหลวง,21,0,32,32,4.2,5,0.048,ทางตรง+ไม่มีความลาดชัน,ขับรถเร็วเกินอัตรากำหนด
1,ดอนรังนก - หางน้ำหนองแขม,289,290,ชัยนาท,18,กรมทางหลวง,18,2,12,32,3.6,5,0,ทางตรง+ไม่มีความลาดชัน,คน/รถ/สัตว์ตัดหน้ากระชั้นชิด
41,สี่แยกโพธิ์ทอง - พัทลุง,379,380,พัทลุง,93,กรมทางหลวง,18,2,12,32,4.5,4,0.167,ทางตรง+ไม่มีความลาดชัน,ขับรถเร็วเกินอัตรากำหนด
41,เขาบ่อ - ท่าทอง,52,53,ชุมพร,86,กรมทางหลวง,17,2,12,32,5.67,3,0.235,ทางตรง+ไม่มีความลาดชัน,ขับรถเร็วเกินอัตรากำหนด
121,เหมืองกุง - ต้นเปา,7,8,เชียงใหม่,50,กรมทางหลวง,15,2,12,32,3.75,4,0.067,ทางตรง+ไม่มีความลาดชัน,ขับรถเร็วเกินอัตรากำหนด
35,นาโคก - แพรกหนามแดง,58,59,สมุทรสงคราม,75,กรมทางหลวง,13,2,12,32,3.25,4,0.231,ทางตรง+ไม่มีความลาดชัน,ขับรถเร็วเกินอัตรากำหนด
4,วังยาว - หนองหมู,258,259,ประจวบคีรีขันธ์,77,กรมทางหลวง,13,2,12,32,3.25,4,0.077,ทางตรง+ที่ราบ,หลับใน
212,ย้อมพัฒนา - นาโพธิ์,424,425,มุกดาหาร,49,กรมทางหลวง,12,2,12,32,3,4,0,ทางตรง+ไม่มีความลาดชัน,ขับรถเร็วเกินอัตรากำหนด
3312,ลำลูกกา - คลอง 16,28,29,ปทุมธานี,13,กรมทางหลวง,12,2,12,32,6,2,0.083,ทางตรง+ไม่มีความลาดชัน,ขับรถเร็วเกินอัตรากำหนด
4,วังครก - เสียบญวณ,483,484,ชุมพร,86,กรมทางหลวง,12,2,12,32,2.4,5,0.333,ทางตรง+ไม่มีความลาดชัน,ขับรถเร็วเกินอัตรากำหนด
2,ดอนหวาย - บ้านวัด,184,185,นครราชสีมา,30,กรมทางหลวง,11,1,22,32,2.75,4,0.273,ทางตรง+ไม่มีความลาดชัน,ขับรถเร็วเกินอัตรากำหนด
1,แยกประตูชัย - พาน,844,845,พะเยา,56,กรมทางหลวง,11,1,22,32,2.75,4,0,ทางตรง+ไม่มีความลาดชัน,ขับรถเร็วเกินอัตรากำหนด
1,ดอนรังนก - หางน้ำหนองแขม,283,284,ชัยนาท,18,กรมทางหลวง,11,2,12,32,3.67,3,0.091,ทางตรง+ไม่มีความลาดชัน,ขับรถเร็วเกินอัตรากำหนด
4,นาวง - ห้วยยอด,1061,1062,ตรัง,92,กรมทางหลวง,10,2,12,32,2,5,0.3,ทางตรง+ไม่มีความลาดชัน,คน/รถ/สัตว์ตัดหน้ากระชั้นชิด
117,หนองเต่า - คลองพลังด้านใต้,26,27,นครสวรรค์,60,กรมทางหลวง,10,3,2,32,2.5,4,0,ทางตรง+ไม่มีความลาดชัน,หลับใน
1,ต่างระดับคลองหลวง - ประตูน้ำพระอินทร์,47,48,พระนครศรีอยุธยา,14,กรมทางหลวง,8,3,2,32,2.67,3,0.25,ทางตรง+ไม่มีความลาดชัน,ขับรถเร็วเกินอัตรากำหนด
2116,ห้วยคล้อ - เลิงนกทา,140,141,ยโสธร,35,กรมทางหลวง,8,2,12,32,1.6,5,0,ทางโค้งกว้าง+ที่ลาดชัน,ขับรถเร็วเกินอัตรากำหนด
2,อุดรธานี - น้ำสวย,472,473,อุดรธานี,41,กรมทางหลวง,7,2,12,32,2.33,3,0,ทางตรง+ไม่มีความลาดชัน,ขับรถเร็วเกินอัตรากำหนด
344,หนองรี - หนองปรือ,9,10,ชลบุรี,20,กรมทางหลวง,7,2,12,32,1.4,5,0,ทางตรง+ไม่มีความลาดชัน,ขับรถเร็วเกินอัตรากำหนด
2,ขอนแก่น - หินลาด,348,349,ขอนแก่น,40,กรมทางหลวง,7,1,22,32,1.75,4,0.143,ทางตรง+ไม่มีความลาดชัน,ขับรถเร็วเกินอัตรากำหนด
21,ม่วงค่อม - คลองกระจัง,63,64,ลพบุรี,16,กรมทางหลวง,7,3,2,32,1.75,4,0.286,ทางตรง+ไม่มีความลาดชัน,ขับรถเร็วเกินอัตรากำหนด
1,ตาก - วังม่วง,526,527,ตาก,63,กรมทางหลวง,7,3,2,32,1.75,4,0.143,ทางตรง+ไม่มีความลาดชัน,ขับรถเร็วเกินอัตรากำหนด
1,แม่กา - แยกประตูชัย,819,820,พะเยา,56,กรมทางหลวง,7,2,12,32,1.75,4,0.143,ทางตรง+ไม่มีความลาดชัน,ขับรถเร็วเกินอัตรากำหนด
1090,แม่สอด - ห้วยน้ำริน,1,2,ตาก,63,กรมทางหลวง,6,3,2,32,1.2,5,0,ทางตรง+ไม่มีความลาดชัน,ขับรถเร็วเกินอัตรากำหนด
323,ท่าน้ำตื้น - หนองสามพราน,66,67,กาญจนบุรี,71,กรมทางหลวง,6,2,12,32,1.5,4,0.167,ทางตรง+ไม่มีความลาดชัน,ขับรถเร็วเกินอัตรากำหนด
1,โนนปอแดง - ปากดง,401,402,กำแพงเพชร,62,กรมทางหลวง,6,3,2,32,2,3,0.167,ทางตรง+ไม่มีความลาดชัน,ขับรถเร็วเกินอัตรากำหนด
1,ห้วยพลู - แม่คำ,969,970,เชียงราย,57,กรมทางหลวง,6,3,2,32,2,3,0.167,ทางตรง+ไม่มีความลาดชัน,ขับรถเร็วเกินอัตรากำหนด
4009,เวียงสระ - บางสวรรค์,92,93,สุราษฎร์ธานี,84,กรมทางหลวง,6,3,2,32,1.5,4,0,ทางตรง+ไม่มีความลาดชัน,ขับรถเร็วเกินอัตราที่กำหนด
323,หนองเสือ - ท่าน้ำตื้น,52,53,กาญจนบุรี,71,กรมทางหลวง,5,3,2,32,1.67,3,0,ทางตรง+ไม่มีความลาดชัน,ขับรถเร็วเกินอัตรากำหนด
333,สระกระโจม - บ้านไร่,57,58,สุพรรณบุรี,72,กรมทางหลวง,5,3,2,32,1.67,3,0,ทางตรง+ไม่มีความลาดชัน,ขับรถเร็วเกินอัตรากำหนด
24,หัวช้าง - แยกการช่าง,304,305,ศรีสะเกษ,33,กรมทางหลวง,5,3,2,32,2.5,2,0.2,ทางตรง+ไม่มีความลาดชัน,คน/รถ/สัตว์ตัดหน้ากระชั้นชิด
41,สี่แยกโพธิ์ทอง - พัทลุง,371,372,พัทลุง,93,กรมทางหลวง,5,3,2,32,1.67,3,0.2,ทางตรง+ไม่มีความลาดชัน,ขับรถเร็วเกินอัตรากำหนด
1045,อุตรดิตถ์ - วังสีสูบ,1,2,อุตรดิตถ์,53,กรมทางหลวง,5,3,2,32,2.5,2,0,ทางตรง+ที่ราบ,ขับรถเร็วเกินอัตราที่กำหนด
1,แยกประตูชัย - พาน,866,867,พะเยา,56,กรมทางหลวง,5,3,2,32,1.25,4,0,ทางตรง+ไม่มีความลาดชัน,ขับรถเร็วเกินอัตรากำหนด
12,น้ำดุก - ห้วยซำมะคาว,365,366,เพชรบูรณ์,67,กรมทางหลวง,5,3,2,32,1.67,3,0,ทางตรง+ไม่มีความลาดชัน,ขับรถเร็วเกินอัตรากำหนด
1,สามัคคี - บ้านหวด,713,714,ลำปาง,52,กรมทางหลวง,5,3,2,32,2.5,2,0.2,ทางตรง+ไม่มีความลาดชัน,ขับรถเร็วเกินอัตรากำหนด
3004,พระนอน - ท่าตะโก,21,22,นครสวรรค์,60,กรมทางหลวง,4,3,2,32,2,2,0,ทางตรง+ไม่มีความลาดชัน,ขับรถเร็วเกินอัตรากำหนด
11,ไดตาล - น้ำสาดเหนือ,87,88,นครสวรรค์,60,กรมทางหลวง,4,3,2,32,1.33,3,0,ทางตรง+ไม่มีความลาดชัน,หลับใน
1001,บ้านโป่ง - พร้าว,91,92,เชียงใหม่,50,กรมทางหลวง,4,3,2,32,1.33,3,0,ทางตรง+ไม่มีความลาดชัน,ขับรถเร็วเกินอัตรากำหนด
214,จอมพระ - เชื้อเพลิง,203,204,สุรินทร์,32,กรมทางหลวง,4,3,2,32,1.33,3,0,ทางตรง+ไม่มีความลาดชัน,ขับรถเร็วเกินอัตรากำหนด
1263,ขุนยวม - ปางอุ๋ง,1,2,แม่ฮ่องสอน,58,กรมทางหลวง,4,3,2,32,2,2,0,ทางตรง+ที่ราบ,ขับรถเร็วเกินอัตรากำหนด
1,โนนปอแดง - ปากดง,394,395,กำแพงเพชร,62,กรมทางหลวง,4,2,12,32,1.33,3,0,ทางตรง+ไม่มีความลาดชัน,ขับรถเร็วเกินอัตรากำหนด
214,จอมพระ - เชื้อเพลิง,210,211,สุรินทร์,32,กรมทางหลวง,4,3,2,32,2,2,0,ทางตรง+ไม่มีความลาดชัน,ขับรถเร็วเกินอัตรากำหนด
1272,คีรีมาศ - สามแยกแจกัน,7,8,สุโขทัย,64,กรมทางหลวง,4,2,12,32,2,2,0,ทางตรง+ไม่มีความลาดชัน,ขับรถเร็วเกินอัตรากำหนด
2343,สักหลง - วังมล,3,4,เพชรบูรณ์,67,กรมทางหลวง,4,3,2,32,2,2,0,ทางตรง+ไม่มีความลาดชัน,ขับรถเร็วเกินอัตรากำหนด
1001,บ้านโป่ง - พร้าว,74,75,เชียงใหม่,50,กรมทางหลวง,4,3,2,32,1,4,0,ทางโค้งกว้าง+ไม่มีความลาดชัน,ขับรถเร็วเกินอัตรากำหนด
331,เนินผาสุข - มาบเอียง,10,11,ชลบุรี,20,กรมทางหลวง,4,3,2,32,2,2,0,ทางตรง+ที่ราบ,ขับรถเร็วเกินอัตราที่กำหนด
3263,ไผ่กองดิน - สาลี,36,37,สุพรรณบุรี,72,กรมทางหลวง,4,3,2,32,1.33,3,0,ทางโค้งปกติ+ก้นโค้ง,ขับรถไม่ชำนาญ / ไม่เป็น
23,หนองจิก - ห้วยแอ่ง,64,65,มหาสารคาม,44,กรมทางหลวง,4,3,2,32,2,2,0,ทางตรง+ที่ราบ,ขับรถเร็วเกินอัตราที่กำหนด
3,คลองด่าน - บางปะกง,75,76,ฉะเชิงเทรา,24,กรมทางหลวง,4,3,2,32,2,2,0.5,ทางตรง+ไม่มีความลาดชัน,ขับรถเร็วเกินอัตรากำหนด
210,อุดรธานี - นิคมเชียงพิณ,8,9,อุดรธานี,41,กรมทางหลวง,3,3,2,32,1.5,2,0.333,ทางตรง+ที่ราบ,ขับรถเร็วเกินอัตราที่กำหนด
117,คลองพลังด้านใต้ - เนินสว่าง,50,51,พิจิตร,66,กรมทางหลวง,3,3,2,32,1.5,2,0,ทางตรง+ไม่มีความลาดชัน,หลับใน
41,ร่อนพิบูลย์  - ไม้เสียบ,344,345,นครศรีธรรมราช,80,กรมทางหลวง,3,3,2,32,1,3,0,ทางตรง+ไม่มีความลาดชัน,คน/รถ/สัตว์ตัดหน้ากระชั้นชิด
12,บ้านหลุบ - นาไคร้,654,655,กาฬสินธุ์,46,กรมทางหลวง,3,3,2,32,1,3,0,ทางตรง+ไม่มีความลาดชัน,หลับใน
12,ห้วยซำมะคาว - ร่องแซง,445,446,ชัยภูมิ,36,กรมทางหลวง,3,3,2,32,1.5,2,0,ทางโค้งกว้าง+ไม่มีความลาดชัน,ขับรถเร็วเกินอัตรากำหนด
4,ห้วยยาง - บางสะพาน,355,356,ประจวบคีรีขันธ์,77,กรมทางหลวง,3,3,2,32,1,3,1,ทางตรง+ไม่มีความลาดชัน,ยางเสื่อมสภาพ/ยางแตก
11,แยกภาคเหนือ - ขุนตาน,464,465,ลำปาง,52,กรมทางหลวง,3,3,2,32,1.5,2,0,ทางตรง+ที่ราบ,ขับรถเร็วเกินอัตราที่กำหนด
201,ปากภู - เชียงคาน,376,377,เลย,42,กรมทางหลวง,3,3,2,32,1,3,0,ทางตรง+ไม่มีความลาดชัน,ขับรถเร็วเกินอัตรากำหนด
213,สร้างค้อ - สกลนคร,127,128,สกลนคร,47,กรมทางหลวง,3,3,2,32,1.5,2,0,ทางตรง+ที่ราบ,ขับรถเร็วเกินอัตราที่กำหนด
323,แก่งประลอม - ทองผาภูมิ,171,172,กาญจนบุรี,71,กรมทางหลวง,3,2,12,32,1,3,0.333,ทางตรง+ที่ราบ,ขับรถเร็วเกินอัตรากำหนด
23,บ้านสวน - เขื่องใน,227,228,อุบลราชธานี,34,กรมทางหลวง,3,3,2,32,1,3,0,ทางตรง+ไม่มีความลาดชัน,ยางเสื่อมสภาพ/ยางแตก
201,ผานกเค้า - หลักร้อยหกสิบ,296,297,เลย,42,กรมทางหลวง,3,3,2,32,1.5,2,0,ทางตรง+ไม่มีความลาดชัน,สูญเสียการควบคุม
35,สะพานข้ามแม่น้ำท่าจีนฝั่งตะวันตก - นาโคก,35,36,สมุทรสาคร,74,กรมทางหลวง,88,1,21,31,22,4,0.045,ทางตรง+ไม่มีความลาดชัน,ขับรถเร็วเกินอัตรากำหนด
7,พิมพา - หนองข้างคอก,49,50,ฉะเชิงเทรา,24,กรมทางหลวง,63,1,21,31,12.6,5,0.063,ทางตรง+ไม่มีความลาดชัน,ขับรถเร็วเกินอัตรากำหนด
35,แสมดำ - สะพานข้ามแม่น้ำท่าจีนฝั่งตะวันตก,22,23,สมุทรสาคร,74,กรมทางหลวง,52,1,21,31,13,4,0.038,ทางตรง+ไม่มีความลาดชัน,ขับรถเร็วเกินอัตรากำหนด
340,สาลี - สุพรรณบุรี,69,70,สุพรรณบุรี,72,กรมทางหลวง,27,1,21,31,5.4,5,0.074,ทางตรง+ไม่มีความลาดชัน,ขับรถเร็วเกินอัตรากำหนด
340,สาลี - สุพรรณบุรี,59,60,สุพรรณบุรี,72,กรมทางหลวง,25,0,31,31,5,5,0.08,ทางตรง+ไม่มีความลาดชัน,ขับรถเร็วเกินอัตรากำหนด
9,บางปะอิน - แขวงรามอินทรา,11,12,ปทุมธานี,13,กรมทางหลวง,23,0,31,31,4.6,5,0.13,ทางตรง+ไม่มีความลาดชัน,ขับรถเร็วเกินอัตรากำหนด
ชม.3029,ถนนสมโภชเชียงใหม่ 700 ปี,6,7,เชียงใหม่,50,กรมทางหลวงชนบท,20,2,11,31,5,4,0.45,ทางโค้งกว้าง+ไม่มีความลาดชัน,ขับรถเร็วเกินอัตรากำหนด
36,กระทิงลาย - บ้านโป่ง,0,1,ชลบุรี,20,กรมทางหลวง,17,2,11,31,4.25,4,0.176,ทางตรง+ไม่มีความลาดชัน,ขับรถเร็วเกินอัตรากำหนด
34,ทางเข้าท่าอากาศยานสุวรรณภูมิ - บางวัว,27,28,สมุทรปราการ,11,กรมทางหลวง,17,1,21,31,4.25,4,0,ทางตรง+ไม่มีความลาดชัน,ขับรถเร็วเกินอัตรากำหนด
344,หนองรี - หนองปรือ,12,13,ชลบุรี,20,กรมทางหลวง,14,2,11,31,2.8,5,0.357,ทางตรง+ไม่มีความลาดชัน,ขับรถเร็วเกินอัตรากำหนด
304,วังน้ำเขียว - ดอนขวาง,236,237,นครราชสีมา,30,กรมทางหลวง,13,2,11,31,2.6,5,0.769,ทางโค้งกว้าง+ที่ลาดชัน,ขับรถเร็วเกินอัตรากำหนด
304,ดอนขวาง - โพธิ์กลาง,275,276,นครราชสีมา,30,กรมทางหลวง,12,3,1,31,2.4,5,0,ทางตรง+ไม่มีความลาดชัน,ขับรถเร็วเกินอัตรากำหนด
41,สวนสมบูรณ์ - เกาะมุกข์,114,115,สุราษฎร์ธานี,84,กรมทางหลวง,12,1,21,31,2.4,5,0,ทางตรง+ไม่มีความลาดชัน,ขับรถเร็วเกินอัตรากำหนด
1,พาน - ร่องขุ่น,915,916,เชียงราย,57,กรมทางหลวง,11,2,11,31,2.75,4,0.091,ทางตรง+ไม่มีความลาดชัน,ขับรถเร็วเกินอัตรากำหนด
3,โพธิ์ทอง - บ้านพลิ้ว,335,336,จันทบุรี,22,กรมทางหลวง,11,2,11,31,2.2,5,0.091,ทางตรง+ไม่มีความลาดชัน,ขับรถเร็วเกินอัตรากำหนด
317,หน้าค่าย ตชด. - พังงอน,10,11,จันทบุรี,22,กรมทางหลวง,11,2,11,31,2.2,5,0.273,ทางตรง+ไม่มีความลาดชัน,ขับรถเร็วเกินอัตรากำหนด
201,ด่านขุนทด - หนองบัวโคก,41,42,นครราชสีมา,30,กรมทางหลวง,11,2,11,31,2.75,4,0.182,ทางตรง+ไม่มีความลาดชัน,ขับรถเร็วเกินอัตรากำหนด
3,ท้ายบ้าน - บางตำหรุ,40,41,สมุทรปราการ,11,กรมทางหลวง,10,2,11,31,2,5,0,ทางตรง+ไม่มีความลาดชัน,ขับรถเร็วเกินอัตรากำหนด
205,โคกสวาย - แขวงทางหลวงนครราชสีมาที่ 1,208,209,นครราชสีมา,30,กรมทางหลวง,10,2,11,31,2,5,0,ทางโค้งปกติ+ที่ราบ,ขับรถเร็วเกินอัตรากำหนด
304,เขาหินซ้อน - ลาดตะเคียน,130,131,ปราจีนบุรี,25,กรมทางหลวง,10,2,11,31,5,2,0,ทางตรง+ไม่มีความลาดชัน,ขับรถเร็วเกินอัตรากำหนด
317,หน้าค่าย ตชด. - พังงอน,17,18,จันทบุรี,22,กรมทางหลวง,10,2,11,31,2,5,0.2,ทางตรง+ไม่มีความลาดชัน,ขับรถเร็วเกินอัตรากำหนด
34,บางนา - ทางเข้าท่าอากาศยานสุวรรณภูมิ,8,9,สมุทรปราการ,11,กรมทางหลวง,9,1,21,31,1.8,5,0,ทางตรง+ไม่มีความลาดชัน,ขับรถเร็วเกินอัตรากำหนด
317,พังงอน - เขาแหลม,57,58,จันทบุรี,22,กรมทางหลวง,9,2,11,31,2.25,4,0.111,ทางโค้งกว้าง+ไม่มีความลาดชัน,ขับรถเร็วเกินอัตรากำหนด
361,ทางเลี่ยงเมืองชลบุรี,5,6,ชลบุรี,20,กรมทางหลวง,9,3,1,31,2.25,4,0.111,ทางตรง+ไม่มีความลาดชัน,ขับรถเร็วเกินอัตรากำหนด
24,กระเทียม - ห้วยสำราญ,238,239,สุรินทร์,32,กรมทางหลวง,9,3,1,31,2.25,4,0,ทางตรง+ไม่มีความลาดชัน,ขับรถเร็วเกินอัตรากำหนด
309,วังน้อย - บ้านสร้าง,6,7,พระนครศรีอยุธยา,14,กรมทางหลวง,9,2,11,31,1.8,5,0.111,ทางตรง+ไม่มีความลาดชัน,ขับรถเร็วเกินอัตรากำหนด
1,พาน - ร่องขุ่น,897,898,เชียงราย,57,กรมทางหลวง,9,2,11,31,2.25,4,0.222,ทางโค้งกว้าง+ไม่มีความลาดชัน,ขับรถเร็วเกินอัตรากำหนด
4,หนองหมู - ห้วยยาง,299,300,ประจวบคีรีขันธ์,77,กรมทางหลวง,9,2,11,31,1.8,5,0,ทางตรง+ไม่มีความลาดชัน,ขับรถเร็วเกินอัตรากำหนด
4,น้ำรอด - พ่อตาหินช้าง,430,431,ชุมพร,86,กรมทางหลวง,9,2,11,31,2.25,4,0.222,ทางตรง+ไม่มีความลาดชัน,ขับรถเร็วเกินอัตรากำหนด
36,มาบข่า - ทับมา,49,50,ระยอง,21,กรมทางหลวง,8,2,11,31,2,4,0.125,ทางตรง+ไม่มีความลาดชัน,ขับรถเร็วเกินอัตรากำหนด
212,ห้วยสะแบก - อำนาจเจริญ,504,505,อำนาจเจริญ,37,กรมทางหลวง,8,2,11,31,2,4,0,ทางตรง+ไม่มีความลาดชัน,คน/รถ/สัตว์ตัดหน้ากระชั้นชิด
41,สี่แยกโพธิ์ทอง - พัทลุง,373,374,พัทลุง,93,กรมทางหลวง,8,2,11,31,2,4,0,ทางตรง+ไม่มีความลาดชัน,ขับรถเร็วเกินอัตรากำหนด
42,กอตอ - ปูต๊ะ,169,170,นราธิวาส,96,กรมทางหลวง,8,2,11,31,2.67,3,0,ทางตรง+ไม่มีความลาดชัน,ขับรถเร็วเกินอัตรากำหนด
1090,แม่สอด - ห้วยน้ำริน,32,33,ตาก,63,กรมทางหลวง,7,3,1,31,1.4,5,0,ทางตรง+ไม่มีความลาดชัน,ขับรถเร็วเกินอัตรากำหนด
403,เสาธง - สวนผัก,25,26,นครศรีธรรมราช,80,กรมทางหลวง,7,2,11,31,2.33,3,0.143,ทางตรง+ที่ราบ,ขับรถเร็วเกินอัตราที่กำหนด
202,ยโสธร - สะพานคลองลำเซ,294,295,ยโสธร,35,กรมทางหลวง,7,2,11,31,2.33,3,0,ทางตรง+ที่ราบ,ขับรถเร็วเกินอัตราที่กำหนด
309,บางเสด็จ - แยกที่ดิน,48,49,อ่างทอง,15,กรมทางหลวง,6,3,1,31,1.2,5,0,ทางตรง+ไม่มีความลาดชัน,ขับรถเร็วเกินอัตรากำหนด
340,สุพรรณบุรี - ศรีประจันต์,98,99,สุพรรณบุรี,72,กรมทางหลวง,5,3,1,31,1.67,3,0,ทางตรง+ไม่มีความลาดชัน,ขับรถเร็วเกินอัตรากำหนด
23,บ้านสวน - เขื่องใน,246,247,อุบลราชธานี,34,กรมทางหลวง,5,2,11,31,2.5,2,0.2,ทางตรง+ไม่มีความลาดชัน,ขับรถเร็วเกินอัตรากำหนด
2062,บ้านทุ่ม - มัญจาคีรี,22,23,ขอนแก่น,40,กรมทางหลวง,5,2,11,31,1.67,3,0.2,ทางตรง+ไม่มีความลาดชัน,ขับรถเร็วเกินอัตรากำหนด
304,เขาหินซ้อน - ลาดตะเคียน,139,140,ปราจีนบุรี,25,กรมทางหลวง,5,3,1,31,1.25,4,0,ทางโค้งกว้าง+ไม่มีความลาดชัน,ขับรถเร็วเกินอัตรากำหนด
2090,ปางแก - อุทยานแห่งชาติเขาใหญ่,1,2,นครราชสีมา,30,กรมทางหลวง,5,3,1,31,1.67,3,0.2,ทางตรง+ไม่มีความลาดชัน,ขับรถเร็วเกินอัตรากำหนด
3211,ทางเข้าหันคา - กะบกเตี้ย,8,9,ชัยนาท,18,กรมทางหลวง,5,3,1,31,1.67,3,0,ทางตรง+ไม่มีความลาดชัน,ขับรถเร็วเกินอัตรากำหนด
323,หนองตะแครง - ลูกแก,10,11,ราชบุรี,70,กรมทางหลวง,5,3,1,31,2.5,2,0,ทางตรง+ที่ราบ,ขับรถเร็วเกินอัตรากำหนด
410,ตะบิงติงงี - บ่อหิน,100,101,ยะลา,95,กรมทางหลวง,4,2,11,31,1.33,3,0.5,ทางโค้งกว้าง+ไม่มีความลาดชัน,ขับรถเร็วเกินอัตรากำหนด
224,หัวทะเล - โชคชัย,17,18,นครราชสีมา,30,กรมทางหลวง,4,3,1,31,1.33,3,0.25,ทางตรง+ไม่มีความลาดชัน,ขับรถเร็วเกินอัตรากำหนด
11,ขุนตาน - อุโมงค์,536,537,ลำพูน,51,กรมทางหลวง,4,3,1,31,2,2,0,ทางตรง+ไม่มีความลาดชัน,ขับรถเร็วเกินอัตรากำหนด
3017,แยกพัฒนานิคม - วังม่วง,47,48,ลพบุรี,16,กรมทางหลวง,4,3,1,31,1.33,3,0,ทางแยกรูปตัว T+ที่ราบ,ขับรถเร็วเกินอัตรากำหนด
2,บ้านวัด - ตาลาด,211,212,นครราชสีมา,30,กรมทางหลวง,4,2,11,31,1.33,3,0,ทางตรง+ที่ราบ,ขับรถเร็วเกินอัตราที่กำหนด
3358,ทุ่งคอก - เบญพาด,14,15,กาญจนบุรี,71,กรมทางหลวง,4,2,11,31,1.33,3,0,ทางแยกรูปตัว ++ที่ราบ,คน/รถ/สัตว์ตัดหน้ากระชั้นชิด
2182,เดชอุดม - โนนเรียง,4,5,อุบลราชธานี,34,กรมทางหลวง,4,3,1,31,1.33,3,0,ทางตรง+ไม่มีความลาดชัน,ขับรถเร็วเกินอัตรากำหนด
2111,พยุห์ - โพนปลัด,3,4,ศรีสะเกษ,33,กรมทางหลวง,4,3,1,31,2,2,0.25,ทางตรง+ที่ราบ,ขับรถเร็วเกินอัตราที่กำหนด
4169,ทางรอบเกาะสมุย,35,36,สุราษฎร์ธานี,84,กรมทางหลวง,4,3,1,31,2,2,0,ทางตรง+ไม่มีความลาดชัน,ขับรถเร็วเกินอัตรากำหนด
3303,บางระจัน - โพทะเล,3,4,สิงห์บุรี,17,กรมทางหลวง,4,3,1,31,1.33,3,0.25,ทางตรง+ไม่มีความลาดชัน,ขับรถเร็วเกินอัตรากำหนด
304,เขาหินซ้อน - ลาดตะเคียน,136,137,ปราจีนบุรี,25,กรมทางหลวง,3,3,1,31,1.5,2,0,ทางตรง+ไม่มีความลาดชัน,ขับรถเร็วเกินอัตรากำหนด
2150,คง - โนนไทย,59,60,นครราชสีมา,30,กรมทางหลวง,3,3,1,31,1.5,2,0,ทางตรง+ไม่มีความลาดชัน,ขับรถเร็วเกินอัตรากำหนด
2410,บ้านเหล่า - ดอนกลอย,12,13,อุดรธานี,41,กรมทางหลวง,3,3,1,31,1,3,0,ทางโค้งกว้าง+ไม่มีความลาดชัน,ขับรถเร็วเกินอัตรากำหนด
1090,แม่สอด - ห้วยน้ำริน,28,29,ตาก,63,กรมทางหลวง,3,3,1,31,1.5,2,0,ทางตรง+ไม่มีความลาดชัน,ฝ่าฝืนสัญญาณไฟ/เครื่องหมายจราจร
21,บ้านโตก - หัวนา,237,238,เพชรบูรณ์,67,กรมทางหลวง,3,3,1,31,1,3,0,ทางตรง+ไม่มีความลาดชัน,ขับรถเร็วเกินอัตรากำหนด
4262,บางน้ำจืด - ตะกุกเหนือ,7,8,สุราษฎร์ธานี,84,กรมทางหลวง,3,3,1,31,1.5,2,0,ทางตรง+ไม่มีความลาดชัน,ขับรถเร็วเกินอัตรากำหนด
3502,ดอนไร่ -  อ่างเก็บน้ำกระเสียว,29,30,สุพรรณบุรี,72,กรมทางหลวง,3,3,1,31,1.5,2,0.333,ทางตรง+ไม่มีความลาดชัน,ขับรถเร็วเกินอัตรากำหนด
24,กระเทียม - ห้วยสำราญ,259,260,สุรินทร์,32,กรมทางหลวง,3,1,21,31,1,3,0,ทางตรง+ไม่มีความลาดชัน,ขับรถเร็วเกินอัตรากำหนด
สต.6030,เทศบาลตำบลกำแพง - บ้านสนกลาง,1,2,สตูล,91,กรมทางหลวงชนบท,3,3,1,31,1.5,2,0.333,ทางตรง+ไม่มีความลาดชัน/ที่ราบ,เมาสุรา
3312,ลำลูกกา - คลอง 16,26,27,ปทุมธานี,13,กรมทางหลวง,3,3,1,31,1,3,0.333,ทางตรง+ไม่มีความลาดชัน,ขับรถเร็วเกินอัตรากำหนด
จบ.4009,แยกทางหลวงหมายเลข 3406 (กม.ที่ 19+600) - บ้านน้ำขุ่น,13,14,จันทบุรี,22,กรมทางหลวงชนบท,3,3,1,31,1.5,2,0,ทางตรง+ไม่มีความลาดชัน/ที่ราบ,ขับรถเร็วเกินอัตรากำหนด
304,พนมสารคาม - เขาหินซ้อน,121,122,ฉะเชิงเทรา,24,กรมทางหลวง,3,2,11,31,1,3,0,ทางตรง+ที่ราบ,หลับใน
214,เชื้อเพลิง - ปราสาท,226,227,สุรินทร์,32,กรมทางหลวง,3,3,1,31,1.5,2,0,ทางตรง+ไม่มีความลาดชัน,หลับใน
202,หนองผือ - เขมราฐ,377,378,อุบลราชธานี,34,กรมทางหลวง,3,3,1,31,1.5,2,0,ทางตรง+ไม่มีความลาดชัน,ขับรถเร็วเกินอัตรากำหนด
7,พิมพา - หนองข้างคอก,71,72,ชลบุรี,20,กรมทางหลวง,56,1,20,30,11.2,5,0.054,ทางตรง+ไม่มีความลาดชัน,ขับรถเร็วเกินอัตรากำหนด
9,บางปะอิน - แขวงรามอินทรา,24,25,ปทุมธานี,13,กรมทางหลวง,49,1,20,30,9.8,5,0.061,ทางตรง+ไม่มีความลาดชัน,ขับรถเร็วเกินอัตรากำหนด
9,พระประแดง - บางแค,18,19,ปทุมธานี,13,กรมทางหลวง,49,1,20,30,9.8,5,0.122,ทางตรง+ไม่มีความลาดชัน,ขับรถเร็วเกินอัตรากำหนด
340,สาลี - สุพรรณบุรี,54,55,สุพรรณบุรี,72,กรมทางหลวง,40,1,20,30,8,5,0,ทางตรง+ไม่มีความลาดชัน,ขับรถเร็วเกินอัตรากำหนด
3902,บางแค - คลองมหาสวัสดิ์,30,31,กรุงเทพมหานคร,10,กรมทางหลวง,39,1,20,30,7.8,5,0.051,ทางตรง+ที่ราบ,ขับรถเร็วเกินอัตรากำหนด
340,สาลี - สุพรรณบุรี,55,56,สุพรรณบุรี,72,กรมทางหลวง,36,2,10,30,7.2,5,0,ทางตรง+ไม่มีความลาดชัน,ขับรถเร็วเกินอัตรากำหนด
3902,บางแค - คลองมหาสวัสดิ์,20,21,กรุงเทพมหานคร,10,กรมทางหลวง,33,0,30,30,6.6,5,0,ทางตรง+ไม่มีความลาดชัน,ขับรถเร็วเกินอัตรากำหนด
7,พิมพา - หนองข้างคอก,75,76,ชลบุรี,20,กรมทางหลวง,27,2,10,30,5.4,5,0.037,ทางตรง+ไม่มีความลาดชัน,ขับรถเร็วเกินอัตรากำหนด
7,แขวงคลองสองต้นนุ่น - พิมพา,35,36,สมุทรปราการ,11,กรมทางหลวง,26,0,30,30,5.2,5,0,ทางตรง+ไม่มีความลาดชัน,ขับรถเร็วเกินอัตรากำหนด
34,บางนา - ทางเข้าท่าอากาศยานสุวรรณภูมิ,7,8,สมุทรปราการ,11,กรมทางหลวง,22,2,10,30,4.4,5,0.045,ทางตรง+ไม่มีความลาดชัน,ขับรถเร็วเกินอัตรากำหนด
3,โพธิ์ทอง - บ้านพลิ้ว,345,346,จันทบุรี,22,กรมทางหลวง,20,2,10,30,5,4,0.6,ทางตรง+ที่ราบ,ขับรถเร็วเกินอัตรากำหนด
1,ต่างระดับบางปะอิน - หนองแค,57,58,พระนครศรีอยุธยา,14,กรมทางหลวง,20,1,20,30,4,5,0.15,ทางตรง+ไม่มีความลาดชัน,ขับรถเร็วเกินอัตรากำหนด
4,นาโหนด - ห้วยทราย,1188,1189,พัทลุง,93,กรมทางหลวง,19,2,10,30,4.75,4,0.263,ทางโค้งกว้าง+ไม่มีความลาดชัน,ขับรถเร็วเกินอัตรากำหนด
12,เมืองเก่า - สุโขทัย,168,169,สุโขทัย,64,กรมทางหลวง,19,0,30,30,6.33,3,0.105,ทางตรง+ไม่มีความลาดชัน,ขับรถเร็วเกินอัตรากำหนด
35,นาโคก - แพรกหนามแดง,60,61,สมุทรสงคราม,75,กรมทางหลวง,19,1,20,30,3.8,5,0.053,ทางตรง+ไม่มีความลาดชัน,ขับรถเร็วเกินอัตรากำหนด
36,มาบข่า - ทับมา,39,40,ระยอง,21,กรมทางหลวง,17,0,30,30,3.4,5,0.412,ทางตรง+ไม่มีความลาดชัน,ขับรถเร็วเกินอัตรากำหนด
321,ดอนแจง - สุพรรณบุรี,103,104,สุพรรณบุรี,72,กรมทางหลวง,17,1,20,30,3.4,5,0,ทางตรง+ไม่มีความลาดชัน,คน/รถ/สัตว์ตัดหน้ากระชั้นชิด
344,หนองปรือ - คลองเขต,43,44,ชลบุรี,20,กรมทางหลวง,17,1,20,30,4.25,4,0.235,ทางตรง+ไม่มีความลาดชัน,ขับรถเร็วเกินอัตรากำหนด
36,ทับมา - ปลวกเกตุ,56,57,ระยอง,21,กรมทางหลวง,17,2,10,30,3.4,5,0.118,ทางตรง+ไม่มีความลาดชัน,ขับรถเร็วเกินอัตรากำหนด
2,มวกเหล็ก - บ่อทอง,52,53,นครราชสีมา,30,กรมทางหลวง,16,1,20,30,3.2,5,0.5,ทางตรง+ไม่มีความลาดชัน,ขับรถเร็วเกินอัตรากำหนด
1,ต่างระดับบางปะอิน - หนองแค,75,76,พระนครศรีอยุธยา,14,กรมทางหลวง,14,0,30,30,3.5,4,0.071,ทางตรง+ไม่มีความลาดชัน,ขับรถเร็วเกินอัตรากำหนด
4,หนองบ้วย - ห้วยทรายใต้,183,184,เพชรบุรี,76,กรมทางหลวง,13,2,10,30,2.6,5,0,ทางตรง+ไม่มีความลาดชัน,ขับรถเร็วเกินอัตรากำหนด
4,หนองหมู - ห้วยยาง,306,307,ประจวบคีรีขันธ์,77,กรมทางหลวง,13,2,10,30,2.6,5,0.077,ทางตรง+ไม่มีความลาดชัน,ขับรถเร็วเกินอัตรากำหนด
E007S013|I,บางพลี-สุขสวัสดิ์,20,21,สมุทรปราการ,11,การทางพิเศษแห่งประเทศไทย,13,1,20,30,4.33,3,0,ทางตรง,
344,หนองปรือ - คลองเขต,41,42,ชลบุรี,20,กรมทางหลวง,12,2,10,30,2.4,5,0.25,ทางตรง+ไม่มีความลาดชัน,ขับรถเร็วเกินอัตรากำหนด
11,ขุนตาน - อุโมงค์,535,536,ลำพูน,51,กรมทางหลวง,12,2,10,30,3,4,0.167,ทางตรง+ไม่มีความลาดชัน,ขับรถเร็วเกินอัตรากำหนด
105,แม่สอด - ห้วยบง,3,4,ตาก,63,กรมทางหลวง,12,2,10,30,3,4,0.083,ทางตรง+ไม่มีความลาดชัน,ขับรถเร็วเกินอัตรากำหนด
3,นายายอาม - บ้านสิ้ว,298,299,จันทบุรี,22,กรมทางหลวง,11,2,10,30,2.75,4,0.273,ทางตรง+ไม่มีความลาดชัน,ขับรถเร็วเกินอัตรากำหนด
309,วังน้อย - บ้านสร้าง,1,2,พระนครศรีอยุธยา,14,กรมทางหลวง,11,2,10,30,2.75,4,0.091,ทางตรง+ไม่มีความลาดชัน,ขับรถเร็วเกินอัตรากำหนด
404,ตรัง - บ้านนา,9,10,ตรัง,92,กรมทางหลวง,10,1,20,30,2,5,0.1,ทางตรง+ที่ราบ,ขับรถเร็วเกินอัตรากำหนด
4,หนองบ้วย - ห้วยทรายใต้,205,206,เพชรบุรี,76,กรมทางหลวง,10,2,10,30,2.5,4,0,ทางตรง+ไม่มีความลาดชัน,ขับรถเร็วเกินอัตรากำหนด
1,หนองแค - หินกอง,93,94,สระบุรี,19,กรมทางหลวง,9,3,0,30,2.25,4,0,ทางตรง+ไม่มีความลาดชัน,หลับใน
222,ท่ากกแดง - บึงกาฬ,126,127,บึงกาฬ,38,กรมทางหลวง,8,2,10,30,2.67,3,0.125,ทางโค้งกว้าง+ไม่มีความลาดชัน,หลับใน
1143,น้ำคลาด - ปางหมิ่น,56,57,พิษณุโลก,65,กรมทางหลวง,8,2,10,30,2.67,3,0.125,ทางโค้งกว้าง+ที่ลาดชัน,ขับรถเร็วเกินอัตรากำหนด
35,แพรกหนามแดง - วังมะนาว,82,83,ราชบุรี,70,กรมทางหลวง,8,2,10,30,1.6,5,0,ทางตรง+ไม่มีความลาดชัน,ขับรถเร็วเกินอัตรากำหนด
4019,ทุ่งใหญ่ - ช้างกลาง,17,18,นครศรีธรรมราช,80,กรมทางหลวง,8,1,20,30,2.67,3,0,ทางแยกรูปตัว ++ที่ราบ,คน/รถ/สัตว์ตัดหน้ากระชั้นชิด
4,ห้วยทราย - พรุพ้อ,1208,1209,พัทลุง,93,กรมทางหลวง,8,1,20,30,2,4,0.25,ทางตรง+ไม่มีความลาดชัน,หลับใน
21,หัวนา - สักหลง,251,252,เพชรบูรณ์,67,กรมทางหลวง,7,2,10,30,1.75,4,0,ทางตรง+ไม่มีความลาดชัน,ขับรถเร็วเกินอัตรากำหนด
3,บางตำหรุ - คลองด่าน,42,43,สมุทรปราการ,11,กรมทางหลวง,7,3,0,30,2.33,3,0,ทางตรง+ไม่มีความลาดชัน,ขับรถเร็วเกินอัตรากำหนด
304,คลองประปา - คันนายาว,16,17,กรุงเทพมหานคร,10,กรมทางหลวง,7,3,0,30,3.5,2,0,,
3,นายายอาม - บ้านสิ้ว,295,296,จันทบุรี,22,กรมทางหลวง,7,1,20,30,1.75,4,0.286,ทางตรง+ไม่มีความลาดชัน,หลับใน
41,ร่อนพิบูลย์  - ไม้เสียบ,341,342,นครศรีธรรมราช,80,กรมทางหลวง,6,2,10,30,1.2,5,0,ทางตรง+ไม่มีความลาดชัน,หลับใน
33,โคกแดง - หินกอง,78,79,สระบุรี,19,กรมทางหลวง,5,3,0,30,1.67,3,0.2,ทางตรง+ไม่มีความลาดชัน,ขับรถเร็วเกินอัตรากำหนด
24,แยกโคกตาล - หัวช้าง,291,292,ศรีสะเกษ,33,กรมทางหลวง,5,1,20,30,1.25,4,0,ทางตรง+ไม่มีความลาดชัน,ขับรถเร็วเกินอัตรากำหนด
11,อุโมงค์ - รินคำ,561,562,เชียงใหม่,50,กรมทางหลวง,5,3,0,30,1.67,3,0.4,ทางตรง+ไม่มีความลาดชัน,ขับรถเร็วเกินอัตราที่กำหนด
3193,เทพนิมิต - ตามูน,51,52,จันทบุรี,22,กรมทางหลวง,5,3,0,30,1.67,3,0,ทางตรง+ไม่มีความลาดชัน,ขับรถเร็วเกินอัตรากำหนด
4028,ห้าแยกฉลอง - กะรน,3,4,ภูเก็ต,83,กรมทางหลวง,4,2,10,30,1.33,3,0,ทางโค้งกว้าง+ที่ลาดชัน,ขับรถเร็วเกินอัตรากำหนด
1021,แม่ต๋ำ - บ้านใหม่,4,5,พะเยา,56,กรมทางหลวง,4,2,10,30,2,2,0,ทางโค้งกว้าง+ไม่มีความลาดชัน,ขับรถเร็วเกินอัตรากำหนด
22,สูงเนิน - ท่าแร่,166,167,สกลนคร,47,กรมทางหลวง,4,2,10,30,2,2,0,ทางแยกรูปตัว T+ที่ราบ,ขับรถเร็วเกินอัตรากำหนด
105,ห้วยบง - แม่สลิดหลวง,111,112,ตาก,63,กรมทางหลวง,4,3,0,30,1.33,3,0,ทางโค้งกว้าง+ที่ลาดชัน,ขับรถเร็วเกินอัตรากำหนด
214,,76,77,ร้อยเอ็ด,45,กรมทางหลวง,4,3,0,30,4,1,0,ทางตรง+ไม่มีความลาดชัน,อาการป่วย หรือการไร้ความสามารถทางประสาทหรือร่างกาย
212,ย้อมพัฒนา - นาโพธิ์,437,438,มุกดาหาร,49,กรมทางหลวง,3,3,0,30,1.5,2,0,ทางตรง+ไม่มีความลาดชัน,ขับรถเร็วเกินอัตรากำหนด
107,ล้องอ้อ - เมืองงาม,179,180,เชียงใหม่,50,กรมทางหลวง,3,1,20,30,3,1,0,ทางตรง+ไม่มีความลาดชัน,ขับรถเร็วเกินอัตรากำหนด
สบ.2036,แยกทางหลวงหมายเลข 33 (กม.ที่ 4+600) - บ้านโคกกระต่าย,8,9,สระบุรี,19,กรมทางหลวงชนบท,3,3,0,30,1.5,2,0,ทางโค้งกว้าง+ไม่มีความลาดชัน,ขับรถเร็วเกินอัตรากำหนด
สบ.3021,แยกทางหลวงหมายเลข 362 (กม.ที่ 3+750) - บ้านหนองปลากระดี่,17,18,สระบุรี,19,กรมทางหลวงชนบท,3,3,0,30,1.5,2,0,ทางตรง+ไม่มีความลาดชัน,ขับรถเร็วเกินอัตรากำหนด
นย.2011,แยกทางหลวงหมายเลข 33 (กม.ที่ 132+700) - บ้านพรหมณี,8,9,นครนายก,26,กรมทางหลวงชนบท,3,3,0,30,1.5,2,0,จุดกลับรถต่างระดับ,ขับรถเร็วเกินอัตรากำหนด
228,วังหมืน - หนองบัวลำภู,86,87,หนองบัวลำภู,39,กรมทางหลวง,3,3,0,30,1,3,0,ทางคนเดินเท้า+ที่ราบ,ถนนชำรุด
304,คลองหลวงแพ่ง - ฉะเชิงเทรา,51,52,ฉะเชิงเทรา,24,กรมทางหลวง,3,3,0,30,1.5,2,0,ทางตรง+ที่ราบ,ขับรถเร็วเกินอัตราที่กำหนด
ชม.3035,แยกทางหลวงหมายเลข 108 (กม.ที่ 34+500) - บ้านร้อยจันทร์,22,23,เชียงใหม่,50,กรมทางหลวงชนบท,3,3,0,30,1.5,2,0,ทางโค้งกว้าง+ไม่มีความลาดชัน,ขับรถเร็วเกินอัตรากำหนด
สบ.4018,แยกทางหลวงหมายเลข 3222 (กม.ที่ 9+200) - บ้านห้วยตะเฆ่,4,5,สระบุรี,19,กรมทางหลวงชนบท,3,3,0,30,1.5,2,0,ทางตรง+ไม่มีความลาดชัน/ที่ราบ,ขับรถเร็วเกินอัตรากำหนด
1021,บ้านใหม่ - น้ำแวน,45,46,พะเยา,56,กรมทางหลวง,3,3,0,30,1.5,2,0.333,ทางตรง+ที่ราบ,แสงสว่างไม่เพียงพอหรือทัศนวิสัยกลางคืนไม่ดี
ปท.3034,แยกทางหลวงหมายเลข 305 (กม.ที่ 31+800) - บ้านหนองแค (ตอนสระบุรี ช่วง กม.ที่ 22+059 - 30+319),24,25,สระบุรี,19,กรมทางหลวงชนบท,3,3,0,30,3,1,0,ทางโค้งกว้าง+ไม่มีความลาดชัน,ขับรถเร็วเกินอัตรากำหนด
สบ.3021,แยกทางหลวงหมายเลข 362 (กม.ที่ 3+750) - บ้านหนองปลากระดี่,18,19,สระบุรี,19,กรมทางหลวงชนบท,3,3,0,30,1.5,2,0,ทางสามแยก (T),ขับรถเร็วเกินอัตรากำหนด
1,แยกแม่กรณ์ - ห้วยพลู,941,942,เชียงราย,57,กรมทางหลวง,3,3,0,30,3,1,0,ทางตรง+ที่ราบ,มีการตัดหน้าระยะกระชั้นชิด
4169,ทางรอบเกาะสมุย,22,23,สุราษฎร์ธานี,84,กรมทางหลวง,3,3,0,30,1.5,2,0,ทางตรง+ที่ราบ,ขับรถเร็วเกินอัตราที่กำหนด
สบ.4005,แยกทางหลวงหมายเลข 2247 (กม.ที่ 3+130) - บ้านวังม่วง,28,29,สระบุรี,19,กรมทางหลวงชนบท,3,3,0,30,3,1,0,ทางตรง+ไม่มีความลาดชัน,ขับรถเร็วเกินอัตรากำหนด
จบ.4013,แยกทางหลวงหมายเลข 3407 (กม.ที่ 0+800) - บ้านซอยสอง,16,17,จันทบุรี,22,กรมทางหลวงชนบท,3,3,0,30,3,1,1,ทางตรง+ไม่มีความลาดชัน,ขับรถเร็วเกินอัตรากำหนด
จบ.4023,แยกทางหลวงหมายเลข 3406 (กม.ที่ 20+317) - บ้านคลองแดง,3,4,จันทบุรี,22,กรมทางหลวงชนบท,3,3,0,30,3,1,0,ทางโค้งกว้าง+ไม่มีความลาดชัน,ขับรถเร็วเกินอัตรากำหนด
ชน.4055,แยกทางหลวงหมายเลข 3211 (กม.ที่ 7+464) - เทศบาลตำบลสามง่ามท่าโบสถ์,3,4,ชัยนาท,18,กรมทางหลวงชนบท,3,3,0,30,3,1,1,ทางตรง+ไม่มีความลาดชัน,โรคประจำตัว
พร.3024,แยกทางหลวงหมายเลข 101 (กม.ที่ 143+600) - บ้านเด่นชัย,20,21,แพร่,54,กรมทางหลวงชนบท,3,3,0,30,1.5,2,0,ทางตรง+ไม่มีความลาดชัน,เมาสุรา
ปท.3025,แยกทางหลวงหมายเลข 305 (กม.ที่ 28+950) - เลียบคลอง 12 ฝั่งตะวันตก,18,19,ปทุมธานี,13,กรมทางหลวงชนบท,3,3,0,30,1.5,2,0,ทางตรง+ไม่มีความลาดชัน,ขับรถเร็วเกินอัตรากำหนด
11,ตากฟ้า - ไดตาล,63,64,นครสวรรค์,60,กรมทางหลวง,3,3,0,30,1,3,0,ทางตรง+ไม่มีความลาดชัน,หลับใน
จบ.1011,แยกทางหลวงหมายเลข 3 (กม.ที่ 292+500) - บ้านช้างข้าม,3,4,จันทบุรี,22,กรมทางหลวงชนบท,3,3,0,30,1.5,2,0,ทางตรง+ไม่มีความลาดชัน,ขับรถเร็วเกินอัตรากำหนด
35,แสมดำ - สะพานข้ามแม่น้ำท่าจีนฝั่งตะวันตก,21,22,สมุทรสาคร,74,กรมทางหลวง,62,2,9,29,15.5,4,0.065,ทางตรง+ไม่มีความลาดชัน,ขับรถเร็วเกินอัตรากำหนด
9,บางปะอิน - แขวงรามอินทรา,26,27,ปทุมธานี,13,กรมทางหลวง,57,1,19,29,11.4,5,0.035,ทางตรง+ไม่มีความลาดชัน,ขับรถเร็วเกินอัตรากำหนด
9,แขวงรามอินทรา - บางพลี,57,58,กรุงเทพมหานคร,10,กรมทางหลวง,30,2,9,29,6,5,0.267,ทางตรง+ไม่มีความลาดชัน,ขับรถเร็วเกินอัตรากำหนด
31,ดินแดง - งามวงศ์วาน,5,6,กรุงเทพมหานคร,10,กรมทางหลวง,29,1,19,29,7.25,4,0,ทางตรง+ไม่มีความลาดชัน,ขับรถเร็วเกินอัตรากำหนด
35,แสมดำ - สะพานข้ามแม่น้ำท่าจีนฝั่งตะวันตก,24,25,สมุทรสาคร,74,กรมทางหลวง,28,1,19,29,7,4,0.036,ทางตรง+ที่ราบ,เมาสุรา
41,สวนสมบูรณ์ - เกาะมุกข์,108,109,สุราษฎร์ธานี,84,กรมทางหลวง,20,1,19,29,5,4,0.45,ทางตรง+ไม่มีความลาดชัน,ขับรถเร็วเกินอัตรากำหนด
101,แยกนาแหลม - หนองห้า,252,253,แพร่,54,กรมทางหลวง,17,1,19,29,3.4,5,0.059,ทางตรง+ไม่มีความลาดชัน,ขับรถเร็วเกินอัตรากำหนด
340,สาลี - สุพรรณบุรี,62,63,สุพรรณบุรี,72,กรมทางหลวง,16,2,9,29,3.2,5,0,ทางตรง+ไม่มีความลาดชัน,ขับรถเร็วเกินอัตรากำหนด
4,ปากท่อ - สระพัง,133,134,เพชรบุรี,76,กรมทางหลวง,16,2,9,29,3.2,5,0,ทางตรง+ไม่มีความลาดชัน,ขับรถเร็วเกินอัตรากำหนด
403,กะปาง - ห้วยนาง,67,68,ตรัง,92,กรมทางหลวง,16,2,9,29,4,4,0,ทางตรง+ไม่มีความลาดชัน,ขับรถเร็วเกินอัตรากำหนด
3064,อ่างทอง - ปากดง,9,10,อ่างทอง,15,กรมทางหลวง,15,2,9,29,3,5,0,ทางตรง+ไม่มีความลาดชัน,ขับรถเร็วเกินอัตรากำหนด
344,หนองปรือ - คลองเขต,55,56,ชลบุรี,20,กรมทางหลวง,15,2,9,29,3.75,4,0.4,ทางตรง+ไม่มีความลาดชัน,ขับรถเร็วเกินอัตรากำหนด
1,พาน - ร่องขุ่น,912,913,เชียงราย,57,กรมทางหลวง,15,2,9,29,3.75,4,0.133,ทางตรง+ไม่มีความลาดชัน,ขับรถเร็วเกินอัตรากำหนด
4151,น้ำตก - กะปาง,61,62,ตรัง,92,กรมทางหลวง,13,1,19,29,2.6,5,0.615,ทางโค้งกว้าง+ไม่มีความลาดชัน,ขับรถเร็วเกินอัตรากำหนด
305,คลอง 14 - องครักษ์,41,42,นครนายก,26,กรมทางหลวง,13,1,19,29,2.6,5,0.154,ทางตรง+ไม่มีความลาดชัน,ขับรถเร็วเกินอัตรากำหนด
304,สี่แยกกบินทร์บุรี - วังน้ำเขียว,212,213,ปราจีนบุรี,25,กรมทางหลวง,12,2,9,29,3,4,0,ทางโค้งกว้าง+ที่ลาดชัน,ขับรถเร็วเกินอัตรากำหนด
3,นายายอาม - บ้านสิ้ว,303,304,จันทบุรี,22,กรมทางหลวง,12,2,9,29,3,4,0.167,ทางตรง+ไม่มีความลาดชัน,ขับรถเร็วเกินอัตรากำหนด
340,ศรีประจันต์ - ปากน้ำ,120,121,สุพรรณบุรี,72,กรมทางหลวง,12,2,9,29,3,4,0,ทางตรง+ไม่มีความลาดชัน,คน/รถ/สัตว์ตัดหน้ากระชั้นชิด
3,นายายอาม - บ้านสิ้ว,291,292,จันทบุรี,22,กรมทางหลวง,11,1,19,29,2.2,5,0.364,ทางโค้งปกติ+ที่ราบ,ขับรถเร็วเกินอัตราที่กำหนด
12,บ้านกร่าง - พิษณุโลก,219,220,พิษณุโลก,65,กรมทางหลวง,11,2,9,29,2.75,4,0.545,ทางตรง+ไม่มีความลาดชัน,ขับรถเร็วเกินอัตรากำหนด
4046,ตรัง - สิเกา,11,12,ตรัง,92,กรมทางหลวง,11,2,9,29,2.75,4,0.091,ทางตรง+ไม่มีความลาดชัน,ขับรถเร็วเกินอัตรากำหนด
3032,บุ้งกี๋ - ท่าศาล,2,3,สิงห์บุรี,17,กรมทางหลวง,10,2,9,29,2.5,4,0,ทางตรง+ไม่มีความลาดชัน,ขับรถเร็วเกินอัตรากำหนด
11,อุโมงค์ - รินคำ,562,563,เชียงใหม่,50,กรมทางหลวง,10,2,9,29,3.33,3,0,ทางโค้งกว้าง+ไม่มีความลาดชัน,ขับรถเร็วเกินอัตรากำหนด
403,ห้วยนาง - ต้นม่วง,90,91,ตรัง,92,กรมทางหลวง,10,2,9,29,2.5,4,0.1,ทางโค้งกว้าง+ไม่มีความลาดชัน,ขับรถเร็วเกินอัตรากำหนด
2,บ้านไผ่ - ท่าพระ,315,316,ขอนแก่น,40,กรมทางหลวง,9,2,9,29,2.25,4,0.111,ทางตรง+ไม่มีความลาดชัน,ขับรถเร็วเกินอัตรากำหนด
325,บางแพ - บางพรม,31,32,สมุทรสงคราม,75,กรมทางหลวง,9,2,9,29,3,3,0.444,ทางโค้งกว้าง+ที่ลาดชัน,ขับรถเร็วเกินอัตรากำหนด
3,ชลบุรี - ศรีราชา,101,102,ชลบุรี,20,กรมทางหลวง,9,2,9,29,3,3,0.111,ทางตรง+ไม่มีความลาดชัน,ไม่คุ้นเคยเส้นทาง/ขับรถไม่ชำนาญ
101,สี่แยกช้างเผือก - ปัว,375,376,น่าน,55,กรมทางหลวง,8,2,9,29,2,4,0.125,ทางโค้งกว้าง+ไม่มีความลาดชัน,ขับรถเร็วเกินอัตรากำหนด
317,หน้าค่าย ตชด. - พังงอน,13,14,จันทบุรี,22,กรมทางหลวง,8,1,19,29,2,4,0.25,ทางตรง+ไม่มีความลาดชัน,ขับรถเร็วเกินอัตรากำหนด
23,ห้วยแอ่ง - ร้อยเอ็ด,105,106,ร้อยเอ็ด,45,กรมทางหลวง,8,2,9,29,2,4,0,ทางตรง+ไม่มีความลาดชัน,ขับรถเร็วเกินอัตรากำหนด
22,หนองขาม - หนองหาน,18,19,อุดรธานี,41,กรมทางหลวง,8,2,9,29,2,4,0,ทางตรง+ไม่มีความลาดชัน,ขับรถเร็วเกินอัตรากำหนด
3,ชลบุรี - ศรีราชา,99,100,ชลบุรี,20,กรมทางหลวง,8,2,9,29,2,4,0,ทางตรง+ที่ราบ,ฝ่าฝืนสัญญาณไฟ/เครื่องหมายจราจร
314,แสนภูดาษ - ฉะเชิงเทรา,17,18,ฉะเชิงเทรา,24,กรมทางหลวง,7,2,9,29,2.33,3,0,ทางตรง+ไม่มีความลาดชัน,ขับรถเร็วเกินอัตรากำหนด
41,เขาบ่อ - ท่าทอง,34,35,ชุมพร,86,กรมทางหลวง,7,2,9,29,1.75,4,0.143,ทางโค้งปกติ+ที่ราบ,ขับรถเร็วเกินอัตราที่กำหนด
2090,ปางแก - อุทยานแห่งชาติเขาใหญ่,8,9,นครราชสีมา,30,กรมทางหลวง,7,2,9,29,3.5,2,0,ทางตรง+ไม่มีความลาดชัน,ขับรถเร็วเกินอัตราที่กำหนด
24,จรอกใหญ่ - กระเทียม,191,192,สุรินทร์,32,กรมทางหลวง,7,2,9,29,1.75,4,0.286,ทางตรง+ไม่มีความลาดชัน,ขับรถเร็วเกินอัตรากำหนด
33,พระปรง - โนนจิก,229,230,สระแก้ว,27,กรมทางหลวง,7,2,9,29,2.33,3,0.286,ทางตรง+ไม่มีความลาดชัน,ขับรถเร็วเกินอัตรากำหนด
3,บ้านพลิ้ว - แม่น้ำเวฬุ,356,357,จันทบุรี,22,กรมทางหลวง,7,2,9,29,1.75,4,0.143,ทางตรง+ไม่มีความลาดชัน,ขับรถเร็วเกินอัตรากำหนด
212,ย้อมพัฒนา - นาโพธิ์,429,430,มุกดาหาร,49,กรมทางหลวง,7,2,9,29,1.75,4,0,ทางตรง+ไม่มีความลาดชัน,ขับรถเร็วเกินอัตรากำหนด
2,ซับบอน - มวกเหล็ก,35,36,นครราชสีมา,30,กรมทางหลวง,6,1,19,29,3,2,0.167,ทางตรง+ที่ลาดชัน,ขับรถเร็วเกินอัตรากำหนด
344,คลองเขต - กระแสบน,94,95,ระยอง,21,กรมทางหลวง,6,2,9,29,1.2,5,0.167,ทางตรง+ไม่มีความลาดชัน,หลับใน
3,ระยอง - กะเฉด,226,227,ระยอง,21,กรมทางหลวง,6,2,9,29,1.5,4,0,ทางตรง+ไม่มีความลาดชัน,ขับรถเร็วเกินอัตรากำหนด
122,ทางเลี่ยงเมืองนครสวรรค์ด้านตะวันตก,21,22,นครสวรรค์,60,กรมทางหลวง,6,1,19,29,1.5,4,0,ทางตรง+ไม่มีความลาดชัน,คน/รถ/สัตว์ตัดหน้ากระชั้นชิด
210,นิคมเชียงพิณ - หนองบัวลำภู,44,45,หนองบัวลำภู,39,กรมทางหลวง,6,2,9,29,1.5,4,0,ทางแยกรูปตัว ++ที่ราบ,ขับรถเร็วเกินอัตรากำหนด
1202,พะเยา - สันต้นแหน,11,12,พะเยา,56,กรมทางหลวง,6,2,9,29,3,2,0,ทางตรง+ไม่มีความลาดชัน,ขับรถเร็วเกินอัตรากำหนด
3209,ท่ามะกา - กลอนโด,1,2,กาญจนบุรี,71,กรมทางหลวง,5,2,9,29,1.67,3,0,ทางแยกรูปตัว ++ที่ราบ,ขับรถเร็วเกินอัตรากำหนด
24,ซับประดู่ - สี่แยกปักธงชัย,7,8,นครราชสีมา,30,กรมทางหลวง,5,2,9,29,1.67,3,0,ทางตรง+ไม่มีความลาดชัน,ขับรถเร็วเกินอัตรากำหนด
43,ปาแด - มะพร้าวต้นเดียว,81,82,ปัตตานี,94,กรมทางหลวง,5,2,9,29,1.67,3,0,ทางตรง+ไม่มีความลาดชัน,หลับใน
1,ปากข้าวสาร - แยกสวนพฤกษศาสตร์พุแค,114,115,สระบุรี,19,กรมทางหลวง,5,0,29,29,1.25,4,0,ทางแยกรูปตัว ++ที่ราบ,ขับรถเร็วเกินอัตรากำหนด
4195,ควนลำภู - จันดี,12,13,นครศรีธรรมราช,80,กรมทางหลวง,4,2,9,29,2,2,0,ทางตรง+ไม่มีความลาดชัน,คน/รถ/สัตว์ตัดหน้ากระชั้นชิด
1090,แม่สอด - ห้วยน้ำริน,27,28,ตาก,63,กรมทางหลวง,4,2,9,29,1.33,3,0,ทางตรง+ไม่มีความลาดชัน,ขับรถเร็วเกินอัตรากำหนด
3334,ธารเกษม - สถานีรถไฟเขาสูง,2,3,สระบุรี,19,กรมทางหลวง,4,2,9,29,1.33,3,0,,ขับรถเร็วเกินอัตรากำหนด
401,เขาหัวช้าง - สิชล,219,220,นครศรีธรรมราช,80,กรมทางหลวง,4,2,9,29,2,2,0.25,ทางตรง+ที่ราบ,ขับรถเร็วเกินอัตราที่กำหนด
2246,โคกสี - ตะโก,59,60,นครราชสีมา,30,กรมทางหลวง,4,2,9,29,1.33,3,0,ทางตรง+ที่ราบ,ปัญหาทางสายตา
23,เสลภูมิ - ยโสธร,169,170,ยโสธร,35,กรมทางหลวง,4,2,9,29,2,2,0,ทางตรง+ไม่มีความลาดชัน,ขับรถเร็วเกินอัตรากำหนด
2169,ยโสธร - กุดชุม,15,16,ยโสธร,35,กรมทางหลวง,4,2,9,29,2,2,0.25,ทางตรง+ไม่มีความลาดชัน,คน/รถ/สัตว์ตัดหน้ากระชั้นชิด
24,หนองกี่ - นางรอง,103,104,บุรีรัมย์,31,กรมทางหลวง,4,2,9,29,2,2,0,ทางตรง+ไม่มีความลาดชัน,ขับรถเร็วเกินอัตรากำหนด
1,แม่เชียงรายบน - ดอนไชย,600,601,ลำปาง,52,กรมทางหลวง,3,2,9,29,1,3,0.333,ทางตรง+ไม่มีความลาดชัน,ขับรถเร็วเกินอัตรากำหนด
ชม.3035,แยกทางหลวงหมายเลข 108 (กม.ที่ 34+500) - บ้านร้อยจันทร์,7,8,เชียงใหม่,50,กรมทางหลวงชนบท,3,2,9,29,1.5,2,0,ทางตรง+ไม่มีความลาดชัน,ขับรถเร็วเกินอัตรากำหนด
1009,จอมทอง - ดอยอินทนนท์,32,33,เชียงใหม่,50,กรมทางหลวง,3,2,9,29,1.5,2,0.333,ทางโค้งหักศอก+บนช่วงลาดชัน,ขับรถไม่ชำนาญ / ไม่เป็น
304,ดอนขวาง - โพธิ์กลาง,280,281,นครราชสีมา,30,กรมทางหลวง,3,2,9,29,1,3,0,ทางตรง+ไม่มีความลาดชัน,ขับรถเร็วเกินอัตรากำหนด
1211,สวนดอก - ดงมะดะ,14,15,เชียงราย,57,กรมทางหลวง,3,2,9,29,3,1,0.333,ทางตรง+ไม่มีความลาดชัน,ขับรถเร็วเกินอัตรากำหนด
7,แขวงคลองสองต้นนุ่น - พิมพา,26,27,สมุทรปราการ,11,กรมทางหลวง,172,0,28,28,34.4,5,0.012,ทางตรง+ไม่มีความลาดชัน,ขับรถเร็วเกินอัตรากำหนด
7,หนองข้างคอก - ตะเคียนเตี้ย,90,91,ชลบุรี,20,กรมทางหลวง,85,1,18,28,17,5,0.082,ทางตรง+ไม่มีความลาดชัน,ขับรถเร็วเกินอัตรากำหนด
9,บางปะอิน - แขวงรามอินทรา,0,1,พระนครศรีอยุธยา,14,กรมทางหลวง,40,1,18,28,8,5,0.225,ทางตรง+ไม่มีความลาดชัน,ขับรถเร็วเกินอัตรากำหนด
7,ตะเคียนเตี้ย - พลา,112,113,ชลบุรี,20,กรมทางหลวง,37,0,28,28,7.4,5,0.108,ทางตรง+ไม่มีความลาดชัน,ขับรถเร็วเกินอัตรากำหนด
304,วังน้ำเขียว - ดอนขวาง,233,234,นครราชสีมา,30,กรมทางหลวง,37,0,28,28,7.4,5,0.784,ทางโค้งกว้าง+ที่ลาดชัน,ขับรถเร็วเกินอัตรากำหนด
302,แยกมหาวิทยาลัยเกษตรศาสตร์ - สี่แยกแคราย,0,1,กรุงเทพมหานคร,10,กรมทางหลวง,37,0,28,28,9.25,4,0.297,ทางลอด+บนช่วงลาดชัน,ขับรถเร็วเกินอัตราที่กำหนด
3901,บางแค - คลองมหาสวัสดิ์,21,22,กรุงเทพมหานคร,10,กรมทางหลวง,36,0,28,28,9,4,0,ทางตรง+ไม่มีความลาดชัน,ขับรถเร็วเกินอัตรากำหนด
E001S001|U,ดินแดง-ท่าเรือ,4,5,กรุงเทพมหานคร,10,การทางพิเศษแห่งประเทศไทย,36,0,28,28,7.2,5,0,ทางตรง,ขับรถกระชั้นชิด
9,บางปะอิน - แขวงรามอินทรา,3,4,พระนครศรีอยุธยา,14,กรมทางหลวง,35,1,18,28,7,5,0.086,ทางตรง+ไม่มีความลาดชัน,ขับรถเร็วเกินอัตรากำหนด
1001,เชียงใหม่ - บ้านโป่ง,8,9,เชียงใหม่,50,กรมทางหลวง,27,2,8,28,5.4,5,0.111,ทางตรง+ไม่มีความลาดชัน,ขับรถเร็วเกินอัตรากำหนด
101,แยกนาแหลม - หนองห้า,257,258,แพร่,54,กรมทางหลวง,24,1,18,28,4.8,5,0,ทางตรง+ไม่มีความลาดชัน,ขับรถเร็วเกินอัตรากำหนด
340,สาลี - สุพรรณบุรี,66,67,สุพรรณบุรี,72,กรมทางหลวง,23,1,18,28,5.75,4,0,ทางตรง+ไม่มีความลาดชัน,ขับรถเร็วเกินอัตรากำหนด
7,แขวงคลองสองต้นนุ่น - พิมพา,37,38,สมุทรปราการ,11,กรมทางหลวง,20,0,28,28,5,4,0.05,ทางตรง+ไม่มีความลาดชัน,ขับรถเร็วเกินอัตรากำหนด
35,นาโคก - แพรกหนามแดง,65,66,สมุทรสงคราม,75,กรมทางหลวง,19,1,18,28,3.8,5,0.158,ทางตรง+ไม่มีความลาดชัน,ขับรถเร็วเกินอัตรากำหนด
1,แม่กา - แยกประตูชัย,833,834,พะเยา,56,กรมทางหลวง,19,1,18,28,3.8,5,0.105,ทางตรง+ไม่มีความลาดชัน,ขับรถเร็วเกินอัตรากำหนด
21,หัวนา - สักหลง,247,248,เพชรบูรณ์,67,กรมทางหลวง,18,1,18,28,4.5,4,0,ทางตรง+ไม่มีความลาดชัน,ขับรถเร็วเกินอัตรากำหนด
11,อุโมงค์ - รินคำ,557,558,เชียงใหม่,50,กรมทางหลวง,16,2,8,28,3.2,5,0.063,ทางตรง+ไม่มีความลาดชัน,ขับรถเร็วเกินอัตรากำหนด
41,ถ้ำพรรณรา - ทุ่งสง,289,290,นครศรีธรรมราช,80,กรมทางหลวง,16,2,8,28,4,4,0.063,ทางตรง+ไม่มีความลาดชัน,ขับรถเร็วเกินอัตรากำหนด
34,บางปะกง - หนองไม้แดง,53,54,ชลบุรี,20,กรมทางหลวง,16,2,8,28,4,4,0,ทางตรง+ไม่มีความลาดชัน,ขับรถเร็วเกินอัตรากำหนด
35,นาโคก - แพรกหนามแดง,66,67,สมุทรสงคราม,75,กรมทางหลวง,15,2,8,28,3,5,0.2,ทางตรง+ไม่มีความลาดชัน,ขับรถเร็วเกินอัตรากำหนด
12,เมืองเก่า - สุโขทัย,163,164,สุโขทัย,64,กรมทางหลวง,14,1,18,28,3.5,4,0.143,ทางตรง+ไม่มีความลาดชัน,ขับรถเร็วเกินอัตรากำหนด
4,นาโหนด - ห้วยทราย,1200,1201,พัทลุง,93,กรมทางหลวง,13,2,8,28,3.25,4,0.154,ทางตรง+ไม่มีความลาดชัน,ขับรถเร็วเกินอัตราที่กำหนด
101,ท่าช้าง - สวรรคโลก,101,102,สุโขทัย,64,กรมทางหลวง,13,1,18,28,3.25,4,0.077,ทางตรง+ไม่มีความลาดชัน,ขับรถเร็วเกินอัตรากำหนด
41,สี่แยกโพธิ์ทอง - พัทลุง,377,378,พัทลุง,93,กรมทางหลวง,13,1,18,28,3.25,4,0.154,ทางตรง+ไม่มีความลาดชัน,ขับรถเร็วเกินอัตรากำหนด
420,วงแหวนรอบเมืองสุราษฎร์ธานี,4,5,สุราษฎร์ธานี,84,กรมทางหลวง,13,1,18,28,2.6,5,0.077,ทางตรง+ไม่มีความลาดชัน,ขับรถเร็วเกินอัตรากำหนด
101,แยกนาแหลม - หนองห้า,262,263,แพร่,54,กรมทางหลวง,12,2,8,28,2.4,5,0,ทางตรง+ไม่มีความลาดชัน,ขับรถเร็วเกินอัตรากำหนด
304,วังน้ำเขียว - ดอนขวาง,259,260,นครราชสีมา,30,กรมทางหลวง,12,2,8,28,2.4,5,0.25,ทางโค้งกว้าง+ไม่มีความลาดชัน,ขับรถเร็วเกินอัตรากำหนด
1023,แพร่ - แยกแม่แขม,37,38,แพร่,54,กรมทางหลวง,12,2,8,28,2.4,5,0.25,ทางตรง+ไม่มีความลาดชัน,คน/รถ/สัตว์ตัดหน้ากระชั้นชิด
36,มะขามคู่ - มาบข่า,24,25,ระยอง,21,กรมทางหลวง,11,1,18,28,2.75,4,0.182,ทางตรง+ไม่มีความลาดชัน,ขับรถเร็วเกินอัตรากำหนด
6,พญาเย็น - นครราชสีมา,145,146,นครราชสีมา,30,กรมทางหลวง,11,2,8,28,5.5,2,0.091,ทางตรง+ไม่มีความลาดชัน,ขับรถเร็วเกินอัตรากำหนด
21,หัวนา - สักหลง,254,255,เพชรบูรณ์,67,กรมทางหลวง,10,2,8,28,2.5,4,0.1,ทางตรง+ไม่มีความลาดชัน,คน/รถ/สัตว์ตัดหน้ากระชั้นชิด
4,วังครก - เสียบญวณ,480,481,ชุมพร,86,กรมทางหลวง,10,2,8,28,2.5,4,0.4,ทางตรง+ไม่มีความลาดชัน,ขับรถเร็วเกินอัตรากำหนด
304,เขาหินซ้อน - ลาดตะเคียน,127,128,ฉะเชิงเทรา,24,กรมทางหลวง,10,1,18,28,2.5,4,0.1,ทางตรง+ไม่มีความลาดชัน,ขับรถเร็วเกินอัตรากำหนด
304,สี่แยกกบินทร์บุรี - วังน้ำเขียว,179,180,ปราจีนบุรี,25,กรมทางหลวง,10,2,8,28,3.33,3,0.1,ทางตรง+ไม่มีความลาดชัน,ขับรถเร็วเกินอัตรากำหนด
4034,ปากน้ำกระบี่ - เขาทอง,4,5,กระบี่,81,กรมทางหลวง,9,2,8,28,2.25,4,0.111,ทางโค้งกว้าง+ไม่มีความลาดชัน,ขับรถเร็วเกินอัตรากำหนด
12,บ้านกร่าง - พิษณุโลก,218,219,พิษณุโลก,65,กรมทางหลวง,9,2,8,28,2.25,4,0.444,ทางตรง+ไม่มีความลาดชัน,ขับรถเร็วเกินอัตรากำหนด
4,น้ำรอด - พ่อตาหินช้าง,424,425,ชุมพร,86,กรมทางหลวง,9,2,8,28,1.8,5,0.111,ทางตรง+ไม่มีความลาดชัน,ขับรถเร็วเกินอัตรากำหนด
3,ศรีราชา - พัทยา,134,135,ชลบุรี,20,กรมทางหลวง,9,2,8,28,3,3,0,ทางตรง+ไม่มีความลาดชัน,ขับรถเร็วเกินอัตรากำหนด
212,ย้อมพัฒนา - นาโพธิ์,416,417,มุกดาหาร,49,กรมทางหลวง,9,2,8,28,3,3,0.111,ทางตรง+ไม่มีความลาดชัน,ขับรถเร็วเกินอัตรากำหนด
11,นาอิน - ชัยมงคล,274,275,อุตรดิตถ์,53,กรมทางหลวง,9,2,8,28,2.25,4,0.111,ทางตรง+ไม่มีความลาดชัน,หลับใน
4269,คลองมวน - คลองโกง,18,19,ตรัง,92,กรมทางหลวง,8,0,28,28,2.67,3,0.25,ทางแยกรูปตัว ++ที่ราบ,คน/รถ/สัตว์ตัดหน้ากระชั้นชิด
333,สระกระโจม - บ้านไร่,55,56,สุพรรณบุรี,72,กรมทางหลวง,8,2,8,28,2,4,0,ทางเชื่อมเข้าพื้นที่สาธารณะ/เชิงพาณิชย์,คน/รถ/สัตว์ตัดหน้ากระชั้นชิด
34,บางนา - ทางเข้าท่าอากาศยานสุวรรณภูมิ,14,15,สมุทรปราการ,11,กรมทางหลวง,8,2,8,28,2,4,0,ทางตรง+ไม่มีความลาดชัน,ขับรถเร็วเกินอัตรากำหนด
367,ทางเลี่ยงเมืองกาญจนบุรี,3,4,กาญจนบุรี,71,กรมทางหลวง,8,2,8,28,2.67,3,0,ทางตรง+ไม่มีความลาดชัน,ขับรถเร็วเกินอัตรากำหนด
33,พระปรง - โนนจิก,256,257,สระแก้ว,27,กรมทางหลวง,8,2,8,28,2,4,0.125,ทางตรง+ที่ราบ,ขับรถเร็วเกินอัตรากำหนด
3291,เจดีย์หัก - หนองหอย,0,1,ราชบุรี,70,กรมทางหลวง,8,2,8,28,1.6,5,0,ทางตรง+ไม่มีความลาดชัน,ขับรถเร็วเกินอัตรากำหนด
41,หัวเตย - ท่าโรงช้าง,166,167,สุราษฎร์ธานี,84,กรมทางหลวง,8,2,8,28,1.6,5,0.125,ทางตรง+ไม่มีความลาดชัน,ขับรถเร็วเกินอัตรากำหนด
12,น้ำดุก - ห้วยซำมะคาว,398,399,เพชรบูรณ์,67,กรมทางหลวง,8,2,8,28,2.67,3,0.75,ทางโค้งปกติ+บนช่วงลาดชัน,ขับรถเร็วเกินอัตรากำหนด
23,บ้านย่อ - บ้านสวน,205,206,ยโสธร,35,กรมทางหลวง,7,2,8,28,1.75,4,0,ทางตรง+ไม่มีความลาดชัน,ขับรถเร็วเกินอัตรากำหนด
107,หัวโท - ล้องอ้อ,126,127,เชียงใหม่,50,กรมทางหลวง,7,2,8,28,1.75,4,0,ทางตรง+ไม่มีความลาดชัน,ขับรถเร็วเกินอัตรากำหนด
3422,ลาดบัวหลวง - สองพี่น้อง,19,20,สุพรรณบุรี,72,กรมทางหลวง,7,2,8,28,1.75,4,0,ทางตรง+ไม่มีความลาดชัน,ขับรถเร็วเกินอัตรากำหนด
4,วังยาว - หนองหมู,268,269,ประจวบคีรีขันธ์,77,กรมทางหลวง,7,2,8,28,1.75,4,0.143,ทางตรง+ไม่มีความลาดชัน,ขับรถเร็วเกินอัตรากำหนด
304,วังน้ำเขียว - ดอนขวาง,256,257,นครราชสีมา,30,กรมทางหลวง,7,1,18,28,2.33,3,0.286,ทางตรง+ไม่มีความลาดชัน,ขับรถเร็วเกินอัตรากำหนด
3,บ้านพลิ้ว - แม่น้ำเวฬุ,368,369,จันทบุรี,22,กรมทางหลวง,6,2,8,28,2,3,0,ทางตรง+ไม่มีความลาดชัน,ขับรถเร็วเกินอัตรากำหนด
41,ถ้ำพรรณรา - ทุ่งสง,272,273,นครศรีธรรมราช,80,กรมทางหลวง,6,2,8,28,1.5,4,0.167,ทางตรง+ไม่มีความลาดชัน,ขับรถเร็วเกินอัตรากำหนด
42,กอตอ - ปูต๊ะ,180,181,นราธิวาส,96,กรมทางหลวง,6,2,8,28,2,3,0.167,ทางตรง+ไม่มีความลาดชัน,ฝ่าฝืนสัญญาณไฟ/เครื่องหมายจราจร
41,สวนสมบูรณ์ - เกาะมุกข์,95,96,สุราษฎร์ธานี,84,กรมทางหลวง,6,2,8,28,2,3,0.167,ทางตรง+ไม่มีความลาดชัน,ขับรถเร็วเกินอัตรากำหนด
202,สุวรรณภูมิ - โนนชัยศรี,213,214,ร้อยเอ็ด,45,กรมทางหลวง,6,1,18,28,1.5,4,0.167,ทางตรง+ไม่มีความลาดชัน,หลับใน
4,พัทลุง - นาโหนด,1173,1174,พัทลุง,93,กรมทางหลวง,6,2,8,28,1.5,4,0.167,ทางตรง+ที่ราบ,ขับรถเร็วเกินอัตรากำหนด
304,ดอนขวาง - โพธิ์กลาง,279,280,นครราชสีมา,30,กรมทางหลวง,6,2,8,28,2,3,0,ทางตรง+ไม่มีความลาดชัน,ขับรถเร็วเกินอัตรากำหนด
1001,บ้านโป่ง - พร้าว,84,85,เชียงใหม่,50,กรมทางหลวง,5,2,8,28,1.67,3,0,ทางตรง+ไม่มีความลาดชัน,ขับรถเร็วเกินอัตรากำหนด
41,ท่าทอง - สวนสมบูรณ์,90,91,ชุมพร,86,กรมทางหลวง,5,2,8,28,1.25,4,0,ทางโค้งกว้าง+ที่ลาดชัน,ขับรถเร็วเกินอัตรากำหนด
1,สนามกีฬาธูปะเตมีย์ - ต่างระดับคลองหลวง,38,39,ปทุมธานี,13,กรมทางหลวง,5,2,8,28,1.25,4,0.2,ทางตรง+ไม่มีความลาดชัน,หลับใน
23,บ้านย่อ - บ้านสวน,196,197,ยโสธร,35,กรมทางหลวง,5,2,8,28,1.25,4,0,ทางตรง+ไม่มีความลาดชัน,ขับรถเร็วเกินอัตรากำหนด
410,ตะบิงติงงี - บ่อหิน,88,89,ยะลา,95,กรมทางหลวง,5,0,28,28,1.25,4,0.2,ทางโค้งกว้าง+ไม่มีความลาดชัน,ขับรถเร็วเกินอัตรากำหนด
304,ลาดตะเคียน - สี่แยกกบินทร์บุรี,156,157,ปราจีนบุรี,25,กรมทางหลวง,5,2,8,28,1.67,3,0.2,ทางตรง+ไม่มีความลาดชัน,ขับรถเร็วเกินอัตรากำหนด
1256,อุทยานแห่งชาติดอยภูคา - บ่อเกลือ,45,46,น่าน,55,กรมทางหลวง,4,1,18,28,1.33,3,0,ทางโค้งกว้าง+ที่ลาดชัน,ขับรถเร็วเกินอัตรากำหนด
2033,นาเหนือ - คำพอก,28,29,นครพนม,48,กรมทางหลวง,4,2,8,28,1.33,3,0,ทางตรง+ไม่มีความลาดชัน,ขับรถเร็วเกินอัตรากำหนด
41,ทุ่งสง - ร่อนพิบูลย์,304,305,นครศรีธรรมราช,80,กรมทางหลวง,4,2,8,28,1.33,3,0.25,ทางตรง+ไม่มีความลาดชัน,ขับรถเร็วเกินอัตรากำหนด
21,วังชมภู - บ้านโตก,212,213,เพชรบูรณ์,67,กรมทางหลวง,4,2,8,28,1.33,3,0.25,ทางตรง+ไม่มีความลาดชัน,หลับใน
420,วงแหวนรอบเมืองสุราษฎร์ธานี,16,17,สุราษฎร์ธานี,84,กรมทางหลวง,4,2,8,28,1,4,0.25,ทางตรง+ไม่มีความลาดชัน,ขับรถเร็วเกินอัตรากำหนด
4084,ปูต๊ะ - นราธิวาส,0,1,นราธิวาส,96,กรมทางหลวง,4,2,8,28,1.33,3,0,ทางตรง+ที่ราบ,ขับรถเร็วเกินอัตราที่กำหนด
2,บ่อทอง - มอจะบก,96,97,นครราชสีมา,30,กรมทางหลวง,3,2,8,28,1.5,2,0,ทางตรง+ที่ราบ,ขับรถเร็วเกินอัตราที่กำหนด
24,กระเทียม - ห้วยสำราญ,254,255,สุรินทร์,32,กรมทางหลวง,3,2,8,28,1.5,2,0,ทางตรง+ที่ราบ,ยางเสื่อมสภาพ/ยางแตก
217,สว่างวีระวงศ์ - พิบูลมังสาหาร,38,39,อุบลราชธานี,34,กรมทางหลวง,3,0,28,28,1.5,2,0,ทางตรง+ไม่มีความลาดชัน,ขับรถเร็วเกินอัตรากำหนด
208,หนองสระพัง - มหาสารคาม,51,52,มหาสารคาม,44,กรมทางหลวง,3,2,8,28,1,3,0.333,ทางตรง+ไม่มีความลาดชัน,ขับรถเร็วเกินอัตรากำหนด
117,คลองพลังด้านใต้ - เนินสว่าง,43,44,พิจิตร,66,กรมทางหลวง,3,2,8,28,1.5,2,1,ทางตรง+ไม่มีความลาดชัน,ขับรถเร็วเกินอัตรากำหนด
304,เสม็ดเหนือ - พนมสารคาม,94,95,ฉะเชิงเทรา,24,กรมทางหลวง,3,1,18,28,1,3,0,ทางโค้งกว้าง+ไม่มีความลาดชัน,คน/รถ/สัตว์ตัดหน้ากระชั้นชิด
317,เขาแหลม - สระแก้ว,106,107,สระแก้ว,27,กรมทางหลวง,3,2,8,28,1.5,2,0,ทางตรง+ไม่มีความลาดชัน,ขับรถเร็วเกินอัตราที่กำหนด
11,ปางเคาะ - ปางมะโอ,418,419,แพร่,54,กรมทางหลวง,100,1,17,27,20,5,0.72,ทางโค้งกว้าง+ที่ลาดชัน,ขับรถเร็วเกินอัตรากำหนด
7,แขวงคลองสองต้นนุ่น - พิมพา,28,29,สมุทรปราการ,11,กรมทางหลวง,91,0,27,27,18.2,5,0.022,ทางตรง+ไม่มีความลาดชัน,ขับรถเร็วเกินอัตรากำหนด
7,หนองข้างคอก - ตะเคียนเตี้ย,96,97,ชลบุรี,20,กรมทางหลวง,75,0,27,27,15,5,0.08,ทางตรง+ไม่มีความลาดชัน,ขับรถเร็วเกินอัตรากำหนด
7,แขวงคลองสองต้นนุ่น - พิมพา,19,20,กรุงเทพมหานคร,10,กรมทางหลวง,44,1,17,27,8.8,5,0.091,ทางตรง+ไม่มีความลาดชัน,ขับรถเร็วเกินอัตรากำหนด
9,บางปะอิน - แขวงรามอินทรา,1,2,พระนครศรีอยุธยา,14,กรมทางหลวง,36,0,27,27,7.2,5,0.056,ทางตรง+ไม่มีความลาดชัน,ขับรถเร็วเกินอัตรากำหนด
31,ดินแดง - งามวงศ์วาน,12,13,กรุงเทพมหานคร,10,กรมทางหลวง,23,1,17,27,7.67,3,0,ทางตรง+ไม่มีความลาดชัน,ขับรถเร็วเกินอัตรากำหนด
37,ชะอำ - วังโบสถ์,12,13,เพชรบุรี,76,กรมทางหลวง,21,1,17,27,4.2,5,0.333,ทางตรง+ไม่มีความลาดชัน,ขับรถเร็วเกินอัตรากำหนด
3901,คลองระพีพัฒน์ - บึงคำพร้อย,28,29,กรุงเทพมหานคร,10,กรมทางหลวง,21,1,17,27,4.2,5,0,ทางตรง+ไม่มีความลาดชัน,ขับรถเร็วเกินอัตรากำหนด
304,วังน้ำเขียว - ดอนขวาง,232,233,นครราชสีมา,30,กรมทางหลวง,20,1,17,27,4,5,0.45,ทางโค้งกว้าง+ไม่มีความลาดชัน,ขับรถเร็วเกินอัตรากำหนด
101,แยกนาแหลม - หนองห้า,260,261,แพร่,54,กรมทางหลวง,20,2,7,27,4,5,0.2,ทางตรง+ไม่มีความลาดชัน,ขับรถเร็วเกินอัตรากำหนด
2,มวกเหล็ก - บ่อทอง,44,45,นครราชสีมา,30,กรมทางหลวง,19,0,27,27,4.75,4,0.579,ทางตรง+ไม่มีความลาดชัน,ขับรถเร็วเกินอัตราที่กำหนด
12,เมืองเก่า - สุโขทัย,170,171,สุโขทัย,64,กรมทางหลวง,18,1,17,27,3.6,5,0.056,ทางตรง+ไม่มีความลาดชัน,ขับรถเร็วเกินอัตรากำหนด
4,วังยาว - หนองหมู,260,261,ประจวบคีรีขันธ์,77,กรมทางหลวง,16,2,7,27,3.2,5,0.125,ทางตรง+ไม่มีความลาดชัน,หลับใน
2,ไร่โคกสูง - โคกกรวด,114,115,นครราชสีมา,30,กรมทางหลวง,14,1,17,27,2.8,5,0.214,ทางตรง+ที่ราบ,ขับรถเร็วเกินอัตราที่กำหนด
1,ตาคลี - ดอนรังนก,259,260,นครสวรรค์,60,กรมทางหลวง,14,1,17,27,2.8,5,0,ทางตรง+ที่ราบ,มีการตัดหน้าระยะกระชั้นชิด
12,กลางสะพานมิตรภาพที่แม่สอด(เขตแดน ไทย / พม่า) - แม่ละเมา,15,16,ตาก,63,กรมทางหลวง,13,2,7,27,3.25,4,0.308,ทางโค้งกว้าง+ไม่มีความลาดชัน,ขับรถเร็วเกินอัตรากำหนด
34,บางปะกง - หนองไม้แดง,54,55,ชลบุรี,20,กรมทางหลวง,12,2,7,27,3,4,0,ทางตรง+ไม่มีความลาดชัน,ขับรถเร็วเกินอัตรากำหนด
3,ท้ายบ้าน - บางตำหรุ,37,38,สมุทรปราการ,11,กรมทางหลวง,12,2,7,27,2.4,5,0,ทางตรง+ไม่มีความลาดชัน,ขับรถเร็วเกินอัตรากำหนด
4,เขาวัง - หนองบ้วย,161,162,เพชรบุรี,76,กรมทางหลวง,12,1,17,27,3,4,0.083,ทางตรง+ไม่มีความลาดชัน,ขับรถเร็วเกินอัตรากำหนด
3,แม่น้ำตราด - หาดเล็ก,401,402,ตราด,23,กรมทางหลวง,12,1,17,27,3,4,0.333,ทางตรง+ไม่มีความลาดชัน,ขับรถเร็วเกินอัตรากำหนด
340,สาลี - สุพรรณบุรี,64,65,สุพรรณบุรี,72,กรมทางหลวง,12,2,7,27,3,4,0,ทางตรง+ไม่มีความลาดชัน,ขับรถเร็วเกินอัตรากำหนด
315,ฉะเชิงเทรา - หัวไผ่,7,8,ฉะเชิงเทรา,24,กรมทางหลวง,11,2,7,27,2.75,4,0.727,ทางตรง+ที่ราบ,ขับรถเร็วเกินอัตราที่กำหนด
1023,แพร่ - แยกแม่แขม,5,6,แพร่,54,กรมทางหลวง,10,2,7,27,2.5,4,0.1,ทางตรง+ไม่มีความลาดชัน,ขับรถเร็วเกินอัตรากำหนด
41,เขาบ่อ - ท่าทอง,27,28,ชุมพร,86,กรมทางหลวง,10,2,7,27,2,5,0.2,ทางตรง+ไม่มีความลาดชัน,คน/รถ/สัตว์ตัดหน้ากระชั้นชิด
407,ควนหิน - สงขลา,27,28,สงขลา,90,กรมทางหลวง,10,2,7,27,2.5,4,0.1,ทางตรง+ไม่มีความลาดชัน,ขับรถเร็วเกินอัตรากำหนด
1,นครชุม - วังเจ้า,489,490,กำแพงเพชร,62,กรมทางหลวง,10,2,7,27,2.5,4,0,ทางโค้งกว้าง+ไม่มีความลาดชัน,หลับใน
340,ศรีประจันต์ - ปากน้ำ,122,123,สุพรรณบุรี,72,กรมทางหลวง,10,2,7,27,3.33,3,0,ทางตรง+ไม่มีความลาดชัน,คน/รถ/สัตว์ตัดหน้ากระชั้นชิด
4,ตรัง - เขาพับผ้า,1126,1127,ตรัง,92,กรมทางหลวง,10,1,17,27,2.5,4,0.2,ทางตรง+ไม่มีความลาดชัน,ขับรถเร็วเกินอัตรากำหนด
4,พ่อตาหินช้าง - วังครก,467,468,ชุมพร,86,กรมทางหลวง,9,2,7,27,2.25,4,0.222,ทางโค้งกว้าง+ไม่มีความลาดชัน,ขับรถเร็วเกินอัตรากำหนด
42,สะปอม - ปาเสมัส,257,258,นราธิวาส,96,กรมทางหลวง,9,2,7,27,3,3,0.111,ทางตรง+ไม่มีความลาดชัน,ขับรถเร็วเกินอัตรากำหนด
32,สิงห์เหนือ - โพนางดำออก,95,96,สิงห์บุรี,17,กรมทางหลวง,9,2,7,27,1.8,5,0,ทางตรง+ไม่มีความลาดชัน,ขับรถเร็วเกินอัตรากำหนด
4,คลองบางดินสอ - นาเหนือ,865,866,พังงา,82,กรมทางหลวง,9,1,17,27,1.8,5,0.333,ทางโค้งกว้าง+ไม่มีความลาดชัน,ขับรถเร็วเกินอัตรากำหนด
41,ไม้เสียบ - สี่แยกโพธิ์ทอง,357,358,พัทลุง,93,กรมทางหลวง,9,2,7,27,3,3,0.111,ทางตรง+ที่ราบ,ความเมื่อยล้า
4,พ่อตาหินช้าง - วังครก,449,450,ชุมพร,86,กรมทางหลวง,9,2,7,27,2.25,4,0.333,ทางตรง+ไม่มีความลาดชัน,ขับรถเร็วเกินอัตรากำหนด
1,แยกสวนพฤกษศาสตร์พุแค - แยกโรงเรียนสุธีวิทยา,135,136,สระบุรี,19,กรมทางหลวง,8,2,7,27,2.67,3,0.25,ทางตรง+ไม่มีความลาดชัน,ขับรถเร็วเกินอัตรากำหนด
4,ตลาดเก่า - คลองท่อม,999,1000,กระบี่,81,กรมทางหลวง,8,1,17,27,2.67,3,0.25,ทางตรง+ไม่มีความลาดชัน,ขับรถเร็วเกินอัตรากำหนด
303,ราษฎร์บูรณะ - พระสมุทรเจดีย์,16,17,สมุทรปราการ,11,กรมทางหลวง,8,2,7,27,2,4,0.25,ทางตรง+ไม่มีความลาดชัน,ขับรถเร็วเกินอัตรากำหนด
2,มวกเหล็ก - บ่อทอง,47,48,นครราชสีมา,30,กรมทางหลวง,8,1,17,27,2.67,3,0.375,ทางตรง+ที่ราบ,ขับรถเร็วเกินอัตราที่กำหนด
2410,บ้านเหล่า - ดอนกลอย,4,5,อุดรธานี,41,กรมทางหลวง,8,2,7,27,2,4,0,ทางตรง+ไม่มีความลาดชัน,หลับใน
1202,พะเยา - สันต้นแหน,2,3,พะเยา,56,กรมทางหลวง,8,2,7,27,2.67,3,0,ทางตรง+ไม่มีความลาดชัน,ขับรถเร็วเกินอัตรากำหนด
1090,แม่สอด - ห้วยน้ำริน,37,38,ตาก,63,กรมทางหลวง,8,1,17,27,2.67,3,0.125,ทางตรง+ไม่มีความลาดชัน,ขับรถเร็วเกินอัตรากำหนด
24,ซับประดู่ - สี่แยกปักธงชัย,28,29,นครราชสีมา,30,กรมทางหลวง,7,2,7,27,1.4,5,0.143,ทางตรง+ไม่มีความลาดชัน,ขับรถเร็วเกินอัตรากำหนด
21,บ้านโตก - หัวนา,236,237,เพชรบูรณ์,67,กรมทางหลวง,7,2,7,27,2.33,3,0,ทางตรง+ไม่มีความลาดชัน,ขับรถเร็วเกินอัตรากำหนด
4,วังครก - เสียบญวณ,473,474,ชุมพร,86,กรมทางหลวง,7,2,7,27,1.4,5,0,ทางตรง+ไม่มีความลาดชัน,ขับรถเร็วเกินอัตรากำหนด
2,โนนสะอาด - อุดรธานี,444,445,อุดรธานี,41,กรมทางหลวง,7,2,7,27,1.4,5,0.143,ทางตรง+ไม่มีความลาดชัน,ขับรถเร็วเกินอัตรากำหนด
221,ศรีสะเกษ - ภูเงิน,4,5,ศรีสะเกษ,33,กรมทางหลวง,7,2,7,27,2.33,3,0.143,ทางตรง+ไม่มีความลาดชัน,ขับรถเร็วเกินอัตรากำหนด
2077,ลำดวน - สังขะ,23,24,สุรินทร์,32,กรมทางหลวง,7,2,7,27,1.75,4,0,ทางตรง+ไม่มีความลาดชัน,คน/รถ/สัตว์ตัดหน้ากระชั้นชิด
212,ย้อมพัฒนา - นาโพธิ์,447,448,มุกดาหาร,49,กรมทางหลวง,7,2,7,27,1.4,5,0,ทางตรง+ไม่มีความลาดชัน,ขับรถเร็วเกินอัตรากำหนด
323,หนองสามพราน - แก่งประลอม,103,104,กาญจนบุรี,71,กรมทางหลวง,7,1,17,27,1.75,4,0,ทางตรง+ไม่มีความลาดชัน,คน/รถ/สัตว์ตัดหน้ากระชั้นชิด
42,สะปอม - ปาเสมัส,255,256,นราธิวาส,96,กรมทางหลวง,7,2,7,27,1.75,4,0.143,ทางโค้งกว้าง+ไม่มีความลาดชัน,ขับรถเร็วเกินอัตรากำหนด
37,วังโบสถ์ - ปราณบุรี,32,33,ประจวบคีรีขันธ์,77,กรมทางหลวง,6,2,7,27,1.5,4,0,ทางตรง+ไม่มีความลาดชัน,ขับรถเร็วเกินอัตรากำหนด
302,สะพานพระนั่งเกล้า - ต่างระดับบางใหญ่,16,17,นนทบุรี,12,กรมทางหลวง,6,2,7,27,2,3,0,ทางตรง+ที่ราบ,ขับรถเร็วเกินอัตรากำหนด
3,นายายอาม - บ้านสิ้ว,293,294,จันทบุรี,22,กรมทางหลวง,6,2,7,27,1.5,4,0.167,ทางตรง+ไม่มีความลาดชัน,ขับรถเร็วเกินอัตรากำหนด
2,บ่อทอง - มอจะบก,91,92,นครราชสีมา,30,กรมทางหลวง,6,2,7,27,1.5,4,0.333,ทางตรง+ไม่มีความลาดชัน,ขับรถเร็วเกินอัตรากำหนด
E002S014|U,แจ้งวัฒนะ-พญาไท,0,1,กรุงเทพมหานคร,10,การทางพิเศษแห่งประเทศไทย,6,0,27,27,1.5,4,0,ทางแยกต่างระดับ/Ramps,
43,นาหม่อม - จะนะ,26,27,สงขลา,90,กรมทางหลวง,6,1,17,27,1.5,4,0.167,ทางตรง+ไม่มีความลาดชัน,ขับรถเร็วเกินอัตรากำหนด
403,กะปาง - ห้วยนาง,73,74,ตรัง,92,กรมทางหลวง,6,2,7,27,1.5,4,0.167,ทางแยกรูปตัว ++ที่ราบ,ขับรถเร็วเกินอัตรากำหนด
41,ไม้เสียบ - สี่แยกโพธิ์ทอง,350,351,พัทลุง,93,กรมทางหลวง,6,2,7,27,2,3,0.167,ทางตรง+ที่ราบ,หลับใน
232,ถนนวงแหวนรอบเมืองร้อยเอ็ด,18,19,ร้อยเอ็ด,45,กรมทางหลวง,6,2,7,27,3,2,0,ทางตรง+ที่ราบ,ขับรถเร็วเกินอัตราที่กำหนด
11,อุโมงค์ - รินคำ,541,542,เชียงใหม่,50,กรมทางหลวง,5,2,7,27,1.67,3,0,ทางตรง+ไม่มีความลาดชัน,ขับรถเร็วเกินอัตรากำหนด
12,ร่องแซง - หนองแก,470,471,ขอนแก่น,40,กรมทางหลวง,5,2,7,27,1.25,4,0.2,ทางตรง+ไม่มีความลาดชัน,ขับรถเร็วเกินอัตรากำหนด
4,พระประโทน - สระกระเทียม,58,59,นครปฐม,73,กรมทางหลวง,5,2,7,27,1.67,3,0,ทางตรง+ไม่มีความลาดชัน,ขับรถเร็วเกินอัตรากำหนด
2,ไร่โคกสูง - โคกกรวด,129,130,นครราชสีมา,30,กรมทางหลวง,5,1,17,27,1.67,3,0,ทางตรง+ไม่มีความลาดชัน,ขับรถเร็วเกินอัตรากำหนด
4,คลองบางดินสอ - นาเหนือ,859,860,พังงา,82,กรมทางหลวง,5,2,7,27,1.67,3,0.6,ทางโค้งกว้าง+ที่ลาดชัน,ขับรถเร็วเกินอัตรากำหนด
305,คลอง 14 - องครักษ์,43,44,นครนายก,26,กรมทางหลวง,5,2,7,27,1.67,3,0.2,ทางตรง+ไม่มีความลาดชัน,ขับรถเร็วเกินอัตรากำหนด
1,โนนปอแดง - ปากดง,427,428,กำแพงเพชร,62,กรมทางหลวง,5,2,7,27,1.25,4,0.2,ทางตรง+ไม่มีความลาดชัน,ขับรถเร็วเกินอัตรากำหนด
1134,บ้านเวียง - ร้องเข็ม,21,22,แพร่,54,กรมทางหลวง,5,2,7,27,2.5,2,0,ทางโค้งกว้าง+ไม่มีความลาดชัน,คน/รถ/สัตว์ตัดหน้ากระชั้นชิด
12,แยกอาเซียน - น้ำดุก,354,355,เพชรบูรณ์,67,กรมทางหลวง,5,2,7,27,2.5,2,0,ทางตรง+ที่ราบ,ขับรถเร็วเกินอัตราที่กำหนด
309,วังน้อย - บ้านสร้าง,4,5,พระนครศรีอยุธยา,14,กรมทางหลวง,5,2,7,27,1.67,3,0.2,ทางตรง+ไม่มีความลาดชัน,ขับรถเร็วเกินอัตรากำหนด
41,สี่แยกโพธิ์ทอง - พัทลุง,375,376,พัทลุง,93,กรมทางหลวง,5,2,7,27,2.5,2,0,ทางตรง+ไม่มีความลาดชัน,ขับรถเร็วเกินอัตรากำหนด
207,บ้านวัด - ประทาย,14,15,นครราชสีมา,30,กรมทางหลวง,4,2,7,27,2,2,0.25,ทางตรง+ไม่มีความลาดชัน,ขับรถเร็วเกินอัตรากำหนด
108,เชียงใหม่ - ปากทางท่าลี่,17,18,เชียงใหม่,50,กรมทางหลวง,4,2,7,27,1.33,3,0,ทางตรง+ไม่มีความลาดชัน,ขับรถเร็วเกินอัตรากำหนด
3,บ้านสิ้ว - โพธิ์ทอง,325,326,จันทบุรี,22,กรมทางหลวง,4,2,7,27,1.33,3,0.25,ทางตรง+ไม่มีความลาดชัน,ขับรถเร็วเกินอัตรากำหนด
225,ศรีมงคล - น้ำอ้อม,155,156,เพชรบูรณ์,67,กรมทางหลวง,4,1,17,27,4,1,0,ทางโค้งปกติ+บนช่วงลาดชัน,เบรคชำรุด
4015,เขาธง - ฉวาง,59,60,นครศรีธรรมราช,80,กรมทางหลวง,3,2,7,27,1.5,2,0,ทางตรง+ไม่มีความลาดชัน,ขับรถเร็วเกินอัตรากำหนด
224,หัวทะเล - โชคชัย,32,33,นครราชสีมา,30,กรมทางหลวง,3,2,7,27,1.5,2,0,ทางแยกรูปตัว ++ที่ราบ,ฝ่าฝืนสัญญาณไฟ/เครื่องหมายจราจร
317,พังงอน - เขาแหลม,58,59,จันทบุรี,22,กรมทางหลวง,3,2,7,27,1,3,0,ทางโค้งกว้าง+ไม่มีความลาดชัน,ขับรถเร็วเกินอัตรากำหนด
41,ท่าชี - ถ้ำพรรณรา,214,215,สุราษฎร์ธานี,84,กรมทางหลวง,3,2,7,27,1,3,0.667,ทางตรง+ไม่มีความลาดชัน,ขับรถเร็วเกินอัตรากำหนด
1126,พาน - บ้านวัง,34,35,เชียงราย,57,กรมทางหลวง,3,1,17,27,1,3,0,ทางโค้งกว้าง+ไม่มีความลาดชัน,ขับรถเร็วเกินอัตรากำหนด
21,ซับสมอทอด - หนองไผ่,137,138,เพชรบูรณ์,67,กรมทางหลวง,3,2,7,27,1.5,2,0,ทางตรง+ที่ราบ,มีการตัดหน้าระยะกระชั้นชิด
3199,ท่าพะเนียด - โป่งปัด,5,6,กาญจนบุรี,71,กรมทางหลวง,3,2,7,27,1.5,2,0,ทางตรง+ที่ราบ,หลับใน
2256,หนองน้ำใส - ปางโก,18,19,ลพบุรี,16,กรมทางหลวง,3,2,7,27,1.5,2,0,ทางตรง+ไม่มีความลาดชัน,ขับรถเร็วเกินอัตรากำหนด
401,สิชล - ท่าแพ,281,282,นครศรีธรรมราช,80,กรมทางหลวง,3,2,7,27,1.5,2,1,ทางตรง+ไม่มีความลาดชัน,ขับรถเร็วเกินอัตรากำหนด
2350,หนองหาน - กุมภวาปี,11,12,อุดรธานี,41,กรมทางหลวง,3,2,7,27,1.5,2,0.333,,ขับรถเร็วเกินอัตรากำหนด
7,แขวงคลองสองต้นนุ่น - พิมพา,16,17,กรุงเทพมหานคร,10,กรมทางหลวง,119,0,26,26,23.8,5,0.042,ทางตรง+ไม่มีความลาดชัน,ฝ่าฝืนสัญญาณไฟ/เครื่องหมายจราจร
7,แขวงคลองสองต้นนุ่น - พิมพา,30,31,สมุทรปราการ,11,กรมทางหลวง,51,0,26,26,10.2,5,0.02,ทางตรง+ไม่มีความลาดชัน,ขับรถเร็วเกินอัตรากำหนด
1001,เชียงใหม่ - บ้านโป่ง,4,5,เชียงใหม่,50,กรมทางหลวง,50,0,26,26,12.5,4,0.22,ทางตรง+ไม่มีความลาดชัน,ขับรถเร็วเกินอัตรากำหนด
35,สะพานข้ามแม่น้ำท่าจีนฝั่งตะวันตก - นาโคก,39,40,สมุทรสาคร,74,กรมทางหลวง,43,0,26,26,8.6,5,0.116,ทางตรง+ที่ราบ,ขับรถเร็วเกินอัตราที่กำหนด
2,มวกเหล็ก - บ่อทอง,40,41,นครราชสีมา,30,กรมทางหลวง,35,1,16,26,7,5,0.514,ทางตรง+ไม่มีความลาดชัน,ขับรถเร็วเกินอัตรากำหนด
7,พิมพา - หนองข้างคอก,66,67,ชลบุรี,20,กรมทางหลวง,34,1,16,26,6.8,5,0.088,ทางตรง+ไม่มีความลาดชัน,ขับรถเร็วเกินอัตรากำหนด
7,พิมพา - หนองข้างคอก,60,61,ชลบุรี,20,กรมทางหลวง,32,2,6,26,6.4,5,0.031,ทางตรง+ไม่มีความลาดชัน,ขับรถเร็วเกินอัตรากำหนด
7,ตะเคียนเตี้ย - พลา,110,111,ชลบุรี,20,กรมทางหลวง,30,1,16,26,6,5,0.033,ทางตรง+ไม่มีความลาดชัน,ขับรถเร็วเกินอัตรากำหนด
2,โคกกรวด - นครราชสีมา,138,139,นครราชสีมา,30,กรมทางหลวง,30,1,16,26,7.5,4,0.067,ทางตรง+ไม่มีความลาดชัน,ขับรถเร็วเกินอัตรากำหนด
4,ห้วยยาง -  บางสะพาน,365,366,ประจวบคีรีขันธ์,77,กรมทางหลวง,25,1,16,26,6.25,4,0.72,ทางโค้งกว้าง+ไม่มีความลาดชัน,ขับรถเร็วเกินอัตรากำหนด
4,ปากท่อ - สระพัง,132,133,เพชรบุรี,76,กรมทางหลวง,23,1,16,26,4.6,5,0.043,ทางตรง+ไม่มีความลาดชัน,ขับรถเร็วเกินอัตรากำหนด
304,สี่แยกกบินทร์บุรี - วังน้ำเขียว,178,179,ปราจีนบุรี,25,กรมทางหลวง,23,0,26,26,5.75,4,0,ทางตรง+ไม่มีความลาดชัน,ขับรถเร็วเกินอัตรากำหนด
340,สาลี - สุพรรณบุรี,74,75,สุพรรณบุรี,72,กรมทางหลวง,22,1,16,26,5.5,4,0,ทางตรง+ไม่มีความลาดชัน,ขับรถเร็วเกินอัตราที่กำหนด
7,พิมพา - หนองข้างคอก,76,77,ชลบุรี,20,กรมทางหลวง,22,1,16,26,4.4,5,0.091,ทางตรง+ไม่มีความลาดชัน,ขับรถเร็วเกินอัตรากำหนด
304,ฉะเชิงเทรา - เสม็ดเหนือ,77,78,ฉะเชิงเทรา,24,กรมทางหลวง,21,0,26,26,5.25,4,0.619,ทางตรง+ไม่มีความลาดชัน,ขับรถเร็วเกินอัตราที่กำหนด
4,พัทลุง - นาโหนด,1165,1166,พัทลุง,93,กรมทางหลวง,18,1,16,26,4.5,4,0.056,ทางตรง+ไม่มีความลาดชัน,ขับรถเร็วเกินอัตรากำหนด
4,ตรัง - เขาพับผ้า,1124,1125,ตรัง,92,กรมทางหลวง,17,1,16,26,4.25,4,0.706,ทางโค้งกว้าง+ไม่มีความลาดชัน,ขับรถเร็วเกินอัตรากำหนด
4009,บางใหญ่ - ซอยสิบ,7,8,สุราษฎร์ธานี,84,กรมทางหลวง,17,1,16,26,4.25,4,0.118,ทางตรง+ไม่มีความลาดชัน,ขับรถเร็วเกินอัตรากำหนด
101,แยกนาแหลม - หนองห้า,258,259,แพร่,54,กรมทางหลวง,16,2,6,26,3.2,5,0.313,ทางตรง+ไม่มีความลาดชัน,ขับรถเร็วเกินอัตรากำหนด
32,อ่างทอง - ไชโย,50,51,อ่างทอง,15,กรมทางหลวง,16,2,6,26,4,4,0.25,ทางตรง+ไม่มีความลาดชัน,ขับรถเร็วเกินอัตรากำหนด
101,แยกนาแหลม - หนองห้า,261,262,แพร่,54,กรมทางหลวง,15,1,16,26,3,5,0,ทางตรง+ไม่มีความลาดชัน,ขับรถเร็วเกินอัตรากำหนด
419,ถนนวงแหวนรอบเมืองตรัง,30,31,ตรัง,92,กรมทางหลวง,15,0,26,26,3,5,0.4,ทางตรง+ไม่มีความลาดชัน,ขับรถเร็วเกินอัตรากำหนด
41,ท่าทอง - สวนสมบูรณ์,65,66,ชุมพร,86,กรมทางหลวง,15,1,16,26,3,5,0.267,ทางตรง+ที่ลาดชัน,ขับรถเร็วเกินอัตรากำหนด
32,อ่างทอง - ไชโย,66,67,อ่างทอง,15,กรมทางหลวง,15,2,6,26,3.75,4,0.133,ทางตรง+ไม่มีความลาดชัน,ขับรถเร็วเกินอัตรากำหนด
3,เขาสมิง - แม่น้ำตราด,400,401,ตราด,23,กรมทางหลวง,15,0,26,26,3.75,4,0,ทางตรง+ไม่มีความลาดชัน,ขับรถเร็วเกินอัตรากำหนด
35,นาโคก - แพรกหนามแดง,54,55,สมุทรสงคราม,75,กรมทางหลวง,14,2,6,26,2.8,5,0.071,ทางตรง+ไม่มีความลาดชัน,ขับรถเร็วเกินอัตรากำหนด
2,สระบุรี - ตาลเดี่ยว,2,3,สระบุรี,19,กรมทางหลวง,14,2,6,26,3.5,4,0,ทางตรง+ไม่มีความลาดชัน,ขับรถเร็วเกินอัตรากำหนด
41,สวนสมบูรณ์ - เกาะมุกข์,102,103,สุราษฎร์ธานี,84,กรมทางหลวง,13,1,16,26,3.25,4,0.231,ทางตรง+ไม่มีความลาดชัน,ขับรถเร็วเกินอัตรากำหนด
11,ขุนตาน - อุโมงค์,508,509,ลำพูน,51,กรมทางหลวง,12,1,16,26,3,4,0,ทางโค้งกว้าง+ไม่มีความลาดชัน,ขับรถเร็วเกินอัตรากำหนด
4,คลองท่อม - นาวง,1013,1014,กระบี่,81,กรมทางหลวง,12,2,6,26,3,4,0.417,ทางโค้งกว้าง+ไม่มีความลาดชัน,ขับรถเร็วเกินอัตรากำหนด
E007S013|U,บางพลี-สุขสวัสดิ์,16,17,สมุทรปราการ,11,การทางพิเศษแห่งประเทศไทย,12,0,26,26,4,3,0,ทางตรง,
361,ทางเลี่ยงเมืองชลบุรี,7,8,ชลบุรี,20,กรมทางหลวง,11,2,6,26,2.75,4,0,ทางตรง+ไม่มีความลาดชัน,ขับรถเร็วเกินอัตรากำหนด
รย.2026,แยกทางหลวงหมายเลข 36 (กม.ที่ 24+220) - บ้านมาบเตย,5,6,ระยอง,21,กรมทางหลวงชนบท,11,0,26,26,3.67,3,0,ทางสี่แยก,ขับรถเร็วเกินอัตรากำหนด
1,ต่างระดับบางปะอิน - หนองแค,53,54,พระนครศรีอยุธยา,14,กรมทางหลวง,11,2,6,26,2.75,4,0.091,ทางตรง+ไม่มีความลาดชัน,ขับรถเร็วเกินอัตรากำหนด
4,ปากท่อ - สระพัง,131,132,เพชรบุรี,76,กรมทางหลวง,10,2,6,26,2.5,4,0.2,ทางตรง+ไม่มีความลาดชัน,ขับรถเร็วเกินอัตรากำหนด
4,ห้วยยาง -  บางสะพาน,351,352,ประจวบคีรีขันธ์,77,กรมทางหลวง,10,2,6,26,2.5,4,0.6,ทางตรง+ไม่มีความลาดชัน,ขับรถเร็วเกินอัตรากำหนด
333,สระกระโจม - บ้านไร่,56,57,สุพรรณบุรี,72,กรมทางหลวง,9,1,16,26,2.25,4,0.111,ทางตรง+ไม่มีความลาดชัน,หลับใน
344,หนองรี - หนองปรือ,18,19,ชลบุรี,20,กรมทางหลวง,9,2,6,26,2.25,4,0.111,ทางตรง+ไม่มีความลาดชัน,ขับรถเร็วเกินอัตรากำหนด
3,เขาสมิง - แม่น้ำตราด,383,384,ตราด,23,กรมทางหลวง,9,1,16,26,2.25,4,0,ทางตรง+ไม่มีความลาดชัน,ขับรถเร็วเกินอัตรากำหนด
4,นาโหนด - ห้วยทราย,1192,1193,พัทลุง,93,กรมทางหลวง,9,2,6,26,2.25,4,0,ทางตรง+ไม่มีความลาดชัน,ขับรถเร็วเกินอัตรากำหนด
ชม.3029,ถนนสมโภชเชียงใหม่ 700 ปี,1,2,เชียงใหม่,50,กรมทางหลวงชนบท,9,2,6,26,2.25,4,0.111,ทางโค้งกว้าง+ไม่มีความลาดชัน,ขับรถเร็วเกินอัตรากำหนด
117,คลองพลังด้านใต้ - เนินสว่าง,64,65,พิจิตร,66,กรมทางหลวง,9,2,6,26,2.25,4,0.111,ทางตรง+ไม่มีความลาดชัน,ขับรถเร็วเกินอัตรากำหนด
4,เขาพับผ้า - พัทลุง,1139,1140,พัทลุง,93,กรมทางหลวง,8,2,6,26,4,2,0.625,ทางโค้งกว้าง+ไม่มีความลาดชัน,ขับรถเร็วเกินอัตรากำหนด
22,กุรุคุ - นครพนม,236,237,นครพนม,48,กรมทางหลวง,8,2,6,26,2.67,3,0,ทางตรง+ที่ราบ,ขับรถเร็วเกินอัตรากำหนด
2,มวกเหล็ก - บ่อทอง,46,47,นครราชสีมา,30,กรมทางหลวง,8,2,6,26,2,4,0.375,ทางตรง+ไม่มีความลาดชัน,ขับรถเร็วเกินอัตรากำหนด
304,สี่แยกกบินทร์บุรี - วังน้ำเขียว,207,208,ปราจีนบุรี,25,กรมทางหลวง,8,2,6,26,2.67,3,0,ทางตรง+บนช่วงลาดชัน,ขับรถเร็วเกินอัตรากำหนด
2,บ้านไผ่ - ท่าพระ,308,309,ขอนแก่น,40,กรมทางหลวง,8,2,6,26,2.67,3,0,ทางตรง+ที่ราบ,ขับรถเร็วเกินอัตราที่กำหนด
324,กาญจนบุรี - หนองขาว,7,8,กาญจนบุรี,71,กรมทางหลวง,8,2,6,26,2.67,3,0,ทางตรง+ไม่มีความลาดชัน,ขับรถเร็วเกินอัตรากำหนด
362,ถนนวงแหวนรอบเมืองสระบุรี,4,5,สระบุรี,19,กรมทางหลวง,8,2,6,26,2,4,0.125,ทางตรง+ที่ราบ,ขับรถเร็วเกินอัตรากำหนด
3233,นครชัยศรี - ดอนตูม,0,1,นครปฐม,73,กรมทางหลวง,8,2,6,26,2.67,3,0,ทางตรง+ไม่มีความลาดชัน,แซงรถอย่างผิดกฎหมาย
214,ลำชี - ร้อยเอ็ด,44,45,ร้อยเอ็ด,45,กรมทางหลวง,7,2,6,26,2.33,3,0,ทางตรง+ไม่มีความลาดชัน,ขับรถเร็วเกินอัตรากำหนด
44,ท่าเรือ - หินโงก,105,106,สุราษฎร์ธานี,84,กรมทางหลวง,7,2,6,26,2.33,3,0.286,ทางตรง+ไม่มีความลาดชัน,ขับรถเร็วเกินอัตรากำหนด
210,นิคมเชียงพิณ - หนองบัวลำภู,42,43,หนองบัวลำภู,39,กรมทางหลวง,7,2,6,26,1.75,4,0.143,ทางตรง+ไม่มีความลาดชัน,ขับรถเร็วเกินอัตรากำหนด
1021,แม่ต๋ำ - บ้านใหม่,8,9,พะเยา,56,กรมทางหลวง,7,2,6,26,2.33,3,0,ทางตรง+ไม่มีความลาดชัน,ขับรถเร็วเกินอัตรากำหนด
12,กลางสะพานมิตรภาพที่แม่สอด(เขตแดน ไทย / พม่า) - แม่ละเมา,3,4,ตาก,63,กรมทางหลวง,7,2,6,26,1.75,4,0,ทางตรง+ไม่มีความลาดชัน,คน/รถ/สัตว์ตัดหน้ากระชั้นชิด
3,นายายอาม - บ้านสิ้ว,294,295,จันทบุรี,22,กรมทางหลวง,7,2,6,26,1.75,4,0.143,ทางตรง+ไม่มีความลาดชัน,หลับใน
24,ห้วยสำราญ - แยกโคกตาล,271,272,ศรีสะเกษ,33,กรมทางหลวง,7,2,6,26,2.33,3,0.143,ทางตรง+ไม่มีความลาดชัน,ขับรถเร็วเกินอัตรากำหนด
3245,อ่างเก็บน้ำหนองปลาไหล - หนองเสือช้าง,22,23,ชลบุรี,20,กรมทางหลวง,6,1,16,26,2,3,0,ทางตรง+ไม่มีความลาดชัน,ขับรถเร็วเกินอัตรากำหนด
213,สร้างค้อ - สกลนคร,167,168,สกลนคร,47,กรมทางหลวง,6,2,6,26,3,2,0,ทางตรง+ที่ราบ,ขับรถเร็วเกินอัตราที่กำหนด
230,ถนนวงแหวนรอบเมืองขอนแก่นด้านทิศตะวันออก,42,43,ขอนแก่น,40,กรมทางหลวง,6,2,6,26,1.2,5,0,ทางตรง+ไม่มีความลาดชัน,ขับรถเร็วเกินอัตรากำหนด
22,กุรุคุ - นครพนม,237,238,นครพนม,48,กรมทางหลวง,6,2,6,26,2,3,0,ทางตรง+ไม่มีความลาดชัน,ขับรถเร็วเกินอัตรากำหนด
304,วังน้ำเขียว - ดอนขวาง,267,268,นครราชสีมา,30,กรมทางหลวง,6,2,6,26,1.5,4,0,ทางตรง+ไม่มีความลาดชัน,ขับรถเร็วเกินอัตรากำหนด
4,เขาพับผ้า - พัทลุง,1150,1151,พัทลุง,93,กรมทางหลวง,6,2,6,26,1.5,4,0.333,ทางโค้งกว้าง+ไม่มีความลาดชัน,ขับรถเร็วเกินอัตรากำหนด
3422,ลาดบัวหลวง - สองพี่น้อง,20,21,สุพรรณบุรี,72,กรมทางหลวง,6,2,6,26,1.5,4,0.167,ทางโค้งกว้าง+ไม่มีความลาดชัน,ขับรถเร็วเกินอัตรากำหนด
41,ไม้เสียบ - สี่แยกโพธิ์ทอง,355,356,พัทลุง,93,กรมทางหลวง,6,2,6,26,1.2,5,0.167,ทางตรง+ไม่มีความลาดชัน,ขับรถเร็วเกินอัตรากำหนด
พร.3017,แยกทางหลวงหมายเลข 101 (กม.ที่ 147+000) - แยกทางหลวงหมายเลข 103 (กม.ที่ 11+800),3,4,แพร่,54,กรมทางหลวงชนบท,6,2,6,26,6,1,0.333,ทางตรง+ไม่มีความลาดชัน/ที่ราบ,ขับรถเร็วเกินอัตรากำหนด
105,ห้วยบง - แม่สลิดหลวง,86,87,ตาก,63,กรมทางหลวง,6,2,6,26,2,3,0,ทางโค้งกว้าง+ไม่มีความลาดชัน,มีการตัดหน้าระยะกระชั้นชิด
4228,ถ้ำพรรณรา - ทานพอ,0,1,นครศรีธรรมราช,80,กรมทางหลวง,6,2,6,26,1.5,4,0,ทางตรง+ไม่มีความลาดชัน,ขับรถเร็วเกินอัตรากำหนด
3256,บางปู - บางพลี,6,7,สมุทรปราการ,11,กรมทางหลวง,6,2,6,26,2,3,0,ทางตรง+ไม่มีความลาดชัน,ขับรถเร็วเกินอัตรากำหนด
304,วังน้ำเขียว - ดอนขวาง,266,267,นครราชสีมา,30,กรมทางหลวง,5,2,6,26,2.5,2,0,ทางตรง+ไม่มีความลาดชัน,ขับรถเร็วเกินอัตรากำหนด
2348,น้ำซึม -   คีรีวงกต,31,32,อุดรธานี,41,กรมทางหลวง,5,2,6,26,1.67,3,0.2,ทางตรง+ไม่มีความลาดชัน,ขับรถเร็วเกินอัตรากำหนด
3256,บางพลี - กิ่งแก้ว,18,19,สมุทรปราการ,11,กรมทางหลวง,5,2,6,26,1.67,3,0,ทางตรง+ไม่มีความลาดชัน,ขับรถเร็วเกินอัตรากำหนด
2026,หนองหิ้ง - เหล่าหลวง,22,23,บึงกาฬ,38,กรมทางหลวง,5,2,6,26,1.67,3,0,ทางตรง+ไม่มีความลาดชัน,ขับรถเร็วเกินอัตรากำหนด
23,ห้วยแอ่ง - ร้อยเอ็ด,96,97,ร้อยเอ็ด,45,กรมทางหลวง,5,2,6,26,1.25,4,0.2,ทางตรง+ไม่มีความลาดชัน,ขับรถเร็วเกินอัตราที่กำหนด
2326,เพชรบูรณ์ - ห้วยใหญ่,8,9,เพชรบูรณ์,67,กรมทางหลวง,5,2,6,26,1.67,3,0,ทางตรง+ที่ราบ,ขับรถเร็วเกินอัตราที่กำหนด
4,ห้วยทราย - พรุพ้อ,1209,1210,พัทลุง,93,กรมทางหลวง,5,2,6,26,1.25,4,0,ทางตรง+ไม่มีความลาดชัน,หลับใน
12,พรหมนิมิตร - ห้วยสีดา,580,581,มหาสารคาม,44,กรมทางหลวง,5,2,6,26,2.5,2,0,ทางตรง+ไม่มีความลาดชัน,ขับรถเร็วเกินอัตรากำหนด
4015,เขาธง - ฉวาง,37,38,นครศรีธรรมราช,80,กรมทางหลวง,5,2,6,26,1.67,3,0,ทางตรง+ไม่มีความลาดชัน,คน/รถ/สัตว์ตัดหน้ากระชั้นชิด
23,ร้อยเอ็ด - เสลภูมิ,139,140,ร้อยเอ็ด,45,กรมทางหลวง,5,1,16,26,1.67,3,0,ทางตรง+ไม่มีความลาดชัน,ขับรถเร็วเกินอัตรากำหนด
1,ปากข้าวสาร - แยกสวนพฤกษศาสตร์พุแค,104,105,สระบุรี,19,กรมทางหลวง,4,1,16,26,1.33,3,0,ทางตรง+ไม่มีความลาดชัน,ขับรถเร็วเกินอัตรากำหนด
3079,ศรีมหาโพธิ - พญาจ่าย,23,24,ปราจีนบุรี,25,กรมทางหลวง,4,2,6,26,2,2,0.5,ทางตรง+ไม่มีความลาดชัน,ขับรถเร็วเกินอัตรากำหนด
4112,สวนแตง - ไชยา,45,46,สุราษฎร์ธานี,84,กรมทางหลวง,4,1,16,26,2,2,0,ทางตรง+ไม่มีความลาดชัน,ขับรถเร็วเกินอัตรากำหนด
407,ควนหิน - สงขลา,22,23,สงขลา,90,กรมทางหลวง,4,2,6,26,1.33,3,0,ทางตรง+ไม่มีความลาดชัน,ขับรถเร็วเกินอัตรากำหนด
221,แยกการช่าง - เชิงบันไดเขาพระวิหาร,61,62,ศรีสะเกษ,33,กรมทางหลวง,4,2,6,26,1.33,3,0,ทางตรง+ไม่มีความลาดชัน,ฝ่าฝืนสัญญาณไฟ/เครื่องหมายจราจร
รย.3063,แยกทางหลวงหมายเลข 344 (กม.ที่ 97+600) - บ้านเขาตลาด,11,12,ระยอง,21,กรมทางหลวงชนบท,4,2,6,26,4,1,0,ทางตรง+ไม่มีความลาดชัน/ที่ราบ,ขับรถเร็วเกินอัตรากำหนด
214,ลำชี - ร้อยเอ็ด,42,43,ร้อยเอ็ด,45,กรมทางหลวง,4,2,6,26,1.33,3,0,ทางตรง+ไม่มีความลาดชัน,หลับใน
2,พล - บ้านไผ่,293,294,ขอนแก่น,40,กรมทางหลวง,4,1,16,26,1.33,3,0,ทางตรง+ไม่มีความลาดชัน,ขับรถเร็วเกินอัตราที่กำหนด
ชม.3059,แยกทางหลวงหมายเลข 107 (กม.ที่ 152+300) - เขื่อนพลังน้ำแม่มาว,8,9,เชียงใหม่,50,กรมทางหลวงชนบท,4,2,6,26,4,1,0,ทางตรง+ไม่มีความลาดชัน/ที่ราบ,ขับรถเร็วเกินอัตรากำหนด
292,ทางเลี่ยงเมืองยโสธร,2,3,ยโสธร,35,กรมทางหลวง,4,1,16,26,1,4,0,ทางแยกรูปตัว ++ที่ราบ,ขับรถเร็วเกินอัตรากำหนด
พช.4014,แยกทางหลวงชนบท พช.6046 (กม.ที่ 6+300) - บ้านดงมูลเหล็ก,0,1,เพชรบูรณ์,67,กรมทางหลวงชนบท,4,2,6,26,4,1,0,ทางตรง+ไม่มีความลาดชัน/ที่ราบ,ขับรถเร็วเกินอัตรากำหนด
2150,คง - โนนไทย,61,62,นครราชสีมา,30,กรมทางหลวง,4,2,6,26,2,2,0.25,ทางตรง+ไม่มีความลาดชัน,ขับรถเร็วเกินอัตรากำหนด
1090,แม่สอด - ห้วยน้ำริน,44,45,ตาก,63,กรมทางหลวง,4,2,6,26,1.33,3,0.5,ทางตรง+ไม่มีความลาดชัน,ขับรถเร็วเกินอัตรากำหนด
3086,ทุ่งมะสังข์ - ปลักประดู่,25,26,กาญจนบุรี,71,กรมทางหลวง,3,2,6,26,1.5,2,0.333,ทางตรง+ไม่มีความลาดชัน,ขับรถเร็วเกินอัตรากำหนด
304,เสม็ดเหนือ - พนมสารคาม,100,101,ฉะเชิงเทรา,24,กรมทางหลวง,3,2,6,26,1.5,2,0,ทางตรง+ไม่มีความลาดชัน,หลับใน
2041,สี่แยกสมเด็จ - แยกดงแหลม,8,9,กาฬสินธุ์,46,กรมทางหลวง,3,2,6,26,1,3,0,ทางตรง+ที่ราบ,ขับรถเร็วเกินอัตรากำหนด
41,เกาะมุกข์ - ควนรา,123,124,สุราษฎร์ธานี,84,กรมทางหลวง,3,2,6,26,1.5,2,0.333,ทางตรง+ไม่มีความลาดชัน,ขับรถเร็วเกินอัตรากำหนด
205,หนองบัวโคก - โคกสวาย,180,181,นครราชสีมา,30,กรมทางหลวง,3,2,6,26,1.5,2,0,ทางตรง+ที่ราบ,ขับรถย้อนศร
2096,หนองเม็ก - บ้านดุง,33,34,อุดรธานี,41,กรมทางหลวง,3,2,6,26,1.5,2,0,ทางตรง+ที่ราบ,ขับรถเร็วเกินอัตราที่กำหนด
4,หนองบ้วย - ห้วยทรายใต้,192,193,เพชรบุรี,76,กรมทางหลวง,3,2,6,26,1.5,2,0,ทางตรง+ไม่มีความลาดชัน,ขับรถเร็วเกินอัตรากำหนด
205,หนองบัวโคก - โคกสวาย,189,190,นครราชสีมา,30,กรมทางหลวง,3,2,6,26,1.5,2,0,ทางตรง+ไม่มีความลาดชัน,คน/รถ/สัตว์ตัดหน้ากระชั้นชิด
3365,สามชุก - หนองอีพัง,7,8,สุพรรณบุรี,72,กรมทางหลวง,3,2,6,26,1,3,0,ทางตรง+ไม่มีความลาดชัน,ขับรถเร็วเกินอัตรากำหนด
35,สะพานข้ามแม่น้ำท่าจีนฝั่งตะวันตก - นาโคก,33,34,สมุทรสาคร,74,กรมทางหลวง,64,0,25,25,16,4,0.047,ทางตรง+ไม่มีความลาดชัน,ขับรถเร็วเกินอัตรากำหนด
7,พิมพา - หนองข้างคอก,46,47,ฉะเชิงเทรา,24,กรมทางหลวง,57,0,25,25,11.4,5,0.035,ทางตรง+ไม่มีความลาดชัน,ขับรถเร็วเกินอัตรากำหนด
35,แสมดำ - สะพานข้ามแม่น้ำท่าจีนฝั่งตะวันตก,16,17,สมุทรสาคร,74,กรมทางหลวง,45,1,15,25,15,3,0.022,ทางตรง+ไม่มีความลาดชัน,ขับรถเร็วเกินอัตรากำหนด
35,แสมดำ - สะพานข้ามแม่น้ำท่าจีนฝั่งตะวันตก,23,24,สมุทรสาคร,74,กรมทางหลวง,33,1,15,25,8.25,4,0.03,ทางตรง+ที่ราบ,ขับรถเร็วเกินอัตรากำหนด
41,ถ้ำพรรณรา - ทุ่งสง,293,294,นครศรีธรรมราช,80,กรมทางหลวง,27,1,15,25,5.4,5,0.185,ทางตรง+ไม่มีความลาดชัน,ขับรถเร็วเกินอัตรากำหนด
41,สวนสมบูรณ์ - เกาะมุกข์,106,107,สุราษฎร์ธานี,84,กรมทางหลวง,25,0,25,25,5,5,0.32,ทางตรง+ไม่มีความลาดชัน,ขับรถเร็วเกินอัตรากำหนด
304,วังน้ำเขียว - ดอนขวาง,237,238,นครราชสีมา,30,กรมทางหลวง,19,1,15,25,3.8,5,0.632,ทางโค้งกว้าง+ที่ลาดชัน,ขับรถเร็วเกินอัตรากำหนด
36,มะขามคู่ - มาบข่า,36,37,ระยอง,21,กรมทางหลวง,18,1,15,25,3.6,5,0.444,ทางตรง+ไม่มีความลาดชัน,ขับรถเร็วเกินอัตรากำหนด
1,ต่างระดับบางปะอิน - หนองแค,55,56,พระนครศรีอยุธยา,14,กรมทางหลวง,17,0,25,25,3.4,5,0.118,ทางตรง+ไม่มีความลาดชัน,ขับรถเร็วเกินอัตรากำหนด
1,หางน้ำหนองแขม - บ้านหว้า,313,314,นครสวรรค์,60,กรมทางหลวง,16,1,15,25,4,4,0.125,ทางตรง+ไม่มีความลาดชัน,ขับรถเร็วเกินอัตรากำหนด
33,สุพรรณบุรี - นาคู,6,7,สุพรรณบุรี,72,กรมทางหลวง,16,1,15,25,3.2,5,0.063,ทางตรง+ไม่มีความลาดชัน,ขับรถเร็วเกินอัตรากำหนด
35,นาโคก - แพรกหนามแดง,62,63,สมุทรสงคราม,75,กรมทางหลวง,15,1,15,25,3,5,0.067,ทางตรง+ไม่มีความลาดชัน,ขับรถเร็วเกินอัตรากำหนด
3,ชลบุรี - ศรีราชา,111,112,ชลบุรี,20,กรมทางหลวง,14,1,15,25,3.5,4,0,ทางตรง+ไม่มีความลาดชัน,ขับรถเร็วเกินอัตรากำหนด
1001,เชียงใหม่ - บ้านโป่ง,1,2,เชียงใหม่,50,กรมทางหลวง,13,1,15,25,2.6,5,0.385,ทางตรง+ไม่มีความลาดชัน,ขับรถเร็วเกินอัตรากำหนด
3,เขาสมิง - แม่น้ำตราด,395,396,ตราด,23,กรมทางหลวง,12,1,15,25,3,4,0,ทางตรง+ไม่มีความลาดชัน,ขับรถเร็วเกินอัตรากำหนด
2,ดอนหวาย - บ้านวัด,201,202,นครราชสีมา,30,กรมทางหลวง,12,2,5,25,3,4,0.167,ทางโค้งกว้าง+ไม่มีความลาดชัน,ขับรถเร็วเกินอัตรากำหนด
2,ไร่โคกสูง - โคกกรวด,117,118,นครราชสีมา,30,กรมทางหลวง,12,2,5,25,2.4,5,0.333,ทางตรง+ไม่มีความลาดชัน,ขับรถเร็วเกินอัตรากำหนด
34,ทางเข้าท่าอากาศยานสุวรรณภูมิ - บางวัว,35,36,ฉะเชิงเทรา,24,กรมทางหลวง,12,2,5,25,3,4,0,ทางตรง+ไม่มีความลาดชัน,ขับรถเร็วเกินอัตรากำหนด
31,ดินแดง - งามวงศ์วาน,7,8,กรุงเทพมหานคร,10,กรมทางหลวง,11,2,5,25,2.75,4,0.091,ทางตรง+ไม่มีความลาดชัน,ขับรถเร็วเกินอัตรากำหนด
4,น้ำรอด - พ่อตาหินช้าง,423,424,ชุมพร,86,กรมทางหลวง,11,1,15,25,2.75,4,0.182,ทางตรง+ไม่มีความลาดชัน,ขับรถเร็วเกินอัตรากำหนด
105,ห้วยบง - แม่สลิดหลวง,30,31,ตาก,63,กรมทางหลวง,11,2,5,25,3.67,3,0.273,ทางตรง+ไม่มีความลาดชัน,ขับรถเร็วเกินอัตราที่กำหนด
41,ร่อนพิบูลย์  - ไม้เสียบ,340,341,นครศรีธรรมราช,80,กรมทางหลวง,11,1,15,25,2.75,4,0,ทางตรง+ไม่มีความลาดชัน,หลับใน
32,อ่างทอง - ไชโย,61,62,อ่างทอง,15,กรมทางหลวง,11,2,5,25,3.67,3,0.273,ทางตรง+ไม่มีความลาดชัน,ขับรถเร็วเกินอัตรากำหนด
3902,พระประแดง - บางแค,10,11,กรุงเทพมหานคร,10,กรมทางหลวง,11,1,15,25,2.75,4,0,ทางตรง+ไม่มีความลาดชัน,ขับรถเร็วเกินอัตรากำหนด
1,นครชุม - วังเจ้า,471,472,กำแพงเพชร,62,กรมทางหลวง,10,2,5,25,3.33,3,0,ทางตรง+ไม่มีความลาดชัน,ขับรถเร็วเกินอัตราที่กำหนด
205,โคกสวาย - แขวงทางหลวงนครราชสีมาที่ 1,222,223,นครราชสีมา,30,กรมทางหลวง,10,2,5,25,2,5,0.1,ทางตรง+ไม่มีความลาดชัน,ขับรถเร็วเกินอัตรากำหนด
4,ห้วยยาง -  บางสะพาน,367,368,ประจวบคีรีขันธ์,77,กรมทางหลวง,10,2,5,25,2,5,0.2,ทางตรง+ไม่มีความลาดชัน,ขับรถเร็วเกินอัตรากำหนด
3091,อ้อมน้อย - สมุทรสาคร,15,16,สมุทรสาคร,74,กรมทางหลวง,10,2,5,25,2,5,0,ทางตรง+ไม่มีความลาดชัน,ขับรถเร็วเกินอัตรากำหนด
410,ตะบิงติงงี - บ่อหิน,70,71,ยะลา,95,กรมทางหลวง,10,2,5,25,3.33,3,0.1,ทางโค้งปกติ+ที่ราบ,ขับรถเร็วเกินอัตราที่กำหนด
35,สะพานข้ามแม่น้ำท่าจีนฝั่งตะวันตก - นาโคก,42,43,สมุทรสาคร,74,กรมทางหลวง,10,2,5,25,2.5,4,0,ทางตรง+ไม่มีความลาดชัน,คน/รถ/สัตว์ตัดหน้ากระชั้นชิด
41,สวนสมบูรณ์ - เกาะมุกข์,117,118,สุราษฎร์ธานี,84,กรมทางหลวง,9,1,15,25,1.8,5,0.222,ทางตรง+ไม่มีความลาดชัน,ขับรถเร็วเกินอัตรากำหนด
3422,ลาดบัวหลวง - สองพี่น้อง,29,30,สุพรรณบุรี,72,กรมทางหลวง,9,1,15,25,1.8,5,0.111,ทางโค้งกว้าง+ไม่มีความลาดชัน,ขับรถเร็วเกินอัตรากำหนด
11,ขุนตาน - อุโมงค์,533,534,ลำพูน,51,กรมทางหลวง,9,2,5,25,2.25,4,0,ทางตรง+ไม่มีความลาดชัน,ขับรถเร็วเกินอัตรากำหนด
1,ปากดง - นครชุม,454,455,กำแพงเพชร,62,กรมทางหลวง,9,1,15,25,2.25,4,0,ทางตรง+ไม่มีความลาดชัน,ขับรถเร็วเกินอัตรากำหนด
37,ชะอำ - วังโบสถ์,15,16,เพชรบุรี,76,กรมทางหลวง,9,2,5,25,2.25,4,0.333,ทางตรง+ไม่มีความลาดชัน,ขับรถเร็วเกินอัตรากำหนด
344,หนองรี - หนองปรือ,26,27,ชลบุรี,20,กรมทางหลวง,9,0,25,25,2.25,4,0.111,ทางตรง+ไม่มีความลาดชัน,ขับรถเร็วเกินอัตรากำหนด
3344,อุดมสุข - สมุทรปราการ,11,12,กรุงเทพมหานคร,10,กรมทางหลวง,8,2,5,25,2,4,0,ทางตรง+ไม่มีความลาดชัน,ขับรถเร็วเกินอัตรากำหนด
344,หนองปรือ - คลองเขต,60,61,ชลบุรี,20,กรมทางหลวง,8,2,5,25,2,4,0,ทางตรง+ไม่มีความลาดชัน,ขับรถเร็วเกินอัตรากำหนด
32,อยุธยา - นครหลวง,23,24,พระนครศรีอยุธยา,14,กรมทางหลวง,8,2,5,25,2.67,3,0.25,ทางตรง+ที่ราบ,คน/รถ/สัตว์ตัดหน้ากระชั้นชิด
43,นาหม่อม - จะนะ,24,25,สงขลา,90,กรมทางหลวง,8,2,5,25,2.67,3,0.375,ทางแยกรูปตัว T+ที่ราบ,ขับรถเร็วเกินอัตราที่กำหนด
3,บ้านพลิ้ว - แม่น้ำเวฬุ,348,349,จันทบุรี,22,กรมทางหลวง,8,2,5,25,1.6,5,0.25,ทางตรง+ไม่มีความลาดชัน,ขับรถเร็วเกินอัตรากำหนด
4,วังครก - เสียบญวณ,477,478,ชุมพร,86,กรมทางหลวง,8,2,5,25,2,4,0.25,ทางตรง+ไม่มีความลาดชัน,ขับรถเร็วเกินอัตรากำหนด
12,ขุมขี้ยาง - มุกดาหาร,767,768,มุกดาหาร,49,กรมทางหลวง,8,2,5,25,2,4,0.125,ทางตรง+ไม่มีความลาดชัน,ขับรถเร็วเกินอัตรากำหนด
44,บางสวรรค์ - ทรัพย์ทวี,79,80,สุราษฎร์ธานี,84,กรมทางหลวง,8,2,5,25,2,4,0.125,ทางตรง+ไม่มีความลาดชัน,ขับรถเร็วเกินอัตรากำหนด
35,สะพานข้ามแม่น้ำท่าจีนฝั่งตะวันตก - นาโคก,46,47,สมุทรสาคร,74,กรมทางหลวง,8,2,5,25,2,4,0.125,ทางตรง+ไม่มีความลาดชัน,ขับรถเร็วเกินอัตรากำหนด
35,สะพานข้ามแม่น้ำท่าจีนฝั่งตะวันตก - นาโคก,41,42,สมุทรสาคร,74,กรมทางหลวง,8,2,5,25,2,4,0.25,ทางตรง+ไม่มีความลาดชัน,คน/รถ/สัตว์ตัดหน้ากระชั้นชิด
41,เกาะมุกข์ - ควนรา,135,136,สุราษฎร์ธานี,84,กรมทางหลวง,8,1,15,25,2.67,3,0.125,ทางตรง+ที่ราบ,ขับรถเร็วเกินอัตราที่กำหนด
41,ร่อนพิบูลย์ - ไม้เสียบ,331,332,นครศรีธรรมราช,80,กรมทางหลวง,8,2,5,25,2,4,0.125,ทางตรง+ไม่มีความลาดชัน,ขับรถเร็วเกินอัตรากำหนด
322,อู่ยา - ดอนเจดีย์,0,1,สุพรรณบุรี,72,กรมทางหลวง,8,2,5,25,2,4,0,ทางตรง+ไม่มีความลาดชัน,ขับรถเร็วเกินอัตรากำหนด
1101,ทุ่งโฮ้ง - ป่าแดง,3,4,แพร่,54,กรมทางหลวง,8,2,5,25,2.67,3,0,ทางตรง+ไม่มีความลาดชัน,ขับรถเร็วเกินอัตรากำหนด
22,สว่างแดนดิน-สูงเนิน,98,99,สกลนคร,47,กรมทางหลวง,7,2,5,25,2.33,3,0,ทางโค้งกว้าง+ไม่มีความลาดชัน,ขับรถเร็วเกินอัตรากำหนด
4,ห้วยยาง -  บางสะพาน,349,350,ประจวบคีรีขันธ์,77,กรมทางหลวง,7,2,5,25,1.75,4,0.143,ทางตรง+ไม่มีความลาดชัน,ขับรถเร็วเกินอัตรากำหนด
401,กิโลศูนย์ - หนองบัว,150,151,สุราษฎร์ธานี,84,กรมทางหลวง,7,1,15,25,2.33,3,0.143,ทางตรง+ไม่มีความลาดชัน,ขับรถเร็วเกินอัตรากำหนด
105,แม่สอด - ห้วยบง,7,8,ตาก,63,กรมทางหลวง,7,2,5,25,1.4,5,0.143,ทางตรง+ไม่มีความลาดชัน,ขับรถเร็วเกินอัตรากำหนด
23,เสลภูมิ - ยโสธร,173,174,ยโสธร,35,กรมทางหลวง,7,2,5,25,1.4,5,0,ทางตรง+ไม่มีความลาดชัน,ขับรถเร็วเกินอัตรากำหนด
418,ยุโป - ท่าสาป,33,34,ยะลา,95,กรมทางหลวง,7,2,5,25,2.33,3,0.286,ทางตรง+ไม่มีความลาดชัน,ขับรถเร็วเกินอัตรากำหนด
1,ดอนรังนก - หางน้ำหนองแขม,293,294,ชัยนาท,18,กรมทางหลวง,7,2,5,25,2.33,3,0,ทางตรง+ไม่มีความลาดชัน,ขับรถเร็วเกินอัตรากำหนด
41,เกาะมุกข์ - ควนรา,134,135,สุราษฎร์ธานี,84,กรมทางหลวง,7,2,5,25,1.75,4,0.286,ทางตรง+ไม่มีความลาดชัน,ขับรถเร็วเกินอัตรากำหนด
11,อุโมงค์ - รินคำ,545,546,เชียงใหม่,50,กรมทางหลวง,7,2,5,25,1.75,4,0,ทางตรง+ไม่มีความลาดชัน,ขับรถเร็วเกินอัตรากำหนด
37,ชะอำ - วังโบสถ์,11,12,เพชรบุรี,76,กรมทางหลวง,7,2,5,25,1.75,4,0.143,ทางตรง+ไม่มีความลาดชัน,ขับรถเร็วเกินอัตรากำหนด
230,ถนนวงแหวนรอบเมืองขอนแก่นด้านทิศตะวันตก,16,17,ขอนแก่น,40,กรมทางหลวง,7,0,25,25,2.33,3,0.143,ทางตรง+ที่ราบ,ขับรถเร็วเกินอัตรากำหนด
2216,โคกมน - กกกะทอน,16,17,เพชรบูรณ์,67,กรมทางหลวง,7,2,5,25,2.33,3,0.143,ทางโค้งกว้าง+ไม่มีความลาดชัน,ขับรถเร็วเกินอัตรากำหนด
3648,ทางเลี่ยงเมืองแกลง,5,6,ระยอง,21,กรมทางหลวง,7,2,5,25,7,1,0,ทางตรง+ไม่มีความลาดชัน,คน/รถ/สัตว์ตัดหน้ากระชั้นชิด
4,นาโหนด - ห้วยทราย,1194,1195,พัทลุง,93,กรมทางหลวง,6,2,5,25,1.5,4,0.167,ทางตรง+ไม่มีความลาดชัน,ขับรถเร็วเกินอัตรากำหนด
205,โคกสวาย - แขวงทางหลวงนครราชสีมาที่ 1,212,213,นครราชสีมา,30,กรมทางหลวง,6,2,5,25,1.5,4,0,ทางโค้งกว้าง+ที่ลาดชัน,ขับรถเร็วเกินอัตรากำหนด
344,หนองรี - หนองปรือ,28,29,ชลบุรี,20,กรมทางหลวง,6,2,5,25,1.5,4,0.333,ทางตรง+ไม่มีความลาดชัน,ขับรถเร็วเกินอัตรากำหนด
205,เทศบาลลำนารายณ์ - ช่องสำราญ,84,85,ลพบุรี,16,กรมทางหลวง,6,2,5,25,2,3,0,ทางแยกรูปตัว T+ที่ราบ,ฝ่าฝืนสัญญาณไฟ/เครื่องหมายจราจร
42,กอตอ - ปูต๊ะ,189,190,นราธิวาส,96,กรมทางหลวง,6,2,5,25,1.5,4,0,ทางตรง+ไม่มีความลาดชัน,ขับรถเร็วเกินอัตรากำหนด
4,วังยาว - หนองหมู,275,276,ประจวบคีรีขันธ์,77,กรมทางหลวง,6,2,5,25,2,3,0,ทางตรง+ไม่มีความลาดชัน,ขับรถเร็วเกินอัตรากำหนด
212,ย้อมพัฒนา - นาโพธิ์,431,432,มุกดาหาร,49,กรมทางหลวง,6,2,5,25,2,3,0,ทางตรง+ไม่มีความลาดชัน,ขับรถเร็วเกินอัตรากำหนด
311,แยกวัดสนามไชย - วัดกระดังงา,12,13,ลพบุรี,16,กรมทางหลวง,6,2,5,25,1.5,4,0,ทางตรง+ไม่มีความลาดชัน,หลับใน
1021,แม่ต๋ำ - บ้านใหม่,7,8,พะเยา,56,กรมทางหลวง,6,2,5,25,2,3,0,ทางโค้งกว้าง+ไม่มีความลาดชัน,ขับรถเร็วเกินอัตรากำหนด
23,หนองจิก - ห้วยแอ่ง,85,86,มหาสารคาม,44,กรมทางหลวง,6,2,5,25,1.5,4,0.167,ทางตรง+ไม่มีความลาดชัน,ขับรถเร็วเกินอัตรากำหนด
23,ไพศาล - บรบือ,17,18,มหาสารคาม,44,กรมทางหลวง,6,2,5,25,2,3,0,ทางตรง+ไม่มีความลาดชัน,ขับรถเร็วเกินอัตราที่กำหนด
3051,บ้านนา - บางอ้อ,0,1,นครนายก,26,กรมทางหลวง,6,2,5,25,1.5,4,0,ทางตรง+ไม่มีความลาดชัน,ขับรถเร็วเกินอัตรากำหนด
42,กอตอ - ปูต๊ะ,174,175,นราธิวาส,96,กรมทางหลวง,6,2,5,25,2,3,0,ทางตรง+ไม่มีความลาดชัน,ขับรถเร็วเกินอัตรากำหนด
4,หนองหมู - ห้วยยาง,304,305,ประจวบคีรีขันธ์,77,กรมทางหลวง,6,2,5,25,2,3,0,ทางตรง+ที่ราบ,ขับรถเร็วเกินอัตราที่กำหนด
2,ไร่โคกสูง - โคกกรวด,122,123,นครราชสีมา,30,กรมทางหลวง,6,2,5,25,2,3,0.333,ทางตรง+ไม่มีความลาดชัน,ขับรถเร็วเกินอัตรากำหนด
401,บางกุ้ง - เขาหัวช้าง,181,182,สุราษฎร์ธานี,84,กรมทางหลวง,6,1,15,25,1.5,4,0.167,ทางตรง+ไม่มีความลาดชัน,ขับรถเร็วเกินอัตรากำหนด
213,สร้างค้อ - สกลนคร,160,161,สกลนคร,47,กรมทางหลวง,6,2,5,25,2,3,0,ทางโค้งกว้าง+ไม่มีความลาดชัน,ขับรถเร็วเกินอัตรากำหนด
3265,แยกโคกหม้อ - ท่าซุง,5,6,อุทัยธานี,61,กรมทางหลวง,5,2,5,25,1.67,3,0,ทางตรง+ไม่มีความลาดชัน,คน/รถ/สัตว์ตัดหน้ากระชั้นชิด
3113,สำโรง - สะพานภูมิพล,3,4,สมุทรปราการ,11,กรมทางหลวง,5,2,5,25,1.67,3,0,ทางตรง+ไม่มีความลาดชัน,ขับรถเร็วเกินอัตรากำหนด
212,ย้อมพัฒนา - นาโพธิ์,436,437,มุกดาหาร,49,กรมทางหลวง,5,2,5,25,2.5,2,0,ทางตรง+ไม่มีความลาดชัน,ขับรถเร็วเกินอัตรากำหนด
323,หนองสามพราน - แก่งประลอม,131,132,กาญจนบุรี,71,กรมทางหลวง,5,2,5,25,1.67,3,0,ทางโค้งกว้าง+ไม่มีความลาดชัน,ขับรถเร็วเกินอัตรากำหนด
32,โพนางดำออก - ท่าฉนวน,120,121,ชัยนาท,18,กรมทางหลวง,5,1,15,25,1,5,0,ทางตรง+ไม่มีความลาดชัน,ขับรถเร็วเกินอัตรากำหนด
212,ห้วยก้านเหลือง - ดงบัง,135,136,บึงกาฬ,38,กรมทางหลวง,5,2,5,25,2.5,2,0,ทางตรง+ไม่มีความลาดชัน,ฝ่าฝืนสัญญาณไฟ/เครื่องหมายจราจร
4,ตลาดเก่า - คลองท่อม,998,999,กระบี่,81,กรมทางหลวง,5,2,5,25,1.25,4,0.2,ทางตรง+ไม่มีความลาดชัน,ขับรถเร็วเกินอัตรากำหนด
1,แยกประตูชัย - พาน,872,873,พะเยา,56,กรมทางหลวง,5,2,5,25,1.25,4,0,ทางตรง+ไม่มีความลาดชัน,ขับรถเร็วเกินอัตรากำหนด
พร.4030,แยกทางหลวงหมายเลข 1023 (กม.ที่ 0+150) - แยกทางหลวงหมายเลข 101 (กม.ที่ 0+700),1,2,แพร่,54,กรมทางหลวงชนบท,5,2,5,25,1.25,4,0,ทางตรง+ไม่มีความลาดชัน,ขับรถเร็วเกินอัตรากำหนด
4124,นาโยงเหนือ - ย่านตาขาว,5,6,ตรัง,92,กรมทางหลวง,5,2,5,25,1.25,4,0.2,ทางตรง+ไม่มีความลาดชัน,ขับรถเร็วเกินอัตรากำหนด
101,สี่แยกช้างเผือก - ปัว,403,404,น่าน,55,กรมทางหลวง,5,2,5,25,1,5,0.4,ทางตรง+ไม่มีความลาดชัน,ขับรถเร็วเกินอัตรากำหนด
41,ร่อนพิบูลย์  - ไม้เสียบ,321,322,นครศรีธรรมราช,80,กรมทางหลวง,5,2,5,25,2.5,2,0,ทางตรง+ไม่มีความลาดชัน,ขับรถเร็วเกินอัตราที่กำหนด
1,ตาก - วังม่วง,527,528,ตาก,63,กรมทางหลวง,5,2,5,25,1.25,4,0,ทางตรง+ไม่มีความลาดชัน,ขับรถเร็วเกินอัตรากำหนด
205,เทศบาลลำนารายณ์ - ช่องสำราญ,102,103,ลพบุรี,16,กรมทางหลวง,5,1,15,25,1.67,3,0,ทางตรง+ไม่มีความลาดชัน,ขับรถเร็วเกินอัตรากำหนด
32,สิงห์เหนือ - โพนางดำออก,100,101,สิงห์บุรี,17,กรมทางหลวง,5,2,5,25,2.5,2,0,ทางตรง+ไม่มีความลาดชัน,ขับรถเร็วเกินอัตรากำหนด
37,วังโบสถ์ - ปราณบุรี,42,43,ประจวบคีรีขันธ์,77,กรมทางหลวง,5,2,5,25,1.67,3,0,ทางตรง+ไม่มีความลาดชัน,ขับรถเร็วเกินอัตรากำหนด
43,นาหม่อม - จะนะ,29,30,สงขลา,90,กรมทางหลวง,4,2,5,25,1.33,3,0,ทางตรง+ไม่มีความลาดชัน,คน/รถ/สัตว์ตัดหน้ากระชั้นชิด
222,ท่ากกแดง - บึงกาฬ,98,99,บึงกาฬ,38,กรมทางหลวง,4,2,5,25,1.33,3,0,ทางตรง+ไม่มีความลาดชัน,ขับรถเร็วเกินอัตรากำหนด
3188,ท่าเยี่ยม - ขอนหอม,2,3,สระบุรี,19,กรมทางหลวง,4,2,5,25,2,2,0,ทางโค้งกว้าง+ไม่มีความลาดชัน,ขับรถเร็วเกินอัตรากำหนด
1,แม่กา - แยกประตูชัย,829,830,พะเยา,56,กรมทางหลวง,4,2,5,25,1,4,0.5,ทางตรง+ไม่มีความลาดชัน,ขับรถเร็วเกินอัตรากำหนด
3091,อ้อมน้อย - สมุทรสาคร,14,15,สมุทรสาคร,74,กรมทางหลวง,4,2,5,25,1,4,0.25,ทางตรง+ไม่มีความลาดชัน,ขับรถเร็วเกินอัตรากำหนด
1,เกษตรชัย - ตาคลี,252,253,นครสวรรค์,60,กรมทางหลวง,4,2,5,25,2,2,0,เข้าพื้นที่สาธารณะหรือเชิงพานิชย์,มีการตัดหน้าระยะกระชั้นชิด
11,อุโมงค์ - รินคำ,542,543,เชียงใหม่,50,กรมทางหลวง,4,2,5,25,2,2,0,ทางตรง+ที่ราบ,ขับรถเร็วเกินอัตราที่กำหนด
12,หนองเสือ - วังวน,140,141,สุโขทัย,64,กรมทางหลวง,4,0,25,25,1.33,3,0,ทางตรง+ไม่มีความลาดชัน,ยางรถยนต์ชำรุด
227,วาริชภูมิ - พังโคน,159,160,สกลนคร,47,กรมทางหลวง,4,2,5,25,2,2,0,ทางตรง+ไม่มีความลาดชัน,ขับรถเร็วเกินอัตราที่กำหนด
4015,บ้านตาล - เขาธง,20,21,นครศรีธรรมราช,80,กรมทางหลวง,4,1,15,25,2,2,0,ทางตรง+ไม่มีความลาดชัน,ขับรถเร็วเกินอัตรากำหนด
1148,ผาหลัก - สะเกิน,55,56,น่าน,55,กรมทางหลวง,4,2,5,25,1.33,3,0,ทางโค้งหักศอก+ที่ลาดชัน,ขับรถเร็วเกินอัตรากำหนด
12,สุโขทัย - บ้านกร่าง,178,179,สุโขทัย,64,กรมทางหลวง,4,2,5,25,2,2,0.25,ทางตรง+ไม่มีความลาดชัน,ขับรถเร็วเกินอัตรากำหนด
3395,วัฒนานคร - โคคลาน,109,110,สระแก้ว,27,กรมทางหลวง,3,2,5,25,1,3,0,ทางตรง+ไม่มีความลาดชัน,ขับรถเร็วเกินอัตรากำหนด
24,โคกตะแบก - ประโคนชัย,133,134,บุรีรัมย์,31,กรมทางหลวง,3,2,5,25,1.5,2,0,ทางตรง+ที่ราบ,ขับรถเร็วเกินอัตรากำหนด
3093,ปากท่อ - ท่าน้ำสมุทรสงคราม,8,9,สมุทรสงคราม,75,กรมทางหลวง,3,2,5,25,1.5,2,0,ทางตรง+ไม่มีความลาดชัน,ขับรถเร็วเกินอัตราที่กำหนด
1,โนนปอแดง - ปากดง,437,438,กำแพงเพชร,62,กรมทางหลวง,3,2,5,25,1.5,2,0,ทางตรง+ที่ราบ,หลับใน
101,สี่แยกช้างเผือก - ปัว,421,422,น่าน,55,กรมทางหลวง,3,2,5,25,1.5,2,0,เข้าพื้นที่สาธารณะหรือเชิงพานิชย์,ขับรถเร็วเกินอัตราที่กำหนด
2008,หล่มสัก - น้ำก้อ,3,4,เพชรบูรณ์,67,กรมทางหลวง,3,2,5,25,1,3,0,ทางตรง+ที่ราบ,ขับรถเร็วเกินอัตราที่กำหนด
3013,ทัพทัน - คลองแบ่ง,28,29,อุทัยธานี,61,กรมทางหลวง,3,2,5,25,1.5,2,0.333,ทางเชื่อมเข้าพื้นที่ส่วนบุคคล,มีการตัดหน้าระยะกระชั้นชิด
2050,ตระการพืชผล - ห้วยยาง,53,54,อุบลราชธานี,34,กรมทางหลวง,3,2,5,25,1.5,2,0,ทางตรง+ไม่มีความลาดชัน,ขับรถเร็วเกินอัตราที่กำหนด
2081,ตาฮะ -  ลำพังชู,20,21,สุรินทร์,32,กรมทางหลวง,3,2,5,25,1,3,0,ทางตรง+ไม่มีความลาดชัน,ขับรถเร็วเกินอัตราที่กำหนด
406,ปากจ่า - ค่ายรวมมิตร,51,52,สงขลา,90,กรมทางหลวง,3,2,5,25,1,3,0.333,ทางตรง+ไม่มีความลาดชัน,ขับรถเร็วเกินอัตราที่กำหนด
2,ตาลเดี่ยว - ซับบอน,23,24,สระบุรี,19,กรมทางหลวง,3,1,15,25,1,3,0,ทางตรง+ไม่มีความลาดชัน,ขับรถเร็วเกินอัตรากำหนด
12,เข็กน้อย - แยกอาเซียน,323,324,เพชรบูรณ์,67,กรมทางหลวง,3,2,5,25,1.5,2,0,ทางตรง+ที่ราบ,ขับรถเร็วเกินอัตราที่กำหนด
117,,192,193,อุตรดิตถ์,53,กรมทางหลวง,3,2,5,25,3,1,0,ทางตรง+ไม่มีความลาดชัน,ขับรถเร็วเกินอัตรากำหนด
317,พังงอน - เขาแหลม,67,68,จันทบุรี,22,กรมทางหลวง,3,2,5,25,1,3,0,ทางตรง+ไม่มีความลาดชัน,ขับรถเร็วเกินอัตรากำหนด
333,อู่ทอง - สระกระโจม,10,11,สุพรรณบุรี,72,กรมทางหลวง,3,2,5,25,1.5,2,0,ทางตรง+ไม่มีความลาดชัน,หลับใน
3212,คุ้งสำเภา - ไร่พัฒนา,1,2,ชัยนาท,18,กรมทางหลวง,3,2,5,25,1.5,2,0,ทางตรง+ไม่มีความลาดชัน,โรคประจำตัว
2,บ้านไผ่ - ท่าพระ,312,313,ขอนแก่น,40,กรมทางหลวง,3,2,5,25,3,1,0.333,ทางตรง+ไม่มีความลาดชัน,ขับรถเร็วเกินอัตรากำหนด
7,หนองข้างคอก - ตะเคียนเตี้ย,105,106,ชลบุรี,20,กรมทางหลวง,48,1,14,24,9.6,5,0.188,ทางตรง+ไม่มีความลาดชัน,ขับรถเร็วเกินอัตรากำหนด
12,กลางสะพานมิตรภาพที่แม่สอด(เขตแดน ไทย / พม่า) - แม่ละเมา,17,18,ตาก,63,กรมทางหลวง,48,1,14,24,12,4,0.813,ทางโค้งปกติ+ที่ราบ,ขับรถเร็วเกินอัตรากำหนด
101,ท่าช้าง - สวรรคโลก,100,101,สุโขทัย,64,กรมทางหลวง,27,0,24,24,5.4,5,0,ทางตรง+ไม่มีความลาดชัน,ขับรถเร็วเกินอัตรากำหนด
4,วังยาว - หนองหมู,259,260,ประจวบคีรีขันธ์,77,กรมทางหลวง,26,1,14,24,5.2,5,0.154,ทางตรง+ไม่มีความลาดชัน,ขับรถเร็วเกินอัตรากำหนด
121,ต้นเปา - ดอนแก้ว,25,26,เชียงใหม่,50,กรมทางหลวง,25,1,14,24,6.25,4,0.2,ทางตรง+ไม่มีความลาดชัน,ขับรถเร็วเกินอัตรากำหนด
1367,สันทรายน้อย - มหาวิทยาลัยแม่โจ้,12,13,เชียงใหม่,50,กรมทางหลวง,24,0,24,24,4.8,5,0.125,ทางตรง+ที่ราบ,ขับรถเร็วเกินอัตราที่กำหนด
E002S007|U,พญาไท-บางโคล่,8,9,กรุงเทพมหานคร,10,การทางพิเศษแห่งประเทศไทย,23,0,24,24,5.75,4,0.043,ทางตรง,ขับรถกระชั้นชิด
3902,บางแค - คลองมหาสวัสดิ์,28,29,กรุงเทพมหานคร,10,กรมทางหลวง,23,1,14,24,4.6,5,0,ทางตรง+ไม่มีความลาดชัน,ขับรถเร็วเกินอัตรากำหนด
1,ต่างระดับบางปะอิน - หนองแค,69,70,พระนครศรีอยุธยา,14,กรมทางหลวง,22,0,24,24,5.5,4,0,ทางตรง+ไม่มีความลาดชัน,ขับรถเร็วเกินอัตรากำหนด
321,ดอนแจง - สุพรรณบุรี,102,103,สุพรรณบุรี,72,กรมทางหลวง,22,0,24,24,4.4,5,0,ทางตรง+ไม่มีความลาดชัน,คน/รถ/สัตว์ตัดหน้ากระชั้นชิด
2,ไร่โคกสูง - โคกกรวด,119,120,นครราชสีมา,30,กรมทางหลวง,21,0,24,24,4.2,5,0.286,ทางตรง+ไม่มีความลาดชัน,ขับรถเร็วเกินอัตรากำหนด
41,ถ้ำพรรณรา - ทุ่งสง,290,291,นครศรีธรรมราช,80,กรมทางหลวง,18,0,24,24,4.5,4,0.167,ทางตรง+ไม่มีความลาดชัน,ขับรถเร็วเกินอัตรากำหนด
101,สวนป่า - สะพานพญาวัด,362,363,น่าน,55,กรมทางหลวง,18,2,4,24,3.6,5,0.111,ทางตรง+ไม่มีความลาดชัน,ขับรถเร็วเกินอัตรากำหนด
E007S013|I,บางพลี-สุขสวัสดิ์,14,15,สมุทรปราการ,11,การทางพิเศษแห่งประเทศไทย,17,1,14,24,3.4,5,0,ทางตรง,ละสายตาจากการขับขี่
103,แม่ยางฮ่อ - แม่ตีบ,36,37,แพร่,54,กรมทางหลวง,16,1,14,24,4,4,0.125,ทางโค้งกว้าง+ที่ลาดชัน,ขับรถเร็วเกินอัตรากำหนด
213,สมเด็จ - สร้างค้อ,109,110,สกลนคร,47,กรมทางหลวง,16,0,24,24,3.2,5,0.375,ทางโค้งกว้าง+ไม่มีความลาดชัน,ขับรถเร็วเกินอัตรากำหนด
4065,บ้านเนียง - ยะหา,2,3,ยะลา,95,กรมทางหลวง,16,1,14,24,3.2,5,0.563,ทางโค้งกว้าง+ไม่มีความลาดชัน,ขับรถเร็วเกินอัตรากำหนด
4,คลองท่อม - นาวง,1009,1010,กระบี่,81,กรมทางหลวง,14,1,14,24,2.8,5,0.429,ทางตรง+ไม่มีความลาดชัน,ขับรถเร็วเกินอัตรากำหนด
129,ทางเลี่ยงเมืองแพร่,3,4,แพร่,54,กรมทางหลวง,13,2,4,24,3.25,4,0.077,ทางตรง+ไม่มีความลาดชัน,ขับรถเร็วเกินอัตรากำหนด
3,นายายอาม - บ้านสิ้ว,311,312,จันทบุรี,22,กรมทางหลวง,12,2,4,24,3,4,0.083,ทางแยกรูปตัว T+ที่ราบ,ขับรถเร็วเกินอัตราที่กำหนด
1,ต่างระดับบางปะอิน - หนองแค,59,60,พระนครศรีอยุธยา,14,กรมทางหลวง,12,0,24,24,3,4,0,ทางตรง+ไม่มีความลาดชัน,ขับรถเร็วเกินอัตรากำหนด
340,สุพรรณบุรี - ศรีประจันต์,83,84,สุพรรณบุรี,72,กรมทางหลวง,11,1,14,24,2.75,4,0,ทางตรง+ไม่มีความลาดชัน,ขับรถเร็วเกินอัตรากำหนด
202,สะพานคลองลำเซ - ปทุมราชวงศา,322,323,อำนาจเจริญ,37,กรมทางหลวง,11,1,14,24,5.5,2,0.091,ทางตรง+ไม่มีความลาดชัน,ขับรถเร็วเกินอัตรากำหนด
41,ถ้ำพรรณรา - ทุ่งสง,283,284,นครศรีธรรมราช,80,กรมทางหลวง,11,1,14,24,2.2,5,0,ทางตรง+ไม่มีความลาดชัน,ขับรถเร็วเกินอัตรากำหนด
205,โคกสวาย - แขวงทางหลวงนครราชสีมาที่ 1,228,229,นครราชสีมา,30,กรมทางหลวง,10,2,4,24,2.5,4,0,ทางตรง+ไม่มีความลาดชัน,ขับรถเร็วเกินอัตรากำหนด
4,น้ำรอด - พ่อตาหินช้าง,429,430,ชุมพร,86,กรมทางหลวง,10,2,4,24,3.33,3,0,ทางตรง+ที่ราบ,ขับรถเร็วเกินอัตราที่กำหนด
2,มวกเหล็ก - บ่อทอง,67,68,นครราชสีมา,30,กรมทางหลวง,10,2,4,24,2,5,0.3,ทางตรง+ไม่มีความลาดชัน,ขับรถเร็วเกินอัตรากำหนด
1,แยกประตูชัย - พาน,843,844,พะเยา,56,กรมทางหลวง,10,2,4,24,2,5,0.1,ทางตรง+ไม่มีความลาดชัน,ขับรถเร็วเกินอัตรากำหนด
4,สระพัง - เขาวัง,144,145,เพชรบุรี,76,กรมทางหลวง,9,2,4,24,2.25,4,0.111,ทางตรง+ไม่มีความลาดชัน,ขับรถเร็วเกินอัตรากำหนด
21,ม่วงค่อม - คลองกระจัง,84,85,ลพบุรี,16,กรมทางหลวง,9,2,4,24,1.8,5,0,ทางตรง+ไม่มีความลาดชัน,ขับรถเร็วเกินอัตรากำหนด
41,หัวเตย - ท่าโรงช้าง,163,164,สุราษฎร์ธานี,84,กรมทางหลวง,9,2,4,24,2.25,4,0.111,ทางตรง+ไม่มีความลาดชัน,ขับรถเร็วเกินอัตรากำหนด
344,หนองปรือ - คลองเขต,53,54,ชลบุรี,20,กรมทางหลวง,9,2,4,24,2.25,4,0.222,ทางตรง+ไม่มีความลาดชัน,ขับรถเร็วเกินอัตรากำหนด
214,บ้านหลุบ - ลำชี,5,6,กาฬสินธุ์,46,กรมทางหลวง,9,1,14,24,1.8,5,0.111,ทางตรง+ไม่มีความลาดชัน,ขับรถเร็วเกินอัตรากำหนด
418,ยุโป - ท่าสาป,34,35,ยะลา,95,กรมทางหลวง,9,1,14,24,1.8,5,0.222,ทางตรง+ไม่มีความลาดชัน,ขับรถเร็วเกินอัตรากำหนด
1,แม่กา - แยกประตูชัย,835,836,พะเยา,56,กรมทางหลวง,9,2,4,24,3,3,0.111,ทางตรง+ไม่มีความลาดชัน,ขับรถเร็วเกินอัตรากำหนด
11,ขุนตาน - อุโมงค์,522,523,ลำพูน,51,กรมทางหลวง,8,2,4,24,2.67,3,0,ทางตรง+ไม่มีความลาดชัน,ขับรถเร็วเกินอัตรากำหนด
4,พ่อตาหินช้าง - วังครก,454,455,ชุมพร,86,กรมทางหลวง,8,2,4,24,2,4,0.25,ทางตรง+ไม่มีความลาดชัน,ขับรถเร็วเกินอัตรากำหนด
32,โพนางดำออก - ท่าฉนวน,115,116,ชัยนาท,18,กรมทางหลวง,8,2,4,24,2,4,0.125,ทางตรง+ไม่มีความลาดชัน,ขับรถเร็วเกินอัตรากำหนด
34,ทางเข้าท่าอากาศยานสุวรรณภูมิ - บางวัว,20,21,สมุทรปราการ,11,กรมทางหลวง,8,2,4,24,1.6,5,0,ทางตรง+ไม่มีความลาดชัน,ขับรถเร็วเกินอัตรากำหนด
304,คลองหลวงแพ่ง - ฉะเชิงเทรา,53,54,ฉะเชิงเทรา,24,กรมทางหลวง,8,2,4,24,1.6,5,0.25,ทางตรง+ไม่มีความลาดชัน,ขับรถเร็วเกินอัตรากำหนด
232,ถนนวงแหวนรอบเมืองร้อยเอ็ด,24,25,ร้อยเอ็ด,45,กรมทางหลวง,8,2,4,24,2,4,0,ทางโค้งกว้าง+ไม่มีความลาดชัน,ขับรถเร็วเกินอัตรากำหนด
105,แม่สอด - ห้วยบง,8,9,ตาก,63,กรมทางหลวง,8,2,4,24,2,4,0.25,ทางตรง+ไม่มีความลาดชัน,ขับรถเร็วเกินอัตรากำหนด
105,แม่สอด - ห้วยบง,0,1,ตาก,63,กรมทางหลวง,8,2,4,24,1.6,5,0.5,ทางตรง+ไม่มีความลาดชัน,ขับรถเร็วเกินอัตรากำหนด
344,หนองรี - หนองปรือ,7,8,ชลบุรี,20,กรมทางหลวง,8,2,4,24,2,4,0,ทางตรง+ไม่มีความลาดชัน,ขับรถเร็วเกินอัตรากำหนด
3651,แยกสาครเกษม - คลองมะเดื่อ,2,3,สมุทรสาคร,74,กรมทางหลวง,8,2,4,24,2,4,0.25,ทางตรง+ไม่มีความลาดชัน,ขับรถเร็วเกินอัตรากำหนด
4,เขาวัง - หนองบ้วย,167,168,เพชรบุรี,76,กรมทางหลวง,8,2,4,24,2,4,0,ทางตรง+ไม่มีความลาดชัน,ขับรถเร็วเกินอัตรากำหนด
291,ทางเลี่ยงเมืองมหาสารคาม,4,5,มหาสารคาม,44,กรมทางหลวง,7,1,14,24,2.33,3,0,ทางตรง+ไม่มีความลาดชัน,ขับรถเร็วเกินอัตรากำหนด
3,โพธิ์ทอง - บ้านพลิ้ว,344,345,จันทบุรี,22,กรมทางหลวง,7,2,4,24,1.75,4,0.286,ทางตรง+ไม่มีความลาดชัน,ขับรถเร็วเกินอัตรากำหนด
3032,ท่าศาล - นางบวช,37,38,สุพรรณบุรี,72,กรมทางหลวง,7,2,4,24,1.4,5,0,ทางตรง+ไม่มีความลาดชัน,ขับรถเร็วเกินอัตรากำหนด
24,กระเทียม - ห้วยสำราญ,240,241,สุรินทร์,32,กรมทางหลวง,7,2,4,24,1.75,4,0,ทางแยกรูปตัว ++ที่ราบ,หลับใน
12,ขุมขี้ยาง - มุกดาหาร,765,766,มุกดาหาร,49,กรมทางหลวง,7,2,4,24,1.75,4,0,ทางตรง+ไม่มีความลาดชัน,ขับรถเร็วเกินอัตรากำหนด
12,ร่องแซง - หนองแก,469,470,ขอนแก่น,40,กรมทางหลวง,7,2,4,24,1.75,4,0,ทางตรง+ที่ราบ,ขับรถเร็วเกินอัตรากำหนด
1,สนามกีฬาธูปะเตมีย์ - ต่างระดับคลองหลวง,32,33,ปทุมธานี,13,กรมทางหลวง,7,1,14,24,3.5,2,0,ทางตรง+ไม่มีความลาดชัน,ขับรถเร็วเกินอัตรากำหนด
22,สว่างแดนดิน-สูงเนิน,108,109,สกลนคร,47,กรมทางหลวง,7,2,4,24,1.75,4,0.143,ทางตรง+ไม่มีความลาดชัน,คน/รถ/สัตว์ตัดหน้ากระชั้นชิด
นบ.3021,ถนนราชพฤกษ์,23,24,นนทบุรี,12,กรมทางหลวงชนบท,6,2,4,24,3,2,0.167,ทางสามแยก (Y),ขับรถเร็วเกินอัตรากำหนด
32,นครหลวง - อ่างทอง,47,48,พระนครศรีอยุธยา,14,กรมทางหลวง,6,2,4,24,1.5,4,0,ทางตรง+ไม่มีความลาดชัน,ขับรถเร็วเกินอัตรากำหนด
2,พล - บ้านไผ่,279,280,ขอนแก่น,40,กรมทางหลวง,6,2,4,24,1.5,4,0,ทางตรง+ไม่มีความลาดชัน,ขับรถเร็วเกินอัตรากำหนด
214,จอมพระ - เชื้อเพลิง,182,183,สุรินทร์,32,กรมทางหลวง,6,2,4,24,1.5,4,0.5,ทางตรง+ไม่มีความลาดชัน,ขับรถเร็วเกินอัตรากำหนด
2044,ร้อยเอ็ด - หนองดง,7,8,ร้อยเอ็ด,45,กรมทางหลวง,6,2,4,24,1.5,4,0,ทางตรง+ไม่มีความลาดชัน,ขับรถเร็วเกินอัตรากำหนด
101,แยกปากจั๊วะ - แยกเจริญราษฎร์,240,241,แพร่,54,กรมทางหลวง,6,2,4,24,2,3,0,ทางตรง+ไม่มีความลาดชัน,ขับรถเร็วเกินอัตรากำหนด
4,บางสะพาน - น้ำรอด,384,385,ประจวบคีรีขันธ์,77,กรมทางหลวง,6,2,4,24,3,2,0.167,ทางตรง+ไม่มีความลาดชัน,ขับรถเร็วเกินอัตรากำหนด
311,วัดกระดังงา - บ้านม้า,40,41,สิงห์บุรี,17,กรมทางหลวง,6,2,4,24,1.5,4,0,ทางตรง+ไม่มีความลาดชัน,ขับรถเร็วเกินอัตรากำหนด
12,ขุมขี้ยาง - มุกดาหาร,742,743,มุกดาหาร,49,กรมทางหลวง,6,2,4,24,2,3,0,ทางตรง+ไม่มีความลาดชัน,คน/รถ/สัตว์ตัดหน้ากระชั้นชิด
2,ขอนแก่น - หินลาด,344,345,ขอนแก่น,40,กรมทางหลวง,6,2,4,24,1.5,4,0.167,ทางตรง+ไม่มีความลาดชัน,ขับรถเร็วเกินอัตรากำหนด
3,ท้ายบ้าน - บางตำหรุ,35,36,สมุทรปราการ,11,กรมทางหลวง,6,2,4,24,2,3,0,ทางตรง+ไม่มีความลาดชัน,ขับรถเร็วเกินอัตรากำหนด
205,โคกสวาย - แขวงทางหลวงนครราชสีมาที่ 1,205,206,นครราชสีมา,30,กรมทางหลวง,6,2,4,24,1.5,4,0,ทางตรง+ไม่มีความลาดชัน,ขับรถเร็วเกินอัตรากำหนด
4029,กะทู้ - ป่าตอง,1,2,ภูเก็ต,83,กรมทางหลวง,6,2,4,24,3,2,0.167,ทางโค้งหักศอก+บนช่วงลาดชัน,เบรคชำรุด
402,โคกกลอย - หมากปรก,6,7,พังงา,82,กรมทางหลวง,6,2,4,24,1.5,4,0.167,ทางตรง+ไม่มีความลาดชัน,หลับใน
3592,ทางเข้านิมิตรใหม่,0,1,ปทุมธานี,13,กรมทางหลวง,5,2,4,24,2.5,2,0,ทางตรง+ไม่มีความลาดชัน,ขับรถเร็วเกินอัตรากำหนด
101,น้ำดิบ - คุยประดู่,31,32,กำแพงเพชร,62,กรมทางหลวง,5,2,4,24,1.25,4,0,ทางตรง+ไม่มีความลาดชัน,ขับรถเร็วเกินอัตรากำหนด
333,สระกระโจม - บ้านไร่,51,52,สุพรรณบุรี,72,กรมทางหลวง,5,2,4,24,1.25,4,0.2,ทางตรง+ไม่มีความลาดชัน,หลับใน
213,สร้างค้อ - สกลนคร,165,166,สกลนคร,47,กรมทางหลวง,5,2,4,24,1.67,3,0,ทางตรง+ที่ราบ,คน/รถ/สัตว์ตัดหน้ากระชั้นชิด
4,น้ำรอด - พ่อตาหินช้าง,419,420,ประจวบคีรีขันธ์,77,กรมทางหลวง,5,2,4,24,1.67,3,0,ทางตรง+ไม่มีความลาดชัน,ขับรถเร็วเกินอัตรากำหนด
208,หนองสระพัง - มหาสารคาม,50,51,มหาสารคาม,44,กรมทางหลวง,5,2,4,24,1.25,4,0,ทางตรง+ไม่มีความลาดชัน,ขับรถเร็วเกินอัตรากำหนด
22,สูงเนิน - ท่าแร่,155,156,สกลนคร,47,กรมทางหลวง,5,2,4,24,1.25,4,0,ทางตรง+ไม่มีความลาดชัน,ขับรถเร็วเกินอัตรากำหนด
323,ลูกแก - หนองเสือ,33,34,กาญจนบุรี,71,กรมทางหลวง,5,2,4,24,1.67,3,0,ทางโค้งกว้าง+ไม่มีความลาดชัน,ขับรถเร็วเกินอัตรากำหนด
12,หนองแก - บ้านฝาง,532,533,ขอนแก่น,40,กรมทางหลวง,5,2,4,24,1.67,3,0.4,ทางตรง+ไม่มีความลาดชัน,ขับรถเร็วเกินอัตรากำหนด
4,คลองอีจาง - หลุมดิน,86,87,ราชบุรี,70,กรมทางหลวง,5,2,4,24,1,5,0.2,ทางตรง+ไม่มีความลาดชัน,ขับรถเร็วเกินอัตรากำหนด
4153,หนองขรี - เทศบาลเมืองท่าข้าม,2,3,สุราษฎร์ธานี,84,กรมทางหลวง,5,2,4,24,1.25,4,0,ทางตรง+ไม่มีความลาดชัน,ขับรถเร็วเกินอัตรากำหนด
2044,ร้อยเอ็ด - หนองดง,12,13,ร้อยเอ็ด,45,กรมทางหลวง,5,2,4,24,1.67,3,0,ทางตรง+ไม่มีความลาดชัน,ขับรถเร็วเกินอัตรากำหนด
23,ห้วยแอ่ง - ร้อยเอ็ด,101,102,ร้อยเอ็ด,45,กรมทางหลวง,5,2,4,24,1,5,0,ทางตรง+ไม่มีความลาดชัน,ขับรถเร็วเกินอัตรากำหนด
317,ปากแซง - หน้าค่าย ตชด.,7,8,จันทบุรี,22,กรมทางหลวง,5,2,4,24,1.25,4,0,ทางตรง+ไม่มีความลาดชัน,ขับรถเร็วเกินอัตรากำหนด
333,สระกระโจม - บ้านไร่,61,62,สุพรรณบุรี,72,กรมทางหลวง,5,2,4,24,1.25,4,0,ทางตรง+ไม่มีความลาดชัน,ขับรถเร็วเกินอัตรากำหนด
406,ปากจ่า - ค่ายรวมมิตร,49,50,สงขลา,90,กรมทางหลวง,5,2,4,24,1.25,4,0.2,ทางตรง+ไม่มีความลาดชัน,หลับใน
4,เขาพับผ้า - พัทลุง,1152,1153,พัทลุง,93,กรมทางหลวง,5,2,4,24,1.67,3,0.2,ทางตรง+ที่ราบ,ขับรถเร็วเกินอัตรากำหนด
33,โคกแดง - หินกอง,76,77,สระบุรี,19,กรมทางหลวง,5,0,24,24,1.67,3,0,ทางแยกรูปตัว ++ที่ราบ,ขับรถเร็วเกินอัตราที่กำหนด
2410,บ้านเหล่า - ดอนกลอย,2,3,อุดรธานี,41,กรมทางหลวง,5,2,4,24,1.67,3,0.4,ทางตรง+ไม่มีความลาดชัน,ขับรถเร็วเกินอัตรากำหนด
121,ต้นเปา - ดอนแก้ว,19,20,เชียงใหม่,50,กรมทางหลวง,5,2,4,24,1.67,3,0.4,ทางตรง+ไม่มีความลาดชัน,ขับรถเร็วเกินอัตรากำหนด
1242,โค้งวิไล - เขาน้ำอุ่น,16,17,กำแพงเพชร,62,กรมทางหลวง,5,2,4,24,1.67,3,0,ทางตรง+ไม่มีความลาดชัน,ขับรถเร็วเกินอัตรากำหนด
3496,ดอนเจดีย์ - ปากดง,8,9,สุพรรณบุรี,72,กรมทางหลวง,5,2,4,24,1.67,3,0,ทางแยกรูปตัว ++ที่ราบ,หลับใน
11,น้ำสาดเหนือ - หนองกลับ,91,92,นครสวรรค์,60,กรมทางหลวง,5,2,4,24,2.5,2,0,ทางตรง+ไม่มีความลาดชัน,ขับรถเร็วเกินอัตรากำหนด
34,บางวัว - บางปะกง,42,43,ฉะเชิงเทรา,24,กรมทางหลวง,5,1,14,24,5,1,0,ทางตรง+ไม่มีความลาดชัน,ขับรถเร็วเกินอัตรากำหนด
4,คลองท่อม - นาวง,1040,1041,กระบี่,81,กรมทางหลวง,4,2,4,24,1.33,3,0.25,ทางตรง+ไม่มีความลาดชัน,ขับรถเร็วเกินอัตรากำหนด
3303,บางระจัน - โพทะเล,8,9,สิงห์บุรี,17,กรมทางหลวง,4,2,4,24,1.33,3,0,ทางโค้งกว้าง+ไม่มีความลาดชัน,ขับรถเร็วเกินอัตรากำหนด
208,หนองสระพัง - มหาสารคาม,30,31,มหาสารคาม,44,กรมทางหลวง,4,2,4,24,1,4,0,ทางตรง+ไม่มีความลาดชัน,ขับรถเร็วเกินอัตรากำหนด
4110,ทุ่งสง - ทุ่งใหญ่,17,18,นครศรีธรรมราช,80,กรมทางหลวง,4,2,4,24,1,4,0,ทางตรง+ไม่มีความลาดชัน,ขับรถเร็วเกินอัตรากำหนด
304,คลองหลวงแพ่ง - ฉะเชิงเทรา,65,66,ฉะเชิงเทรา,24,กรมทางหลวง,4,2,4,24,1.33,3,0.25,ทางตรง+ไม่มีความลาดชัน,ขับรถเร็วเกินอัตรากำหนด
21,บ้านโตก - หัวนา,240,241,เพชรบูรณ์,67,กรมทางหลวง,4,2,4,24,2,2,0.5,ทางแยกรูปตัว T+ที่ราบ,ขับรถเร็วเกินอัตรากำหนด
3249,เขาไร่ยา - แพร่งขาหยั่ง,42,43,จันทบุรี,22,กรมทางหลวง,4,2,4,24,2,2,0.25,ทางตรง+ไม่มีความลาดชัน,ขับรถเร็วเกินอัตรากำหนด
102,ห้วยไผ่ - ห้วยช้าง,13,14,อุตรดิตถ์,53,กรมทางหลวง,4,1,14,24,1.33,3,0,ทางตรง+ไม่มีความลาดชัน,ขับรถเร็วเกินอัตราที่กำหนด
35,แพรกหนามแดง - วังมะนาว,81,82,ราชบุรี,70,กรมทางหลวง,4,2,4,24,2,2,0,ทางตรง+ที่ราบ,ขับรถเร็วเกินอัตราที่กำหนด
4142,บ้านใน - บ้านโฉ,12,13,สุราษฎร์ธานี,84,กรมทางหลวง,4,2,4,24,1.33,3,0.25,ทางตรง+ไม่มีความลาดชัน,คน/รถ/สัตว์ตัดหน้ากระชั้นชิด
222,ท่ากกแดง - บึงกาฬ,71,72,บึงกาฬ,38,กรมทางหลวง,4,2,4,24,1,4,0.25,ทางโค้งกว้าง+ไม่มีความลาดชัน,ขับรถเร็วเกินอัตรากำหนด
4,พังลา - จุดผ่านแดนถาวรสะเดา (เขตแดนไทย/มาเลเซีย),1306,1307,สงขลา,90,กรมทางหลวง,4,2,4,24,1.33,3,0.25,ทางตรง+ไม่มีความลาดชัน,ขับรถเร็วเกินอัตรากำหนด
331,พันเสด็จนอก - หนองปรือ,54,55,ชลบุรี,20,กรมทางหลวง,4,2,4,24,1.33,3,0,ทางตรง+ไม่มีความลาดชัน,หลับใน
22,สูงเนิน - ท่าแร่,161,162,สกลนคร,47,กรมทางหลวง,4,2,4,24,2,2,0,ทางตรง+ที่ราบ,ความประมาท/เร่งรีบ (วิ่งตัดหน้า)
220,ศรีสะเกษ - วังหิน,12,13,ศรีสะเกษ,33,กรมทางหลวง,4,2,4,24,2,2,0,ทางตรง+ที่ราบ,ขับรถเร็วเกินอัตราที่กำหนด
นศ.3007,แยกทางหลวงหมายเลข 401 (กม.ที่ 110+100) - บ้านน้ำตก,10,11,นครศรีธรรมราช,80,กรมทางหลวงชนบท,4,2,4,24,4,1,0,ทางสี่แยก,ขับรถเร็วเกินอัตรากำหนด
41,ไม้เสียบ - สี่แยกโพธิ์ทอง,351,352,พัทลุง,93,กรมทางหลวง,4,2,4,24,2,2,0,ทางตรง+ที่ราบ,หลับใน
102,ห้วยไผ่ - ห้วยช้าง,9,10,อุตรดิตถ์,53,กรมทางหลวง,4,2,4,24,1,4,0,ทางตรง+ไม่มีความลาดชัน,ขับรถเร็วเกินอัตราที่กำหนด
นม.4057,แยกทางหลวงหมายเลข 2285 (กม.ที่ 7+990) - บ้านหนองบัววง,4,5,นครราชสีมา,30,กรมทางหลวงชนบท,4,2,4,24,4,1,0,ทางตรง+ไม่มีความลาดชัน/ที่ราบ,ขับรถเร็วเกินอัตรากำหนด
4,หนองบ้วย - ห้วยทรายใต้,207,208,เพชรบุรี,76,กรมทางหลวง,4,2,4,24,1.33,3,0,ทางตรง+ไม่มีความลาดชัน,คน/รถ/สัตว์ตัดหน้ากระชั้นชิด
3,บ้านพลิ้ว - แม่น้ำเวฬุ,364,365,จันทบุรี,22,กรมทางหลวง,4,2,4,24,2,2,0,ทางตรง+ไม่มีความลาดชัน,ขับรถเร็วเกินอัตรากำหนด
3212,คุ้งสำเภา - ไร่พัฒนา,7,8,ชัยนาท,18,กรมทางหลวง,3,2,4,24,1,3,0,ทางตรง+ไม่มีความลาดชัน,ขับรถเร็วเกินอัตรากำหนด
ลบ.4019,แยกทางหลวงหมายเลข 3017 (กม.ที่ 33+750 ) - บ้านชอนน้อย,5,6,ลพบุรี,16,กรมทางหลวงชนบท,3,2,4,24,1.5,2,0,ทางสี่แยก,ขับรถเร็วเกินอัตรากำหนด
42,กอตอ - ปูต๊ะ,167,168,นราธิวาส,96,กรมทางหลวง,3,2,4,24,1.5,2,0,ทางตรง+ไม่มีความลาดชัน,ขับรถเร็วเกินอัตรากำหนด
1,ห้วยพลู - แม่คำ,967,968,เชียงราย,57,กรมทางหลวง,3,2,4,24,1.5,2,0.333,ทางตรง+ที่ราบ,ขับรถเร็วเกินอัตราที่กำหนด
225,เกยไชย - ศรีมงคล,90,91,นครสวรรค์,60,กรมทางหลวง,3,2,4,24,1.5,2,0,ทางตรง+ไม่มีความลาดชัน,ขับรถเร็วเกินอัตรากำหนด
1,,470,471,กำแพงเพชร,62,กรมทางหลวง,3,2,4,24,1.5,2,0,ทางตรง+ไม่มีความลาดชัน,หลับใน
401,บางกุ้ง - เขาหัวช้าง,182,183,สุราษฎร์ธานี,84,กรมทางหลวง,3,2,4,24,1,3,0.333,ทางตรง+ไม่มีความลาดชัน,ขับรถเร็วเกินอัตรากำหนด
232,ถนนวงแหวนรอบเมืองร้อยเอ็ด,2,3,ร้อยเอ็ด,45,กรมทางหลวง,3,2,4,24,1,3,0,ทางโค้งกว้าง+ไม่มีความลาดชัน,ขับรถเร็วเกินอัตราที่กำหนด
317,พังงอน - เขาแหลม,49,50,จันทบุรี,22,กรมทางหลวง,3,2,4,24,1,3,0,ทางโค้งกว้าง+ไม่มีความลาดชัน,ขับรถเร็วเกินอัตรากำหนด
1,แยกประตูชัย - พาน,860,861,พะเยา,56,กรมทางหลวง,3,2,4,24,1,3,0,ทางตรง+ไม่มีความลาดชัน,หลับใน
2022,นิคม - บ้านดุง,9,10,อุดรธานี,41,กรมทางหลวง,3,2,4,24,1,3,0.333,ทางโค้งปกติ+ที่ราบ,ขับรถเร็วเกินอัตราที่กำหนด
2146,หนองบัวลำภู - เขื่อนอุบลรัตน์,9,10,หนองบัวลำภู,39,กรมทางหลวง,3,2,4,24,1.5,2,0,ทางโค้งปกติ+ก้นโค้ง,ขับรถเร็วเกินอัตรากำหนด
4169,ทางรอบเกาะสมุย,28,29,สุราษฎร์ธานี,84,กรมทางหลวง,3,2,4,24,1.5,2,0,ทางตรง+ไม่มีความลาดชัน,ขับรถเร็วเกินอัตรากำหนด
228,ศรีบุญเรือง - วังหมื่น,64,65,หนองบัวลำภู,39,กรมทางหลวง,3,1,14,24,1.5,2,0,ทางตรง+ไม่มีความลาดชัน,ขับรถเร็วเกินอัตรากำหนด
321,กำแพงแสน - ทุ่งคอก,34,35,นครปฐม,73,กรมทางหลวง,3,2,4,24,1.5,2,0,ทางตรง+ไม่มีความลาดชัน,คน/รถ/สัตว์ตัดหน้ากระชั้นชิด
2,ตาลเดี่ยว - ซับบอน,14,15,สระบุรี,19,กรมทางหลวง,3,2,4,24,1.5,2,0,ทางตรง+ไม่มีความลาดชัน,หลับใน
2315,หนองวัวซอ - อูบมุง,13,14,อุดรธานี,41,กรมทางหลวง,3,2,4,24,1,3,0,ทางตรง+ไม่มีความลาดชัน,ขับรถเร็วเกินอัตรากำหนด
219,บรบือ - ยางสีสุราช,8,9,มหาสารคาม,44,กรมทางหลวง,3,2,4,24,1,3,0,ทางตรง+ไม่มีความลาดชัน,หลับใน
331,บ่อวิน - หนองปรือ,52,53,ชลบุรี,20,กรมทางหลวง,3,2,4,24,3,1,0,ทางตรง+ไม่มีความลาดชัน,สูญเสียการควบคุม
7,หนองข้างคอก - ตะเคียนเตี้ย,80,81,ชลบุรี,20,กรมทางหลวง,46,1,13,23,9.2,5,0.087,ทางตรง+ไม่มีความลาดชัน,ขับรถเร็วเกินอัตรากำหนด
9,พระประแดง - บางแค,19,20,ปทุมธานี,13,กรมทางหลวง,32,1,13,23,6.4,5,0.063,ทางตรง+ไม่มีความลาดชัน,ขับรถเร็วเกินอัตรากำหนด
9,บางปะอิน - แขวงรามอินทรา,5,6,ปทุมธานี,13,กรมทางหลวง,25,0,23,23,5,5,0.08,ทางตรง+ไม่มีความลาดชัน,ขับรถเร็วเกินอัตรากำหนด
ส.013,สะพานภูมิพลที่ 1 ไปสะพานภูมิพลที่ 2,4,5,สมุทรปราการ,11,กรมทางหลวงชนบท,19,1,13,23,4.75,4,0.105,ทางตรง+ที่ลาดชัน,ขับรถเร็วเกินอัตรากำหนด
340,ศรีประจันต์ - ปากน้ำ,112,113,สุพรรณบุรี,72,กรมทางหลวง,19,1,13,23,3.8,5,0.053,ทางโค้งกว้าง+ไม่มีความลาดชัน,ขับรถเร็วเกินอัตรากำหนด
4,พัทลุง - นาโหนด,1169,1170,พัทลุง,93,กรมทางหลวง,18,1,13,23,3.6,5,0.111,ทางตรง+ไม่มีความลาดชัน,ขับรถเร็วเกินอัตรากำหนด
4,บางสะพาน - น้ำรอด,390,391,ประจวบคีรีขันธ์,77,กรมทางหลวง,17,1,13,23,4.25,4,0.529,ทางโค้งกว้าง+ไม่มีความลาดชัน,ขับรถเร็วเกินอัตรากำหนด
1,สามัคคี - บ้านหวด,738,739,ลำปาง,52,กรมทางหลวง,17,0,23,23,4.25,4,0.588,ทางโค้งกว้าง+ที่ลาดชัน,ขับรถเร็วเกินอัตรากำหนด
404,ตรัง - บ้านนา,2,3,ตรัง,92,กรมทางหลวง,15,1,13,23,3.75,4,0.133,ทางตรง+ไม่มีความลาดชัน,ขับรถเร็วเกินอัตรากำหนด
303,ราษฎร์บูรณะ - พระสมุทรเจดีย์,17,18,สมุทรปราการ,11,กรมทางหลวง,15,0,23,23,3.75,4,0.067,ทางตรง+ไม่มีความลาดชัน,ขับรถเร็วเกินอัตรากำหนด
304,คลองหลวงแพ่ง - ฉะเชิงเทรา,63,64,ฉะเชิงเทรา,24,กรมทางหลวง,13,1,13,23,6.5,2,0.231,ทางตรง+ไม่มีความลาดชัน,ขับรถเร็วเกินอัตรากำหนด
4,สระพัง - เขาวัง,143,144,เพชรบุรี,76,กรมทางหลวง,12,2,3,23,2.4,5,0.25,ทางตรง+ไม่มีความลาดชัน,ขับรถเร็วเกินอัตรากำหนด
2,โคกกรวด - นครราชสีมา,132,133,นครราชสีมา,30,กรมทางหลวง,12,0,23,23,3,4,0.083,ทางตรง+ไม่มีความลาดชัน,ขับรถเร็วเกินอัตรากำหนด
34,บางนา - ทางเข้าท่าอากาศยานสุวรรณภูมิ,4,5,กรุงเทพมหานคร,10,กรมทางหลวง,12,1,13,23,2.4,5,0,ทางตรง+ไม่มีความลาดชัน,ขับรถเร็วเกินอัตรากำหนด
12,เข็กน้อย - แยกอาเซียน,340,341,เพชรบูรณ์,67,กรมทางหลวง,12,1,13,23,3,4,0.667,ทางโค้งกว้าง+ที่ลาดชัน,ขับรถเร็วเกินอัตรากำหนด
121,เหมืองกุง - ต้นเปา,1,2,เชียงใหม่,50,กรมทางหลวง,12,1,13,23,3,4,0,ทางตรง+ไม่มีความลาดชัน,ขับรถเร็วเกินอัตรากำหนด
41,ร่อนพิบูลย์  - ไม้เสียบ,334,335,นครศรีธรรมราช,80,กรมทางหลวง,12,1,13,23,3,4,0.083,ทางตรง+ไม่มีความลาดชัน,ขับรถเร็วเกินอัตรากำหนด
4103,เบญจม - จังหูน,22,23,นครศรีธรรมราช,80,กรมทางหลวง,12,1,13,23,3,4,0.167,ทางตรง+ไม่มีความลาดชัน,ขับรถเร็วเกินอัตรากำหนด
2,มวกเหล็ก - บ่อทอง,38,39,นครราชสีมา,30,กรมทางหลวง,12,2,3,23,3,4,0.083,ทางตรง+ที่ราบ,ขับรถเร็วเกินอัตรากำหนด
41,สวนสมบูรณ์ - เกาะมุกข์,103,104,สุราษฎร์ธานี,84,กรมทางหลวง,12,1,13,23,3,4,0.25,ทางตรง+ไม่มีความลาดชัน,ขับรถเร็วเกินอัตรากำหนด
105,ห้วยบง - แม่สลิดหลวง,32,33,ตาก,63,กรมทางหลวง,11,1,13,23,3.67,3,0.091,ทางตรง+ที่ราบ,ขับรถเร็วเกินอัตราที่กำหนด
32,นครหลวง - อ่างทอง,33,34,พระนครศรีอยุธยา,14,กรมทางหลวง,11,2,3,23,2.2,5,0.455,ทางตรง+ไม่มีความลาดชัน,ขับรถเร็วเกินอัตราที่กำหนด
41,สี่แยกโพธิ์ทอง - พัทลุง,378,379,พัทลุง,93,กรมทางหลวง,11,1,13,23,2.75,4,0.182,ทางตรง+ไม่มีความลาดชัน,ขับรถเร็วเกินอัตรากำหนด
291,ทางเลี่ยงเมืองมหาสารคาม,6,7,มหาสารคาม,44,กรมทางหลวง,11,1,13,23,3.67,3,0.273,ทางตรง+ไม่มีความลาดชัน,ขับรถเร็วเกินอัตรากำหนด
304,วังน้ำเขียว - ดอนขวาง,223,224,นครราชสีมา,30,กรมทางหลวง,11,0,23,23,3.67,3,0.364,ทางตรง+ที่ลาดชัน,ขับรถเร็วเกินอัตรากำหนด
2,โคกกรวด - นครราชสีมา,133,134,นครราชสีมา,30,กรมทางหลวง,10,2,3,23,3.33,3,0,ทางตรง+ไม่มีความลาดชัน,ขับรถเร็วเกินอัตรากำหนด
420,วงแหวนรอบเมืองสุราษฎร์ธานี,8,9,สุราษฎร์ธานี,84,กรมทางหลวง,10,2,3,23,2.5,4,0,ทางตรง+ไม่มีความลาดชัน,ขับรถเร็วเกินอัตรากำหนด
32,โพนางดำออก - ท่าฉนวน,147,148,ชัยนาท,18,กรมทางหลวง,10,2,3,23,2.5,4,0.3,ทางตรง+ไม่มีความลาดชัน,ขับรถเร็วเกินอัตรากำหนด
ชม.3029,ถนนสมโภชเชียงใหม่ 700 ปี,8,9,เชียงใหม่,50,กรมทางหลวงชนบท,10,2,3,23,2.5,4,0.1,ทางสี่แยก,ขับรถเร็วเกินอัตรากำหนด
323,หนองเสือ - ท่าน้ำตื้น,46,47,กาญจนบุรี,71,กรมทางหลวง,10,1,13,23,2.5,4,0,ทางตรง+ที่ราบ,ขับรถเร็วเกินอัตราที่กำหนด
2,น้ำสวย - สะพานมิตรภาพที่หนองคาย(เขตแดนไทย/ลาว),500,501,หนองคาย,43,กรมทางหลวง,10,2,3,23,2.5,4,0,ทางตรง+ไม่มีความลาดชัน,ขับรถเร็วเกินอัตราที่กำหนด
1,ปากดง - นครชุม,439,440,กำแพงเพชร,62,กรมทางหลวง,10,1,13,23,3.33,3,0,ทางตรง+ไม่มีความลาดชัน,ขับรถเร็วเกินอัตรากำหนด
344,หนองปรือ - คลองเขต,42,43,ชลบุรี,20,กรมทางหลวง,10,1,13,23,3.33,3,0.5,ทางตรง+ไม่มีความลาดชัน,ขับรถเร็วเกินอัตรากำหนด
210,นิคมเชียงพิณ - หนองบัวลำภู,31,32,หนองบัวลำภู,39,กรมทางหลวง,9,2,3,23,1.8,5,0,ทางโค้งกว้าง+ที่ลาดชัน,ขับรถเร็วเกินอัตรากำหนด
32,นครหลวง - อ่างทอง,36,37,พระนครศรีอยุธยา,14,กรมทางหลวง,9,2,3,23,3,3,0.333,ทางตรง+ไม่มีความลาดชัน,ขับรถเร็วเกินอัตรากำหนด
3,ท้ายบ้าน - บางตำหรุ,38,39,สมุทรปราการ,11,กรมทางหลวง,8,2,3,23,2,4,0,ทางตรง+ไม่มีความลาดชัน,ขับรถเร็วเกินอัตรากำหนด
340,ศรีประจันต์ - ปากน้ำ,115,116,สุพรรณบุรี,72,กรมทางหลวง,8,2,3,23,1.6,5,0,ทางตรง+ไม่มีความลาดชัน,คน/รถ/สัตว์ตัดหน้ากระชั้นชิด
41,ถ้ำพรรณรา - ทุ่งสง,278,279,นครศรีธรรมราช,80,กรมทางหลวง,8,2,3,23,2,4,0,ทางตรง+ไม่มีความลาดชัน,ขับรถเร็วเกินอัตรากำหนด
4,หนองบ้วย - ห้วยทรายใต้,181,182,เพชรบุรี,76,กรมทางหลวง,8,2,3,23,1.6,5,0,ทางตรง+ไม่มีความลาดชัน,ยางเสื่อมสภาพ/ยางแตก
344,หนองรี - หนองปรือ,20,21,ชลบุรี,20,กรมทางหลวง,8,2,3,23,1.6,5,0.625,ทางตรง+ไม่มีความลาดชัน,ขับรถเร็วเกินอัตรากำหนด
1,โนนปอแดง - ปากดง,392,393,กำแพงเพชร,62,กรมทางหลวง,8,2,3,23,2.67,3,0.25,ทางตรง+ไม่มีความลาดชัน,ขับรถเร็วเกินอัตรากำหนด
41,ร่อนพิบูลย์ - ไม้เสียบ,319,320,นครศรีธรรมราช,80,กรมทางหลวง,8,1,13,23,2,4,0,ทางตรง+ไม่มีความลาดชัน,ขับรถเร็วเกินอัตรากำหนด
32,นครหลวง - อ่างทอง,38,39,พระนครศรีอยุธยา,14,กรมทางหลวง,8,2,3,23,2,4,0,ทางตรง+ไม่มีความลาดชัน,ขับรถเร็วเกินอัตรากำหนด
304,แยกเข้ามีนบุรี - คลองหลวงแพ่ง,35,36,กรุงเทพมหานคร,10,กรมทางหลวง,7,2,3,23,2.33,3,0.143,ทางตรง+ไม่มีความลาดชัน,ขับรถเร็วเกินอัตรากำหนด
4,บางสะพาน - น้ำรอด,387,388,ประจวบคีรีขันธ์,77,กรมทางหลวง,7,2,3,23,1.4,5,0.143,ทางตรง+ไม่มีความลาดชัน,ขับรถเร็วเกินอัตรากำหนด
126,ถนนวงแหวนรอบเมืองพิษณุโลกด้านทิศเหนือ,10,11,พิษณุโลก,65,กรมทางหลวง,7,2,3,23,1.75,4,0.571,ทางตรง+ไม่มีความลาดชัน,ขับรถเร็วเกินอัตรากำหนด
201,โนนสว่าง - ปากปวน,326,327,เลย,42,กรมทางหลวง,7,2,3,23,1.4,5,0,ทางตรง+ไม่มีความลาดชัน,ขับรถเร็วเกินอัตรากำหนด
4,ตลาดเก่า - คลองท่อม,986,987,กระบี่,81,กรมทางหลวง,7,2,3,23,1.75,4,0.429,ทางตรง+ที่ราบ,ขับรถเร็วเกินอัตราที่กำหนด
43,นาหม่อม - จะนะ,13,14,สงขลา,90,กรมทางหลวง,7,1,13,23,1.75,4,0.143,ทางตรง+ไม่มีความลาดชัน,ขับรถเร็วเกินอัตรากำหนด
309,บ้านสร้าง - ทางแยกต่างระดับอยุธยา,11,12,พระนครศรีอยุธยา,14,กรมทางหลวง,7,1,13,23,1.4,5,0,ทางตรง+ไม่มีความลาดชัน,ขับรถเร็วเกินอัตรากำหนด
41,ร่อนพิบูลย์  - ไม้เสียบ,339,340,นครศรีธรรมราช,80,กรมทางหลวง,7,1,13,23,1.75,4,0.429,ทางตรง+ไม่มีความลาดชัน,หลับใน
36,กระทิงลาย - บ้านโป่ง,1,2,ชลบุรี,20,กรมทางหลวง,7,2,3,23,1.75,4,0.143,ทางตรง+ไม่มีความลาดชัน,ขับรถเร็วเกินอัตรากำหนด
292,ทางเลี่ยงเมืองยโสธร,0,1,ยโสธร,35,กรมทางหลวง,7,2,3,23,1.75,4,0.286,ทางแยกรูปตัว ++ที่ราบ,ขับรถเร็วเกินอัตรากำหนด
32,โพนางดำออก - ท่าฉนวน,124,125,ชัยนาท,18,กรมทางหลวง,7,1,13,23,1.75,4,0.143,ทางตรง+ที่ราบ,ขับรถเร็วเกินอัตราที่กำหนด
1039,ดงสันเงิน - ขามแดง,3,4,ลำปาง,52,กรมทางหลวง,6,2,3,23,2,3,0.167,ทางตรง+ไม่มีความลาดชัน,ขับรถเร็วเกินอัตรากำหนด
12,ขุมขี้ยาง - มุกดาหาร,736,737,มุกดาหาร,49,กรมทางหลวง,6,2,3,23,2,3,0,ทางตรง+ไม่มีความลาดชัน,คน/รถ/สัตว์ตัดหน้ากระชั้นชิด
317,เขาแหลม - สระแก้ว,108,109,สระแก้ว,27,กรมทางหลวง,6,2,3,23,1.5,4,0,ทางตรง+ไม่มีความลาดชัน,ขับรถเร็วเกินอัตรากำหนด
205,ดงพลับ -  ม่วงค่อม,21,22,ลพบุรี,16,กรมทางหลวง,6,2,3,23,1.2,5,0,ทางตรง+ไม่มีความลาดชัน,คน/รถ/สัตว์ตัดหน้ากระชั้นชิด
1,ดอนรังนก - หางน้ำหนองแขม,277,278,ชัยนาท,18,กรมทางหลวง,6,2,3,23,2,3,0,ทางตรง+ไม่มีความลาดชัน,ขับรถเร็วเกินอัตรากำหนด
4,บางสะพาน - น้ำรอด,388,389,ประจวบคีรีขันธ์,77,กรมทางหลวง,6,2,3,23,2,3,0.333,ทางตรง+ไม่มีความลาดชัน,ขับรถเร็วเกินอัตรากำหนด
3199,ท่าพะเนียด - โป่งปัด,11,12,กาญจนบุรี,71,กรมทางหลวง,6,1,13,23,2,3,0,ทางตรง+ไม่มีความลาดชัน,ขับรถเร็วเกินอัตรากำหนด
1,สามัคคี - บ้านหวด,710,711,ลำปาง,52,กรมทางหลวง,6,2,3,23,1.5,4,0,ทางตรง+ที่ราบ,ขับรถเร็วเกินอัตราที่กำหนด
21,ม่วงค่อม - คลองกระจัง,54,55,ลพบุรี,16,กรมทางหลวง,6,1,13,23,1.5,4,0.167,ทางตรง+ไม่มีความลาดชัน,ขับรถเร็วเกินอัตรากำหนด
304,วังน้ำเขียว - ดอนขวาง,247,248,นครราชสีมา,30,กรมทางหลวง,6,2,3,23,2,3,0.167,ทางโค้งกว้าง+ไม่มีความลาดชัน,ขับรถเร็วเกินอัตรากำหนด
4153,หนองขรี - เทศบาลเมืองท่าข้าม,6,7,สุราษฎร์ธานี,84,กรมทางหลวง,6,2,3,23,3,2,0.333,ทางโค้งปกติ+ที่ราบ,ขับรถเร็วเกินอัตราที่กำหนด
21,บ้านโตก - หัวนา,234,235,เพชรบูรณ์,67,กรมทางหลวง,6,2,3,23,2,3,0,ทางแยกรูปตัว T+ที่ราบ,ขับรถเร็วเกินอัตราที่กำหนด
E007S013|I,บางพลี-สุขสวัสดิ์,13,14,สมุทรปราการ,11,การทางพิเศษแห่งประเทศไทย,6,2,3,23,2,3,0,ทางตรง,ละสายตาจากการขับขี่
1,ดอนรังนก - หางน้ำหนองแขม,286,287,ชัยนาท,18,กรมทางหลวง,6,2,3,23,1.5,4,0.167,ทางตรง+ไม่มีความลาดชัน,ขับรถเร็วเกินอัตรากำหนด
101,แยกปากจั๊วะ - แยกเจริญราษฎร์,241,242,แพร่,54,กรมทางหลวง,6,2,3,23,3,2,0,ทางตรง+ไม่มีความลาดชัน,คน/รถ/สัตว์ตัดหน้ากระชั้นชิด
3,ท้ายบ้าน - บางตำหรุ,36,37,สมุทรปราการ,11,กรมทางหลวง,5,2,3,23,1.67,3,0,ทางตรง+ไม่มีความลาดชัน,ขับรถเร็วเกินอัตรากำหนด
238,ทางเลี่ยงเมืองมุกดาหาร,2,3,มุกดาหาร,49,กรมทางหลวง,5,2,3,23,1.67,3,0,ทางตรง+ไม่มีความลาดชัน,คน/รถ/สัตว์ตัดหน้ากระชั้นชิด
304,วังน้ำเขียว - ดอนขวาง,263,264,นครราชสีมา,30,กรมทางหลวง,5,2,3,23,1.67,3,0,ทางตรง+ไม่มีความลาดชัน,ขับรถเร็วเกินอัตรากำหนด
107,เชียงใหม่ - ขี้เหล็กหลวง,22,23,เชียงใหม่,50,กรมทางหลวง,5,2,3,23,2.5,2,0,ทางตรง+ไม่มีความลาดชัน,ขับรถเร็วเกินอัตรากำหนด
2132,นาเพียง - ศรีสงคราม,21,22,นครพนม,48,กรมทางหลวง,5,2,3,23,1.67,3,0,ทางแยกรูปตัว ++ที่ราบ,คน/รถ/สัตว์ตัดหน้ากระชั้นชิด
222,พังโคน - เดื่อศรีคันไชย,0,1,สกลนคร,47,กรมทางหลวง,5,2,3,23,2.5,2,0.4,ทางตรง+ไม่มีความลาดชัน,ขับรถเร็วเกินอัตรากำหนด
4,ปากท่อ - สระพัง,121,122,ราชบุรี,70,กรมทางหลวง,5,1,13,23,1.25,4,0.2,ทางตรง+ไม่มีความลาดชัน,ขับรถเร็วเกินอัตรากำหนด
4009,เวียงสระ - บางสวรรค์,64,65,สุราษฎร์ธานี,84,กรมทางหลวง,5,2,3,23,1.67,3,0,ทางโค้งกว้าง+ไม่มีความลาดชัน,ขับรถเร็วเกินอัตรากำหนด
24,จรอกใหญ่ - กระเทียม,176,177,สุรินทร์,32,กรมทางหลวง,5,1,13,23,1.25,4,0,ทางตรง+ไม่มีความลาดชัน,ขับรถเร็วเกินอัตรากำหนด
4,เขาวัง - หนองบ้วย,166,167,เพชรบุรี,76,กรมทางหลวง,5,2,3,23,1.25,4,0,ทางเชื่อมเข้าพื้นที่สาธารณะ/เชิงพาณิชย์,คน/รถ/สัตว์ตัดหน้ากระชั้นชิด
35,นาโคก - แพรกหนามแดง,79,80,สมุทรสงคราม,75,กรมทางหลวง,5,2,3,23,2.5,2,0,ทางตรง+ไม่มีความลาดชัน,ขับรถเร็วเกินอัตรากำหนด
212,ย้อมพัฒนา - นาโพธิ์,446,447,มุกดาหาร,49,กรมทางหลวง,5,2,3,23,1.67,3,0,ทางตรง+ที่ราบ,ขับรถเร็วเกินอัตรากำหนด
304,พนมสารคาม - เขาหินซ้อน,109,110,ฉะเชิงเทรา,24,กรมทางหลวง,5,2,3,23,1.67,3,0,วงเวียน+ที่ราบ,สูญเสียการควบคุม
210,วังสำราญ - วังสะพุง,101,102,เลย,42,กรมทางหลวง,5,2,3,23,1,5,0,ทางโค้งกว้าง+ไม่มีความลาดชัน,ขับรถเร็วเกินอัตรากำหนด
12,บ้านกร่าง - พิษณุโลก,217,218,พิษณุโลก,65,กรมทางหลวง,5,2,3,23,2.5,2,0.4,ทางตรง+ไม่มีความลาดชัน,ขับรถเร็วเกินอัตราที่กำหนด
22,สูงเนิน - ท่าแร่,143,144,สกลนคร,47,กรมทางหลวง,5,2,3,23,1.67,3,0,ทางตรง+ที่ราบ,ขับรถเร็วเกินอัตรากำหนด
4,เขาพับผ้า - พัทลุง,1154,1155,พัทลุง,93,กรมทางหลวง,5,2,3,23,1.25,4,0.2,ทางเชื่อมเข้าพื้นที่ส่วนบุคคล,ขับรถเร็วเกินอัตรากำหนด
212,ย้อมพัฒนา - นาโพธิ์,420,421,มุกดาหาร,49,กรมทางหลวง,5,2,3,23,1.67,3,0,ทางตรง+ไม่มีความลาดชัน,ขับรถเร็วเกินอัตรากำหนด
1,ดงจำปา - แยกร.พ.อานันทมหิดล,154,155,ลพบุรี,16,กรมทางหลวง,5,2,3,23,1,5,0,ทางเชื่อมเข้าบริเวณหน้าโรงเรียน,ขับรถเร็วเกินอัตรากำหนด
317,พังงอน - เขาแหลม,62,63,จันทบุรี,22,กรมทางหลวง,5,1,13,23,1.67,3,0,ทางโค้งปกติ+ที่ราบ,ขับรถเร็วเกินอัตรากำหนด
213,มหาสารคาม - หนองขอน,5,6,มหาสารคาม,44,กรมทางหลวง,5,2,3,23,1.67,3,0,ทางตรง+ไม่มีความลาดชัน,ขับรถเร็วเกินอัตรากำหนด
43,ปาแด - มะพร้าวต้นเดียว,75,76,ปัตตานี,94,กรมทางหลวง,5,1,13,23,1.25,4,0,ทางตรง+ไม่มีความลาดชัน,ขับรถเร็วเกินอัตรากำหนด
3,ชลบุรี - ศรีราชา,97,98,ชลบุรี,20,กรมทางหลวง,5,2,3,23,2.5,2,0,ทางตรง+ไม่มีความลาดชัน,คน/รถ/สัตว์ตัดหน้ากระชั้นชิด
23,ร้อยเอ็ด - เสลภูมิ,117,118,ร้อยเอ็ด,45,กรมทางหลวง,5,2,3,23,1.67,3,0,ทางตรง+ไม่มีความลาดชัน,ขับรถเร็วเกินอัตรากำหนด
24,จรอกใหญ่ - กระเทียม,197,198,สุรินทร์,32,กรมทางหลวง,5,2,3,23,1.67,3,0,ทางตรง+ไม่มีความลาดชัน,ขับรถเร็วเกินอัตราที่กำหนด
3091,อ้อมน้อย - สมุทรสาคร,19,20,สมุทรสาคร,74,กรมทางหลวง,5,2,3,23,2.5,2,0,ทางแยกต่างระดับ / Ramps+ที่ราบ,ขับรถเร็วเกินอัตราที่กำหนด
321,กำแพงแสน - ทุ่งคอก,41,42,สุพรรณบุรี,72,กรมทางหลวง,5,1,13,23,1.25,4,0,ทางตรง+ไม่มีความลาดชัน,หลับใน
210,นิคมเชียงพิณ - หนองบัวลำภู,13,14,อุดรธานี,41,กรมทางหลวง,5,2,3,23,1.67,3,0,ทางตรง+ไม่มีความลาดชัน,ขับรถเร็วเกินอัตรากำหนด
22,สูงเนิน - ท่าแร่,159,160,สกลนคร,47,กรมทางหลวง,5,2,3,23,2.5,2,0,ทางตรง+ไม่มีความลาดชัน,ขับรถเร็วเกินอัตรากำหนด
409,ป่าพ้อ - ท่าสาป,31,32,ยะลา,95,กรมทางหลวง,5,0,23,23,1.67,3,0,ทางตรง+ไม่มีความลาดชัน,ขับรถเร็วเกินอัตรากำหนด
3242,สมุทรสาคร - บางบอน,12,13,สมุทรสาคร,74,กรมทางหลวง,5,2,3,23,1.67,3,0,ทางตรง+ไม่มีความลาดชัน,ขับรถเร็วเกินอัตรากำหนด
205,หนองบัวโคก - โคกสวาย,194,195,นครราชสีมา,30,กรมทางหลวง,5,2,3,23,1.67,3,0,ทางตรง+ไม่มีความลาดชัน,ขับรถเร็วเกินอัตรากำหนด
3,ระยอง - กะเฉด,228,229,ระยอง,21,กรมทางหลวง,5,2,3,23,5,1,0,ทางตรง+ไม่มีความลาดชัน,คน/รถ/สัตว์ตัดหน้ากระชั้นชิด
37,ชะอำ - วังโบสถ์,23,24,เพชรบุรี,76,กรมทางหลวง,4,2,3,23,1.33,3,0,ทางตรง+ไม่มีความลาดชัน,ขับรถเร็วเกินอัตรากำหนด
1074,สลกบาตร - ทุ่งสนุ่น,4,5,กำแพงเพชร,62,กรมทางหลวง,4,2,3,23,2,2,0,ทางตรง+ไม่มีความลาดชัน,ขับรถเร็วเกินอัตรากำหนด
2,โนนสะอาด - อุดรธานี,410,411,อุดรธานี,41,กรมทางหลวง,4,2,3,23,1.33,3,0,ทางตรง+ไม่มีความลาดชัน,ขับรถเร็วเกินอัตรากำหนด
22,สว่างแดนดิน-สูงเนิน,113,114,สกลนคร,47,กรมทางหลวง,4,2,3,23,1.33,3,0,ทางตรง+ไม่มีความลาดชัน,ขับรถเร็วเกินอัตรากำหนด
3245,อ่างเก็บน้ำหนองปลาไหล - หนองเสือช้าง,9,10,ระยอง,21,กรมทางหลวง,4,2,3,23,1.33,3,0,ทางตรง+ไม่มีความลาดชัน,ขับรถเร็วเกินอัตรากำหนด
1084,ป่าแดง - หาดชะอม,27,28,นครสวรรค์,60,กรมทางหลวง,4,2,3,23,1.33,3,0,ทางเชื่อมเข้าพื้นที่สาธารณะ/เชิงพาณิชย์,คน/รถ/สัตว์ตัดหน้ากระชั้นชิด
226,ศรีสะเกษ - ห้วยขะยุง,290,291,ศรีสะเกษ,33,กรมทางหลวง,4,2,3,23,1.33,3,0,ทางตรง+ไม่มีความลาดชัน,ขับรถเร็วเกินอัตรากำหนด
305,วัดนาบุญ - คลอง 14,22,23,ปทุมธานี,13,กรมทางหลวง,4,2,3,23,2,2,0.25,ทางตรง+ไม่มีความลาดชัน,ขับรถเร็วเกินอัตรากำหนด
214,ร้อยเอ็ด - จตุพักตรพิมาน,69,70,ร้อยเอ็ด,45,กรมทางหลวง,4,2,3,23,1,4,0,ทางตรง+ไม่มีความลาดชัน,ขับรถเร็วเกินอัตรากำหนด
24,หัวช้าง - แยกการช่าง,296,297,ศรีสะเกษ,33,กรมทางหลวง,4,1,13,23,2,2,0,ทางตรง+ที่ราบ,ขับรถเร็วเกินอัตรากำหนด
222,ท่ากกแดง - บึงกาฬ,109,110,บึงกาฬ,38,กรมทางหลวง,4,2,3,23,1.33,3,0,ทางโค้งกว้าง+ไม่มีความลาดชัน,ขับรถเร็วเกินอัตรากำหนด
34,ทางเข้าท่าอากาศยานสุวรรณภูมิ - บางวัว,25,26,สมุทรปราการ,11,กรมทางหลวง,4,2,3,23,1.33,3,0,ทางตรง+ไม่มีความลาดชัน,ขับรถเร็วเกินอัตรากำหนด
2040,มหาสารคาม - วาปีปทุม,10,11,มหาสารคาม,44,กรมทางหลวง,4,2,3,23,2,2,0,ทางตรง+ไม่มีความลาดชัน,ขับรถเร็วเกินอัตรากำหนด
333,อู่ทอง - สระกระโจม,1,2,สุพรรณบุรี,72,กรมทางหลวง,4,2,3,23,1.33,3,0,ทางตรง+ไม่มีความลาดชัน,คน/รถ/สัตว์ตัดหน้ากระชั้นชิด
24,นากระแซง - เดชอุดม,376,377,อุบลราชธานี,34,กรมทางหลวง,4,2,3,23,1,4,0,ทางตรง+ไม่มีความลาดชัน,ขับรถเร็วเกินอัตรากำหนด
2050,อุบลราชธานี - ตระการพืชผล,25,26,อุบลราชธานี,34,กรมทางหลวง,4,2,3,23,1.33,3,0.25,ทางโค้งกว้าง+ไม่มีความลาดชัน,ขับรถเร็วเกินอัตรากำหนด
4,ท้ายเหมือง - คลองบางดินสอ,852,853,พังงา,82,กรมทางหลวง,4,2,3,23,1.33,3,0,ทางตรง+ไม่มีความลาดชัน,ขับรถเร็วเกินอัตรากำหนด
101,คุยประดู่ - คลองโพธิ์,75,76,สุโขทัย,64,กรมทางหลวง,4,2,3,23,1.33,3,0,ทางตรง+ไม่มีความลาดชัน,ขับรถเร็วเกินอัตรากำหนด
401,บางกุ้ง - เขาหัวช้าง,180,181,สุราษฎร์ธานี,84,กรมทางหลวง,4,2,3,23,1.33,3,0,ทางตรง+ไม่มีความลาดชัน,ขับรถเร็วเกินอัตรากำหนด
23,ไพศาล - บรบือ,37,38,มหาสารคาม,44,กรมทางหลวง,4,1,13,23,1.33,3,0,ทางตรง+ไม่มีความลาดชัน,ขับรถเร็วเกินอัตราที่กำหนด
3022,พระพุทธบาท - ท่าเรือ,13,14,สระบุรี,19,กรมทางหลวง,4,2,3,23,2,2,0.25,ทางแยกรูปตัว ++ที่ราบ,ฝ่าฝืนสัญญาณไฟ / เครื่องหมายจราจร
4,พัทลุง - นาโหนด,1174,1175,พัทลุง,93,กรมทางหลวง,4,2,3,23,1,4,0.25,ทางตรง+ไม่มีความลาดชัน,ขับรถเร็วเกินอัตรากำหนด
3153,จันทบุรี - ท่าใหม่,1,2,จันทบุรี,22,กรมทางหลวง,4,2,3,23,1.33,3,0,ทางตรง+ไม่มีความลาดชัน,ขับรถเร็วเกินอัตรากำหนด
361,ทางเลี่ยงเมืองชลบุรี,4,5,ชลบุรี,20,กรมทางหลวง,4,2,3,23,1,4,0,ทางแยกรูปตัว Y+ที่ราบ,ขับรถเร็วเกินอัตรากำหนด
3414,อ้อมน้อย - ศาลายา,7,8,นครปฐม,73,กรมทางหลวง,4,2,3,23,1.33,3,0.25,ทางตรง+ไม่มีความลาดชัน,ขับรถเร็วเกินอัตรากำหนด
4169,ทางรอบเกาะสมุย,25,26,สุราษฎร์ธานี,84,กรมทางหลวง,4,2,3,23,1,4,0,ทางโค้งกว้าง+ไม่มีความลาดชัน,ขับรถเร็วเกินอัตรากำหนด
42,นาจวก - ดอนยาง,76,77,ปัตตานี,94,กรมทางหลวง,4,2,3,23,2,2,0,ทางตรง+ไม่มีความลาดชัน,ขับรถเร็วเกินอัตรากำหนด
41,ท่าชี - ถ้ำพรรณรา,241,242,นครศรีธรรมราช,80,กรมทางหลวง,4,2,3,23,1.33,3,0,ทางตรง+ไม่มีความลาดชัน,ขับรถเร็วเกินอัตรากำหนด
4103,ปากพูน - เบญจม,8,9,นครศรีธรรมราช,80,กรมทางหลวง,4,2,3,23,1.33,3,0,ทางตรง+ที่ราบ,ขับรถเร็วเกินอัตรากำหนด
2322,โคกสูง -  หนองกุงใหญ่,71,72,ขอนแก่น,40,กรมทางหลวง,4,2,3,23,1.33,3,0,ทางตรง+ไม่มีความลาดชัน,ขับรถเร็วเกินอัตรากำหนด
32,สิงห์เหนือ - โพนางดำออก,93,94,สิงห์บุรี,17,กรมทางหลวง,4,2,3,23,1.33,3,0.25,ทางตรง+ไม่มีความลาดชัน,มีการตัดหน้าระยะกระชั้นชิด
42,กอตอ - ปูต๊ะ,178,179,นราธิวาส,96,กรมทางหลวง,4,2,3,23,1.33,3,0.25,ทางตรง+ไม่มีความลาดชัน,ขับรถเร็วเกินอัตรากำหนด
115,แก้วสุวรรณ - บึงบัว,40,41,กำแพงเพชร,62,กรมทางหลวง,4,2,3,23,1.33,3,0,ทางตรง+ไม่มีความลาดชัน,มีการตัดหน้าระยะกระชั้นชิด
2315,หนองวัวซอ - อูบมุง,8,9,อุดรธานี,41,กรมทางหลวง,4,2,3,23,2,2,0,ทางตรง+ที่ราบ,ขับรถเร็วเกินอัตรากำหนด
4015,เขาธง - ฉวาง,27,28,นครศรีธรรมราช,80,กรมทางหลวง,4,2,3,23,2,2,0,ทางตรง+ที่ราบ,ขับรถเร็วเกินอัตรากำหนด
218,บุรีรัมย์ - โคกสูง,9,10,บุรีรัมย์,31,กรมทางหลวง,4,0,23,23,2,2,0,ทางตรง+ไม่มีความลาดชัน,ขับรถเร็วเกินอัตรากำหนด
24,หนองมัน - หนองกี่,93,94,บุรีรัมย์,31,กรมทางหลวง,4,2,3,23,2,2,0,ทางตรง+ไม่มีความลาดชัน,คน/รถ/สัตว์ตัดหน้ากระชั้นชิด
4009,ซอยสิบ - นาสาร,38,39,สุราษฎร์ธานี,84,กรมทางหลวง,4,2,3,23,2,2,0,ทางตรง+ไม่มีความลาดชัน,คน/รถ/สัตว์ตัดหน้ากระชั้นชิด
2044,ร้อยเอ็ด - หนองดง,11,12,ร้อยเอ็ด,45,กรมทางหลวง,3,2,3,23,1,3,0,ทางตรง+ไม่มีความลาดชัน,ขับรถเร็วเกินอัตรากำหนด
232,ถนนวงแหวนรอบเมืองร้อยเอ็ด,9,10,ร้อยเอ็ด,45,กรมทางหลวง,3,2,3,23,1,3,0,ทางตรง+ไม่มีความลาดชัน,คน/รถ/สัตว์ตัดหน้ากระชั้นชิด
1065,หนองกุลา - พิษณุโลก,63,64,พิษณุโลก,65,กรมทางหลวง,3,2,3,23,1.5,2,0,ทางตรง+ที่ราบ,ขับรถเร็วเกินอัตรากำหนด
2022,นิคม - บ้านดุง,57,58,อุดรธานี,41,กรมทางหลวง,3,2,3,23,1,3,0,ทางตรง+ไม่มีความลาดชัน,ขับรถเร็วเกินอัตรากำหนด
2,บ่อทอง - มอจะบก,74,75,นครราชสีมา,30,กรมทางหลวง,3,2,3,23,1.5,2,0,ทางตรง+ไม่มีความลาดชัน,ขับรถเร็วเกินอัตรากำหนด
1091,ปงสนุก - น่าน,75,76,พะเยา,56,กรมทางหลวง,3,2,3,23,1,3,0,ทางโค้งกว้าง+ที่ลาดชัน,ขับรถเร็วเกินอัตรากำหนด
ลพ.5024,แยกทางหลวงชนบท ลพ.3048 (กม.ที่ 3+315) - บ้านนาทราย,2,3,ลำพูน,51,กรมทางหลวงชนบท,3,2,3,23,1.5,2,0,ทางตรง+ไม่มีความลาดชัน,เมาสุรา
346,หนองกระทุ่ม - พนมทวน,91,92,นครปฐม,73,กรมทางหลวง,3,2,3,23,1.5,2,0,ทางตรง+ที่ราบ,คน/รถ/สัตว์ตัดหน้ากระชั้นชิด
2116,สี่แยกยางตลาด - สี่แยกหนองแปน,13,14,กาฬสินธุ์,46,กรมทางหลวง,3,2,3,23,1.5,2,0.333,ทางตรง+ไม่มีความลาดชัน,บรรทุกเกินอัตรา
4,นครชัยศรี - พระประโทน,52,53,นครปฐม,73,กรมทางหลวง,3,2,3,23,1.5,2,0,ทางตรง+ไม่มีความลาดชัน,ขับรถเร็วเกินอัตราที่กำหนด
2,ตาลาด - หนองแวงโสกพระ,231,232,นครราชสีมา,30,กรมทางหลวง,3,2,3,23,1,3,0,ทางตรง+ไม่มีความลาดชัน,ขับรถเร็วเกินอัตรากำหนด
1090,,52,53,ตาก,63,กรมทางหลวง,3,1,13,23,1.5,2,0,ทางโค้งกว้าง+ที่ลาดชัน,ขับรถเร็วเกินอัตรากำหนด
12,บ้านกร่าง - พิษณุโลก,203,204,สุโขทัย,64,กรมทางหลวง,3,0,23,23,1,3,0.333,ทางตรง+ไม่มีความลาดชัน,ขับรถเร็วเกินอัตรากำหนด
212,ห้วยสะแบก - อำนาจเจริญ,491,492,อำนาจเจริญ,37,กรมทางหลวง,3,1,13,23,1,3,0.333,ทางแยกรูปตัว T+ที่ราบ,ขับรถเร็วเกินอัตรากำหนด
1,วังไผ่ -โนนปอแดง,383,384,นครสวรรค์,60,กรมทางหลวง,3,2,3,23,1,3,0,ทางตรง+ไม่มีความลาดชัน,แสงสว่างไม่เพียงพอหรือทัศนวิสัยกลางคืนไม่ดี
2116,โพนทอง - ห้วยคล้อ,96,97,ร้อยเอ็ด,45,กรมทางหลวง,3,2,3,23,1.5,2,0,ทางตรง+ไม่มีความลาดชัน,ขับรถเร็วเกินอัตรากำหนด
3574,เขาคันทรง - เขาน้อย,32,33,ระยอง,21,กรมทางหลวง,3,2,3,23,3,1,0,ทางโค้งปกติ+ที่ราบ,ขับรถเร็วเกินอัตราที่กำหนด
221,ศรีสะเกษ - ภูเงิน,12,13,ศรีสะเกษ,33,กรมทางหลวง,3,2,3,23,3,1,0,ทางตรง+ที่ราบ,ขับรถเร็วเกินอัตราที่กำหนด
346,บางเลน - ลำลูกบัว,55,56,นครปฐม,73,กรมทางหลวง,3,2,3,23,1.5,2,0,ทางตรง+ไม่มีความลาดชัน,ขับรถเร็วเกินอัตราที่กำหนด
4,หลุมดิน - ห้วยชินสีห์,109,110,ราชบุรี,70,กรมทางหลวง,3,2,3,23,1,3,0.333,ทางตรง+ไม่มีความลาดชัน,มีการตัดหน้าระยะกระชั้นชิด
419,ถนนวงแหวนรอบเมืองตรัง,16,17,ตรัง,92,กรมทางหลวง,3,2,3,23,1.5,2,0,ทางตรง+ที่ราบ,ขับรถเร็วเกินอัตราที่กำหนด
มส.4009,แยกทางหลวงหมายเลข 1263 (กม.ที่ 12+100) - บ้านแม่จ๋า,9,10,แม่ฮ่องสอน,58,กรมทางหลวงชนบท,3,2,3,23,1.5,2,0,ทางโค้งกว้าง+ที่ลาดชัน,ขับรถเร็วเกินอัตรากำหนด
3195,สุพรรณบุรี - ลาดตาล,2,3,สุพรรณบุรี,72,กรมทางหลวง,3,2,3,23,1.5,2,0,ทางตรง+ไม่มีความลาดชัน,หลับใน
3086,ทุ่งมะสังข์ - ปลักประดู่,22,23,กาญจนบุรี,71,กรมทางหลวง,3,2,3,23,1.5,2,0,ทางแยกรูปตัว T+ที่ราบ,มีการตัดหน้าระยะกระชั้นชิด
1024,สวนเขื่อน - ปากห้วยอ้อย,1,2,แพร่,54,กรมทางหลวง,3,2,3,23,1.5,2,0,ทางโค้งกว้าง+ไม่มีความลาดชัน,ขับรถเร็วเกินอัตรากำหนด
3329,ตาคลี - หนองหลวง,0,1,นครสวรรค์,60,กรมทางหลวง,3,2,3,23,1,3,0.333,ทางโค้งกว้าง+ไม่มีความลาดชัน,ไม่ให้สัญญาณชะลอ/เลี้ยว
401,สิชล - ท่าแพ,279,280,นครศรีธรรมราช,80,กรมทางหลวง,3,2,3,23,1.5,2,0,ทางตรง+ไม่มีความลาดชัน,ขับรถเร็วเกินอัตรากำหนด
6,พญาเย็น - นครราชสีมา,118,119,นครราชสีมา,30,กรมทางหลวง,76,0,22,22,25.33,3,0.026,ทางตรง+ไม่มีความลาดชัน,ขับรถเร็วเกินอัตรากำหนด
7,หนองข้างคอก - ตะเคียนเตี้ย,87,88,ชลบุรี,20,กรมทางหลวง,62,1,12,22,12.4,5,0.048,ทางตรง+ไม่มีความลาดชัน,ขับรถเร็วเกินอัตรากำหนด
1001,เชียงใหม่ - บ้านโป่ง,11,12,เชียงใหม่,50,กรมทางหลวง,27,0,22,22,5.4,5,0.148,ทางตรง+ไม่มีความลาดชัน,ขับรถเร็วเกินอัตรากำหนด
213,สร้างค้อ - สกลนคร,157,158,สกลนคร,47,กรมทางหลวง,24,1,12,22,4.8,5,0.625,ทางโค้งกว้าง+ไม่มีความลาดชัน,ขับรถเร็วเกินอัตรากำหนด
129,ทางเลี่ยงเมืองแพร่,6,7,แพร่,54,กรมทางหลวง,23,1,12,22,4.6,5,0.13,ทางตรง+ไม่มีความลาดชัน,ขับรถเร็วเกินอัตรากำหนด
31,ดินแดง - งามวงศ์วาน,9,10,กรุงเทพมหานคร,10,กรมทางหลวง,22,0,22,22,4.4,5,0,ทางตรง+ไม่มีความลาดชัน,ขับรถเร็วเกินอัตรากำหนด
340,สาลี - สุพรรณบุรี,67,68,สุพรรณบุรี,72,กรมทางหลวง,19,1,12,22,3.8,5,0.053,ทางตรง+ไม่มีความลาดชัน,ขับรถเร็วเกินอัตรากำหนด
3242,บางบอน - โรงพยาบาลบางปะกอก 8,14,15,กรุงเทพมหานคร,10,กรมทางหลวง,17,0,22,22,4.25,4,0,ทางตรง+ไม่มีความลาดชัน,ขับรถเร็วเกินอัตรากำหนด
41,ถ้ำพรรณรา - ทุ่งสง,276,277,นครศรีธรรมราช,80,กรมทางหลวง,16,1,12,22,3.2,5,0.063,ทางตรง+ไม่มีความลาดชัน,ขับรถเร็วเกินอัตรากำหนด
1091,ปงสนุก - น่าน,133,134,น่าน,55,กรมทางหลวง,15,1,12,22,3.75,4,0,ทางตรง+ไม่มีความลาดชัน,ขับรถเร็วเกินอัตรากำหนด
41,ท่าชี - ถ้ำพรรณรา,233,234,สุราษฎร์ธานี,84,กรมทางหลวง,12,1,12,22,4,3,0.25,ทางตรง+ไม่มีความลาดชัน,ขับรถเร็วเกินอัตรากำหนด
4,น้ำรอด - พ่อตาหินช้าง,435,436,ชุมพร,86,กรมทางหลวง,12,1,12,22,3,4,0.5,ทางโค้งกว้าง+ไม่มีความลาดชัน,ขับรถเร็วเกินอัตรากำหนด
340,ศรีประจันต์ - ปากน้ำ,108,109,สุพรรณบุรี,72,กรมทางหลวง,12,1,12,22,3,4,0.167,ทางโค้งปกติ+ที่ราบ,ขับรถเร็วเกินอัตรากำหนด
3,พัทยา - พลูตาหลวง,178,179,ชลบุรี,20,กรมทางหลวง,12,2,2,22,4,3,0,ทางตรง+ไม่มีความลาดชัน,ขับรถเร็วเกินอัตรากำหนด
403,เสาธง - สวนผัก,26,27,นครศรีธรรมราช,80,กรมทางหลวง,11,1,12,22,2.75,4,0,ทางตรง+ไม่มีความลาดชัน,ขับรถเร็วเกินอัตรากำหนด
1,สามัคคี - บ้านหวด,733,734,ลำปาง,52,กรมทางหลวง,11,2,2,22,2.75,4,0.182,ทางโค้งกว้าง+ที่ลาดชัน,ขับรถเร็วเกินอัตรากำหนด
321,ดอนแจง - สุพรรณบุรี,99,100,สุพรรณบุรี,72,กรมทางหลวง,10,1,12,22,2.5,4,0,ทางตรง+ที่ราบ,ขับรถเร็วเกินอัตรากำหนด
4,บางสะพาน - น้ำรอด,398,399,ประจวบคีรีขันธ์,77,กรมทางหลวง,10,2,2,22,3.33,3,0.1,ทางตรง+ไม่มีความลาดชัน,ขับรถเร็วเกินอัตรากำหนด
204,ทางเลี่ยงเมืองนครราชสีมา,13,14,นครราชสีมา,30,กรมทางหลวง,10,1,12,22,2,5,0,ทางตรง+ไม่มีความลาดชัน,ขับรถเร็วเกินอัตรากำหนด
3,แม่น้ำเวฬุ - เขาสมิง,378,379,ตราด,23,กรมทางหลวง,10,1,12,22,3.33,3,0.1,ทางตรง+ไม่มีความลาดชัน,ขับรถเร็วเกินอัตรากำหนด
E007S013|U,บางพลี-สุขสวัสดิ์,19,20,สมุทรปราการ,11,การทางพิเศษแห่งประเทศไทย,9,2,2,22,2.25,4,0,ทางตรง,ละสายตาจากการขับขี่
4,วังยาว - หนองหมู,269,270,ประจวบคีรีขันธ์,77,กรมทางหลวง,9,1,12,22,2.25,4,0.111,ทางตรง+ไม่มีความลาดชัน,ขับรถเร็วเกินอัตรากำหนด
3466,บ้านเก่า - พานทอง,5,6,ชลบุรี,20,กรมทางหลวง,9,2,2,22,3,3,0.222,ทางตรง+ไม่มีความลาดชัน,ขับรถเร็วเกินอัตราที่กำหนด
36,มาบข่า - ทับมา,46,47,ระยอง,21,กรมทางหลวง,9,1,12,22,3,3,0.111,ทางตรง+ไม่มีความลาดชัน,ขับรถเร็วเกินอัตรากำหนด
3493,คลองทราย - จันทบุรี,1,2,จันทบุรี,22,กรมทางหลวง,9,1,12,22,3,3,0.111,ทางตรง+ไม่มีความลาดชัน,ขับรถเร็วเกินอัตรากำหนด
4,หนองหมู - ห้วยยาง,311,312,ประจวบคีรีขันธ์,77,กรมทางหลวง,9,0,22,22,3,3,0.111,ทางตรง+ไม่มีความลาดชัน,ขับรถเร็วเกินอัตรากำหนด
41,สี่แยกโพธิ์ทอง - พัทลุง,370,371,พัทลุง,93,กรมทางหลวง,8,1,12,22,2,4,0.375,ทางตรง+ไม่มีความลาดชัน,ขับรถเร็วเกินอัตรากำหนด
3188,ท่าเยี่ยม - ขอนหอม,3,4,สระบุรี,19,กรมทางหลวง,8,1,12,22,1.6,5,0,ทางตรง+ไม่มีความลาดชัน,ขับรถเร็วเกินอัตรากำหนด
1,ต่างระดับคลองหลวง - ประตูน้ำพระอินทร์,49,50,พระนครศรีอยุธยา,14,กรมทางหลวง,8,2,2,22,1.6,5,0.25,ทางตรง+ไม่มีความลาดชัน,ขับรถเร็วเกินอัตรากำหนด
4,พังลา - จุดผ่านแดนถาวรสะเดา (เขตแดนไทย/มาเลเซีย),1303,1304,สงขลา,90,กรมทางหลวง,8,1,12,22,2,4,0.375,ทางตรง+ไม่มีความลาดชัน,ขับรถเร็วเกินอัตรากำหนด
205,โคกสวาย - แขวงทางหลวงนครราชสีมาที่ 1,202,203,นครราชสีมา,30,กรมทางหลวง,8,0,22,22,2,4,0,ทางตรง+ไม่มีความลาดชัน,ขับรถเร็วเกินอัตรากำหนด
3,นายายอาม - บ้านสิ้ว,309,310,จันทบุรี,22,กรมทางหลวง,7,2,2,22,1.75,4,0,ทางโค้งกว้าง+ไม่มีความลาดชัน,ขับรถเร็วเกินอัตรากำหนด
2339,ศรีวิชา - กวนบุ่น,30,31,สกลนคร,47,กรมทางหลวง,7,1,12,22,1.75,4,0.286,ทางโค้งกว้าง+ที่ลาดชัน,ขับรถเร็วเกินอัตรากำหนด
1,พาน - ร่องขุ่น,891,892,เชียงราย,57,กรมทางหลวง,7,2,2,22,1.75,4,0.143,ทางตรง+ไม่มีความลาดชัน,ขับรถเร็วเกินอัตรากำหนด
3032,บุ้งกี๋ - ท่าศาล,9,10,สิงห์บุรี,17,กรมทางหลวง,7,2,2,22,1.75,4,0,ทางโค้งกว้าง+ไม่มีความลาดชัน,ขับรถเร็วเกินอัตรากำหนด
367,ทางเลี่ยงเมืองกาญจนบุรี,8,9,กาญจนบุรี,71,กรมทางหลวง,7,2,2,22,1.75,4,0,ทางตรง+ไม่มีความลาดชัน,ขับรถเร็วเกินอัตรากำหนด
402,หมากปรก - เมืองภูเก็ต,36,37,ภูเก็ต,83,กรมทางหลวง,7,2,2,22,1.75,4,0.429,ทางตรง+ไม่มีความลาดชัน,ขับรถเร็วเกินอัตรากำหนด
4,ลำภูรา - ตรัง,1105,1106,ตรัง,92,กรมทางหลวง,7,1,12,22,1.75,4,0.143,ทางตรง+ที่ราบ,ขับรถเร็วเกินอัตราที่กำหนด
4122,โหล๊ะจังกระ - บ้านนา,56,57,พัทลุง,93,กรมทางหลวง,7,1,12,22,2.33,3,0.143,ทางโค้งปกติ+ที่ราบ,ขับรถเร็วเกินอัตรากำหนด
1,บ้านหวด - แม่กา,804,805,ลำปาง,52,กรมทางหลวง,6,2,2,22,1.5,4,0.167,ทางโค้งกว้าง+ไม่มีความลาดชัน,ขับรถเร็วเกินอัตรากำหนด
304,พนมสารคาม - เขาหินซ้อน,122,123,ฉะเชิงเทรา,24,กรมทางหลวง,6,2,2,22,1.5,4,0.167,ทางตรง+ไม่มีความลาดชัน,ขับรถเร็วเกินอัตรากำหนด
41,ทุ่งสง - ร่อนพิบูลย์,299,300,นครศรีธรรมราช,80,กรมทางหลวง,6,2,2,22,2,3,0,ทางโค้งกว้าง+ที่ลาดชัน,ขับรถเร็วเกินอัตรากำหนด
41,เขาบ่อ - ท่าทอง,20,21,ชุมพร,86,กรมทางหลวง,6,2,2,22,1.5,4,0.333,ทางตรง+ไม่มีความลาดชัน,ขับรถเร็วเกินอัตรากำหนด
33,หินกอง - คลองยาง,95,96,สระบุรี,19,กรมทางหลวง,6,1,12,22,1.5,4,0,ทางตรง+ไม่มีความลาดชัน,ขับรถเร็วเกินอัตรากำหนด
3256,บางปู - บางพลี,2,3,สมุทรปราการ,11,กรมทางหลวง,6,2,2,22,1.5,4,0,ทางตรง+ไม่มีความลาดชัน,ขับรถเร็วเกินอัตราที่กำหนด
4,วังยาว - หนองหมู,250,251,ประจวบคีรีขันธ์,77,กรมทางหลวง,6,1,12,22,2,3,0,ทางตรง+ไม่มีความลาดชัน,ยางเสื่อมสภาพ/ยางแตก
24,กระเทียม - ห้วยสำราญ,242,243,สุรินทร์,32,กรมทางหลวง,6,2,2,22,1.5,4,0,ทางตรง+ไม่มีความลาดชัน,ขับรถเร็วเกินอัตรากำหนด
22,สูงเนิน - ท่าแร่,156,157,สกลนคร,47,กรมทางหลวง,6,2,2,22,1.2,5,0.5,ทางตรง+ไม่มีความลาดชัน,ขับรถเร็วเกินอัตรากำหนด
105,แม่สอด - ห้วยบง,10,11,ตาก,63,กรมทางหลวง,6,2,2,22,1.5,4,0,ทางโค้งกว้าง+ไม่มีความลาดชัน,ขับรถเร็วเกินอัตรากำหนด
241,ทางเลี่ยงเมืองสกลนคร,8,9,สกลนคร,47,กรมทางหลวง,6,2,2,22,2,3,0.333,ทางแยกรูปตัว ++ที่ราบ,ขับรถเร็วเกินอัตราที่กำหนด
32,อ่างทอง - ไชโย,60,61,อ่างทอง,15,กรมทางหลวง,6,2,2,22,2,3,0.167,ทางตรง+ไม่มีความลาดชัน,ขับรถเร็วเกินอัตรากำหนด
365,ทางเลี่ยงเมืองฉะเชิงเทราด้านใต้,3,4,ฉะเชิงเทรา,24,กรมทางหลวง,6,2,2,22,2,3,0.167,ทางตรง+ไม่มีความลาดชัน,ขับรถเร็วเกินอัตรากำหนด
408,สทิงพระ - เกาะยอ,127,128,สงขลา,90,กรมทางหลวง,6,2,2,22,3,2,0.333,ทางตรง+ไม่มีความลาดชัน,ขับรถเร็วเกินอัตรากำหนด
1141,ดอนจั่น - เชียงใหม่,6,7,เชียงใหม่,50,กรมทางหลวง,6,2,2,22,1.5,4,0,ทางตรง+ไม่มีความลาดชัน,ขับรถเร็วเกินอัตรากำหนด
23,หนองจิก - ห้วยแอ่ง,78,79,มหาสารคาม,44,กรมทางหลวง,6,2,2,22,1.5,4,0,ทางตรง+ไม่มีความลาดชัน,ขับรถเร็วเกินอัตรากำหนด
23,บรบือ - หนองจิก,45,46,มหาสารคาม,44,กรมทางหลวง,6,1,12,22,2,3,0,ทางตรง+ไม่มีความลาดชัน,ขับรถเร็วเกินอัตรากำหนด
11,สากเหล็ก - กกไม้แดง,187,188,พิษณุโลก,65,กรมทางหลวง,6,2,2,22,1.2,5,0,ทางตรง+ไม่มีความลาดชัน,คน/รถ/สัตว์ตัดหน้ากระชั้นชิด
4,พ่อตาหินช้าง - วังครก,463,464,ชุมพร,86,กรมทางหลวง,6,2,2,22,1.5,4,0.833,ทางตรง+ไม่มีความลาดชัน,ขับรถเร็วเกินอัตรากำหนด
4,หลุมดิน - ห้วยชินสีห์,104,105,ราชบุรี,70,กรมทางหลวง,6,2,2,22,2,3,0,ทางตรง+ไม่มีความลาดชัน,ขับรถเร็วเกินอัตรากำหนด
205,โคกสวาย - แขวงทางหลวงนครราชสีมาที่ 1,209,210,นครราชสีมา,30,กรมทางหลวง,6,2,2,22,2,3,0,ทางตรง+ไม่มีความลาดชัน,ขับรถเร็วเกินอัตรากำหนด
24,สี่แยกโชคชัย - หนองมัน,81,82,นครราชสีมา,30,กรมทางหลวง,6,2,2,22,2,3,0,ทางตรง+ที่ราบ,ขับรถเร็วเกินอัตรากำหนด
230,ถนนวงแหวนรอบเมืองขอนแก่นด้านทิศตะวันตก,0,1,ขอนแก่น,40,กรมทางหลวง,6,1,12,22,2,3,0,ทางตรง+ที่ราบ,ขับรถเร็วเกินอัตรากำหนด
11,ช่องแค - ตากฟ้า,40,41,นครสวรรค์,60,กรมทางหลวง,6,2,2,22,2,3,0,ทางแยกรูปตัว ++ที่ราบ,ยางรถยนต์ชำรุด
205,โคกสวาย - แขวงทางหลวงนครราชสีมาที่1,213,214,นครราชสีมา,30,กรมทางหลวง,6,2,2,22,2,3,0.167,ทางโค้งปกติ+ที่ราบ,ขับรถเร็วเกินอัตรากำหนด
108,เชียงใหม่ - ปากทางท่าลี่,33,34,เชียงใหม่,50,กรมทางหลวง,6,2,2,22,2,3,0,ทางตรง+ไม่มีความลาดชัน,ขับรถเร็วเกินอัตรากำหนด
3169,สามแยกบางสะพาน - ชายทะเล,5,6,ประจวบคีรีขันธ์,77,กรมทางหลวง,6,2,2,22,1.5,4,0,ทางโค้งกว้าง+ไม่มีความลาดชัน,ขับรถเร็วเกินอัตรากำหนด
340,สุพรรณบุรี - ศรีประจันต์,93,94,สุพรรณบุรี,72,กรมทางหลวง,6,2,2,22,3,2,0.167,ทางโค้งกว้าง+ไม่มีความลาดชัน,ขับรถเร็วเกินอัตรากำหนด
3138,บ้านบึง - มาบปู,12,13,ชลบุรี,20,กรมทางหลวง,6,2,2,22,6,1,0,ทางตรง+ไม่มีความลาดชัน,ขับรถเร็วเกินอัตรากำหนด
3268,บางเมือง - บางพลี,5,6,สมุทรปราการ,11,กรมทางหลวง,5,1,12,22,1.25,4,0,ทางตรง+ไม่มีความลาดชัน,ขับรถเร็วเกินอัตรากำหนด
403,นครศรีธรรมราช - เสาธง,11,12,นครศรีธรรมราช,80,กรมทางหลวง,5,2,2,22,1.67,3,0.2,ทางตรง+ไม่มีความลาดชัน,ขับรถเร็วเกินอัตรากำหนด
107,หัวโท - ล้องอ้อ,137,138,เชียงใหม่,50,กรมทางหลวง,5,2,2,22,1.67,3,0,ทางตรง+ไม่มีความลาดชัน,หลับใน
4153,หนองขรี - เทศบาลเมืองท่าข้าม,3,4,สุราษฎร์ธานี,84,กรมทางหลวง,5,1,12,22,1.67,3,0.2,ทางตรง+ไม่มีความลาดชัน,ขับรถเร็วเกินอัตรากำหนด
3319,บันไดสามขั้น - ทัพทัน,16,17,อุทัยธานี,61,กรมทางหลวง,5,2,2,22,1.25,4,0.2,ทางโค้งกว้าง+ที่ลาดชัน,ขับรถเร็วเกินอัตรากำหนด
311,แยกวัดสนามไชย - วัดกระดังงา,19,20,ลพบุรี,16,กรมทางหลวง,5,2,2,22,1.25,4,0,ทางตรง+ไม่มีความลาดชัน,หลับใน
305,วัดนาบุญ - คลอง 14,27,28,ปทุมธานี,13,กรมทางหลวง,5,2,2,22,1.67,3,0,ทางตรง+ไม่มีความลาดชัน,ขับรถเร็วเกินอัตรากำหนด
1,ดอนรังนก - หางน้ำหนองแขม,288,289,ชัยนาท,18,กรมทางหลวง,5,2,2,22,1.25,4,0,ทางตรง+ไม่มีความลาดชัน,ขับรถเร็วเกินอัตรากำหนด
4,พัทลุง - นาโหนด,1179,1180,พัทลุง,93,กรมทางหลวง,5,2,2,22,1.25,4,0,ทางตรง+ที่ราบ,ขับรถเร็วเกินอัตรากำหนด
101,แยกปากจั๊วะ - แยกเจริญราษฎร์,237,238,แพร่,54,กรมทางหลวง,5,2,2,22,1.25,4,0.2,ทางตรง+ไม่มีความลาดชัน,ขับรถเร็วเกินอัตรากำหนด
23,เสลภูมิ - ยโสธร,155,156,ยโสธร,35,กรมทางหลวง,5,2,2,22,1.25,4,0.4,ทางตรง+ไม่มีความลาดชัน,ขับรถเร็วเกินอัตรากำหนด
1,นครชุม - วังเจ้า,459,460,กำแพงเพชร,62,กรมทางหลวง,5,2,2,22,1.67,3,0,ทางตรง+ไม่มีความลาดชัน,ขับรถเร็วเกินอัตรากำหนด
2,บ้านไผ่ - ท่าพระ,318,319,ขอนแก่น,40,กรมทางหลวง,5,2,2,22,1.67,3,0,ทางตรง+ไม่มีความลาดชัน,ขับรถเร็วเกินอัตรากำหนด
1,สนามกีฬาธูปะเตมีย์ - ต่างระดับคลองหลวง,28,29,ปทุมธานี,13,กรมทางหลวง,5,1,12,22,1.67,3,0,ทางโค้งปกติ+ที่ราบ,ขับรถเร็วเกินอัตราที่กำหนด
21,ม่วงค่อม - คลองกระจัง,69,70,ลพบุรี,16,กรมทางหลวง,5,2,2,22,1.25,4,0,ทางตรง+ไม่มีความลาดชัน,มีการตัดหน้าระยะกระชั้นชิด
346,หนองกระทุ่ม - พนมทวน,97,98,กาญจนบุรี,71,กรมทางหลวง,5,2,2,22,1.67,3,0,ทางตรง+ไม่มีความลาดชัน,ขับรถเร็วเกินอัตรากำหนด
306,แคราย - คลองบ้านใหม่,15,16,นนทบุรี,12,กรมทางหลวง,5,2,2,22,1.67,3,0.2,ทางตรง+ไม่มีความลาดชัน,ขับรถเร็วเกินอัตรากำหนด
24,กระเทียม - ห้วยสำราญ,216,217,สุรินทร์,32,กรมทางหลวง,5,2,2,22,2.5,2,0,ทางตรง+ไม่มีความลาดชัน,ขับรถเร็วเกินอัตรากำหนด
1,วังม่วง - แม่เชียงรายบน,535,536,ตาก,63,กรมทางหลวง,4,2,2,22,2,2,0,ทางโค้งปกติ+ยอดโค้ง,หลับใน
1193,แม่ต๋ำ - แม่ใจ,1,2,พะเยา,56,กรมทางหลวง,4,2,2,22,1.33,3,0,ทางตรง+ไม่มีความลาดชัน,ขับรถเร็วเกินอัตรากำหนด
1,สามัคคี - บ้านหวด,724,725,ลำปาง,52,กรมทางหลวง,4,2,2,22,1.33,3,0.25,ทางตรง+ไม่มีความลาดชัน,ขับรถเร็วเกินอัตรากำหนด
401,สิชล - ท่าแพ,283,284,นครศรีธรรมราช,80,กรมทางหลวง,4,1,12,22,1.33,3,0,ทางตรง+ไม่มีความลาดชัน,ขับรถเร็วเกินอัตรากำหนด
305,วัดนาบุญ - คลอง 14,29,30,ปทุมธานี,13,กรมทางหลวง,4,2,2,22,2,2,0.25,ทางตรง+ไม่มีความลาดชัน,ขับรถเร็วเกินอัตรากำหนด
23,หนองจิก - ห้วยแอ่ง,79,80,มหาสารคาม,44,กรมทางหลวง,4,2,2,22,2,2,0,ทางตรง+ที่ราบ,ขับรถเร็วเกินอัตราที่กำหนด
32,นครหลวง - อ่างทอง,44,45,พระนครศรีอยุธยา,14,กรมทางหลวง,4,2,2,22,2,2,0.25,ทางตรง+ไม่มีความลาดชัน,ขับรถเร็วเกินอัตรากำหนด
1020,ชมภู - เชียงของ,106,107,เชียงราย,57,กรมทางหลวง,4,2,2,22,2,2,0,ทางโค้งกว้าง+ไม่มีความลาดชัน,ขับรถเร็วเกินอัตรากำหนด
24,สี่แยกโชคชัย - หนองมัน,73,74,นครราชสีมา,30,กรมทางหลวง,4,2,2,22,2,2,0,ทางตรง+ไม่มีความลาดชัน,หลับใน
22,สูงเนิน - ท่าแร่,169,170,สกลนคร,47,กรมทางหลวง,4,2,2,22,1.33,3,0.5,ทางตรง+ไม่มีความลาดชัน,ขับรถเร็วเกินอัตรากำหนด
4,ห้วยยาง -  บางสะพาน,373,374,ประจวบคีรีขันธ์,77,กรมทางหลวง,4,2,2,22,1,4,0,ทางตรง+ไม่มีความลาดชัน,ขับรถเร็วเกินอัตรากำหนด
2097,นาคำไฮ - หนองแวง,7,8,หนองบัวลำภู,39,กรมทางหลวง,4,2,2,22,1.33,3,0,ทางตรง+ไม่มีความลาดชัน,ขับรถเร็วเกินอัตรากำหนด
1,เกาะคา - สามัคคี,698,699,ลำปาง,52,กรมทางหลวง,4,2,2,22,2,2,0,ทางแยกรูปตัว T+ที่ราบ,ขับรถเร็วเกินอัตราที่กำหนด
106,ท่าจักร - อุโมงค์,247,248,ลำพูน,51,กรมทางหลวง,4,2,2,22,1.33,3,0,ทางตรง+ที่ราบ,ขับรถเร็วเกินอัตรากำหนด
108,สะพานแม่กลาง - บ้านบ่อแก้ว,68,69,เชียงใหม่,50,กรมทางหลวง,4,2,2,22,1,4,0,ทางตรง+ไม่มีความลาดชัน,ขับรถเร็วเกินอัตรากำหนด
101,สวรรคโลก - ศรีสัชนาลัย,112,113,สุโขทัย,64,กรมทางหลวง,4,2,2,22,2,2,0,ทางตรง+ไม่มีความลาดชัน,ขับรถเร็วเกินอัตรากำหนด
2347,ธาตุนาเวง - สกลนคร,4,5,สกลนคร,47,กรมทางหลวง,4,2,2,22,1.33,3,0,ทางตรง+ไม่มีความลาดชัน,ขับรถเร็วเกินอัตรากำหนด
3193,ทับไทร - เทพนิมิต,4,5,จันทบุรี,22,กรมทางหลวง,4,1,12,22,1,4,0.25,ทางโค้งกว้าง+ไม่มีความลาดชัน,ขับรถเร็วเกินอัตรากำหนด
ชม.3029,ถนนสมโภชเชียงใหม่ 700 ปี,24,25,เชียงใหม่,50,กรมทางหลวงชนบท,4,2,2,22,1.33,3,0,ทางสี่แยก,ขับรถเร็วเกินอัตรากำหนด
3487,วัดป่าเลไลยก์ - โพธิ์พระยา,1,2,สุพรรณบุรี,72,กรมทางหลวง,4,2,2,22,1.33,3,0,ทางตรง+ไม่มีความลาดชัน,ขับรถเร็วเกินอัตรากำหนด
302,สะพานพระนั่งเกล้า - ต่างระดับบางใหญ่,15,16,นนทบุรี,12,กรมทางหลวง,4,2,2,22,1.33,3,0.25,ทางตรง+ไม่มีความลาดชัน,ขับรถเร็วเกินอัตรากำหนด
1,แยกประตูชัย - พาน,863,864,พะเยา,56,กรมทางหลวง,4,2,2,22,1.33,3,0,ทางตรง+ที่ราบ,คน/รถ/สัตว์ตัดหน้ากระชั้นชิด
221,แยกการช่าง - เชิงบันไดเขาพระวิหาร,59,60,ศรีสะเกษ,33,กรมทางหลวง,4,2,2,22,2,2,0,ทางตรง+ไม่มีความลาดชัน,ขับรถเร็วเกินอัตรากำหนด
205,โคกสวาย - แขวงทางหลวงนครราชสีมาที่ 1,203,204,นครราชสีมา,30,กรมทางหลวง,4,2,2,22,1.33,3,0,ทางตรง+ไม่มีความลาดชัน,หลับใน
214,จอมพระ - เชื้อเพลิง,204,205,สุรินทร์,32,กรมทางหลวง,4,2,2,22,1.33,3,0.25,ทางตรง+ไม่มีความลาดชัน,ขับรถเร็วเกินอัตรากำหนด
4016,นครศรีธรรมราช - พรหมคีรี,7,8,นครศรีธรรมราช,80,กรมทางหลวง,4,1,12,22,2,2,0.25,ทางตรง+ไม่มีความลาดชัน,ขับรถเร็วเกินอัตรากำหนด
ลย.3011,แยกทางหลวงหมายเลข 201 (กม.ที่ 42+500) - บ้านสงเปือย,19,20,เลย,42,กรมทางหลวงชนบท,4,2,2,22,4,1,0,ทางโค้งกว้าง+ไม่มีความลาดชัน,ขับรถเร็วเกินอัตรากำหนด
สส.5008,แยกทางหลวงชนบท สส.3010 (กม.ที่ 1+300) - บ้านนางตะเคียน,2,3,สมุทรสงคราม,75,กรมทางหลวงชนบท,4,2,2,22,4,1,0,ทางสามแยก (T),ขับรถตามกระชั้นชิด
304,ดอนขวาง - โพธิ์กลาง,274,275,นครราชสีมา,30,กรมทางหลวง,4,2,2,22,1.33,3,0.25,ทางตรง+ที่ราบ,ขับรถเร็วเกินอัตรากำหนด
41,ควนรา - หัวเตย,157,158,สุราษฎร์ธานี,84,กรมทางหลวง,4,2,2,22,2,2,0.25,ทางตรง+ที่ราบ,ขับรถเร็วเกินอัตราที่กำหนด
226,ห้วยขะยุง - วารินชำราบ,332,333,อุบลราชธานี,34,กรมทางหลวง,4,2,2,22,4,1,0,ทางตรง+ที่ราบ,ขับรถเร็วเกินอัตราที่กำหนด
รย.4009,แยกทางหลวงหมายเลข 3574 (กม.ที่ 45+400) - บ้านเจ็ดลูกเนิน,3,4,ระยอง,21,กรมทางหลวงชนบท,4,2,2,22,1.33,3,0,ทางสามแยก (T),ขับรถเร็วเกินอัตรากำหนด
222,ท่ากกแดง - บึงกาฬ,88,89,บึงกาฬ,38,กรมทางหลวง,4,2,2,22,4,1,0,ทางตรง+ที่ราบ,ขับรถเร็วเกินอัตราที่กำหนด
4170,สระเกศ - หัวถนน,10,11,สุราษฎร์ธานี,84,กรมทางหลวง,4,2,2,22,1.33,3,0,ทางโค้งกว้าง+ไม่มีความลาดชัน,ขับรถเร็วเกินอัตรากำหนด
11,บึงหลัก - หนองน้ำเขียว,328,329,อุตรดิตถ์,53,กรมทางหลวง,4,2,2,22,1.33,3,0.25,ทางตรง+ที่ราบ,ขับรถเร็วเกินอัตรากำหนด
223,สกลนคร - นาแก,14,15,สกลนคร,47,กรมทางหลวง,4,2,2,22,2,2,0,ทางโค้งกว้าง+ไม่มีความลาดชัน,ขับรถเร็วเกินอัตรากำหนด
3351,เก้าห้อง - บางแม่หม้าย,17,18,สุพรรณบุรี,72,กรมทางหลวง,4,2,2,22,2,2,0,ทางตรง+ไม่มีความลาดชัน,ขับรถเร็วเกินอัตรากำหนด
34,บางวัว - บางปะกง,47,48,ฉะเชิงเทรา,24,กรมทางหลวง,4,2,2,22,2,2,0,ทางตรง+ไม่มีความลาดชัน,หลับใน
2081,ตาฮะ - ลำพังชู,39,40,สุรินทร์,32,กรมทางหลวง,4,2,2,22,2,2,0,ทางตรง+ไม่มีความลาดชัน,หลับใน
304,พนมสารคาม - เขาหินซ้อน,112,113,ฉะเชิงเทรา,24,กรมทางหลวง,4,0,22,22,2,2,0.5,ทางตรง+ไม่มีความลาดชัน,สูญเสียการควบคุม
106,ลี้ - ม่วงโตน,147,148,ลำพูน,51,กรมทางหลวง,4,2,2,22,2,2,0,ทางตรง+ไม่มีความลาดชัน,ขับรถเร็วเกินอัตรากำหนด
333,สระกระโจม - บ้านไร่,53,54,สุพรรณบุรี,72,กรมทางหลวง,3,2,2,22,1.5,2,0,ทางตรง+ไม่มีความลาดชัน,ขับรถเร็วเกินอัตรากำหนด
2034,นาสีนวน - บุ่งเขียว,16,17,มุกดาหาร,49,กรมทางหลวง,3,2,2,22,1,3,0,ทางตรง+ไม่มีความลาดชัน,ขับรถเร็วเกินอัตรากำหนด
1,โนนปอแดง - ปากดง,409,410,กำแพงเพชร,62,กรมทางหลวง,3,2,2,22,1.5,2,0,ทางตรง+ไม่มีความลาดชัน,ขับรถเร็วเกินอัตรากำหนด
11,น้ำสาดเหนือ - หนองกลับ,106,107,นครสวรรค์,60,กรมทางหลวง,3,2,2,22,1,3,0,ทางตรง+ไม่มีความลาดชัน,คน/รถ/สัตว์ตัดหน้ากระชั้นชิด
3111,ท้ายเกาะ - เสนา,24,25,พระนครศรีอยุธยา,14,กรมทางหลวง,3,2,2,22,1.5,2,0,ทางตรง+ไม่มีความลาดชัน,ขับรถเร็วเกินอัตรากำหนด
2248,ซำหวาย - บุญฑริก,102,103,อุบลราชธานี,34,กรมทางหลวง,3,2,2,22,1,3,0,ทางโค้งกว้าง+ไม่มีความลาดชัน,หลับใน
3350,ท่าช้าง - สระบัวก่ำ,12,13,สุพรรณบุรี,72,กรมทางหลวง,3,2,2,22,1.5,2,0,ทางโค้งกว้าง+ไม่มีความลาดชัน,อุปกรณ์ยานพาหนะบกพร่อง
2063,บรบือ - โคกสี,1,2,มหาสารคาม,44,กรมทางหลวง,3,2,2,22,1,3,0.333,ทางตรง+ไม่มีความลาดชัน,ขับรถเร็วเกินอัตรากำหนด
1419,ทางเข้าเด่นชัย,4,5,แพร่,54,กรมทางหลวง,3,2,2,22,1.5,2,0,ทางตรง+ไม่มีความลาดชัน,ขับรถเร็วเกินอัตรากำหนด
4027,ท่าเรือ - เมืองใหม่,9,10,ภูเก็ต,83,กรมทางหลวง,3,2,2,22,1.5,2,0,ทางตรง+ไม่มีความลาดชัน,ขับรถเร็วเกินอัตรากำหนด
2034,มุกดาหาร - นาสีนวน,5,6,มุกดาหาร,49,กรมทางหลวง,3,2,2,22,1.5,2,0.333,ทางตรง+ที่ลาดชัน,ขับรถเร็วเกินอัตรากำหนด
3348,หนองขอน - จันทนิมิต,4,5,จันทบุรี,22,กรมทางหลวง,3,2,2,22,1.5,2,0.333,ทางตรง+ไม่มีความลาดชัน,ขับรถเร็วเกินอัตรากำหนด
3,แม่น้ำตราด - หาดเล็ก,410,411,ตราด,23,กรมทางหลวง,3,2,2,22,1.5,2,0,ทางตรง+ไม่มีความลาดชัน,ขับรถเร็วเกินอัตรากำหนด
2076,ท่าตูม - หนองฮู,1,2,สุรินทร์,32,กรมทางหลวง,3,2,2,22,1.5,2,0,ทางตรง+ไม่มีความลาดชัน,ขับรถเร็วเกินอัตรากำหนด
2150,คง - โนนไทย,54,55,นครราชสีมา,30,กรมทางหลวง,3,2,2,22,1,3,0.333,ทางโค้งกว้าง+ไม่มีความลาดชัน,ขับรถเร็วเกินอัตรากำหนด
3051,บ้านนา - บางอ้อ,2,3,นครนายก,26,กรมทางหลวง,3,2,2,22,1,3,0.667,ทางตรง+ไม่มีความลาดชัน,ขับรถเร็วเกินอัตรากำหนด
นภ.3037,ถนนผังเมืองรวมเมืองหนองบัวลำภู สาย ก,7,8,หนองบัวลำภู,39,กรมทางหลวงชนบท,3,2,2,22,1.5,2,0,ทางสี่แยก,ฝ่าฝืนสัญญาณไฟ/เครื่องหมายจราจร
2484,ทางเลี่ยงเมืองภูเขียว,5,6,ชัยภูมิ,36,กรมทางหลวง,3,2,2,22,1,3,0,ทางแยกรูปตัว ++ที่ราบ,ฝ่าฝืนสัญญาณไฟ/เครื่องหมายจราจร
2410,บ้านเหล่า - ดอนกลอย,0,1,อุดรธานี,41,กรมทางหลวง,3,2,2,22,1,3,0,ทางตรง+ที่ราบ,ความประมาท/เร่งรีบ (วิ่งตัดหน้า)
212,ย้อมพัฒนา - นาโพธิ์,401,402,มุกดาหาร,49,กรมทางหลวง,3,1,12,22,1,3,0,ทางตรง+ที่ราบ,ขับรถไม่ชำนาญ / ไม่เป็น
208,ท่าพระ - หนองสระพัง,1,2,ขอนแก่น,40,กรมทางหลวง,3,0,22,22,1.5,2,0,ทางตรง+ที่ราบ,ขับรถเร็วเกินอัตราที่กำหนด
22,บ้านยา - สว่างแดนดิน,70,71,สกลนคร,47,กรมทางหลวง,3,2,2,22,1.5,2,0,ทางตรง+ที่ราบ,ขับรถไม่เปิดไฟ / ไม่ใช้แสงสว่างตามกำหนด
125,แจกัน - บ้านสวน,11,12,สุโขทัย,64,กรมทางหลวง,3,2,2,22,1.5,2,0,ทางตรง+ที่ราบ,ขับรถเร็วเกินอัตราที่กำหนด
3157,แสนตุ้ง - บ่อไร่,27,28,ตราด,23,กรมทางหลวง,3,2,2,22,1.5,2,0,ทางโค้งปกติ+ที่ราบ,ขับรถเร็วเกินอัตราที่กำหนด
2023,ศรีธาตุ - วังสามหมอ,44,45,อุดรธานี,41,กรมทางหลวง,3,2,2,22,1.5,2,0.333,ทางตรง+ที่ราบ,ขับรถเร็วเกินอัตรากำหนด
403,ทุ่งสง - กะปาง,61,62,นครศรีธรรมราช,80,กรมทางหลวง,3,2,2,22,1.5,2,0,ทางแยกรูปตัว T+ที่ราบ,มีการตัดหน้าระยะกระชั้นชิด
2146,หนองบัวลำภู - เขื่อนอุบลรัตน์,6,7,หนองบัวลำภู,39,กรมทางหลวง,3,2,2,22,3,1,0,สะพาน+ที่ราบ,แซงรถอย่างผิดกฎหมาย
รน.1016,แยกทางหลวงหมายเลข 4 (กม.ที่ 535+200) - บ้านทรายอ่อน,4,5,ระนอง,85,กรมทางหลวงชนบท,3,2,2,22,1.5,2,0,ทางสามแยก(T),ระบบไฟฟ้าของยานพาหนะขัดข้อง
2410,บ้านเหล่า - ดอนกลอย,8,9,อุดรธานี,41,กรมทางหลวง,3,2,2,22,1.5,2,0,ทางตรง+ไม่มีความลาดชัน,ขับรถเร็วเกินอัตรากำหนด
323,ลูกแก - หนองเสือ,31,32,กาญจนบุรี,71,กรมทางหลวง,3,2,2,22,1.5,2,0,ทางตรง+ที่ราบ,ขับรถเร็วเกินอัตราที่กำหนด
305,ต่างระดับรังสิต - วัดนาบุญ,1,2,ปทุมธานี,13,กรมทางหลวง,3,2,2,22,1.5,2,0.333,ทางตรง+ที่ราบ,ขับรถเร็วเกินอัตราที่กำหนด
101,คุยประดู่ - คลองโพธิ์,65,66,สุโขทัย,64,กรมทางหลวง,3,2,2,22,1.5,2,0,ทางตรง+ไม่มีความลาดชัน,ขับรถเร็วเกินอัตรากำหนด
3245,หนองเสือช้าง - หนองเสือช่อ,24,25,ชลบุรี,20,กรมทางหลวง,3,2,2,22,1,3,0,ทางตรง+ไม่มีความลาดชัน,ขับรถเร็วเกินอัตรากำหนด
201,บ้านลี่ - สี่แยกโรงต้ม,115,116,ชัยภูมิ,36,กรมทางหลวง,3,2,2,22,1.5,2,0.333,ทางตรง+ไม่มีความลาดชัน,ขับรถเร็วเกินอัตรากำหนด
41,ท่าโรงช้าง - ท่าชี,206,207,สุราษฎร์ธานี,84,กรมทางหลวง,3,2,2,22,1.5,2,0.667,ทางตรง+ไม่มีความลาดชัน,ขับรถเร็วเกินอัตราที่กำหนด
1035,สันติสุข - วังเหนือ,99,100,ลำปาง,52,กรมทางหลวง,3,2,2,22,1.5,2,0,ทางตรง+ไม่มีความลาดชัน,ขับรถเร็วเกินอัตราที่กำหนด
2062,บ้านทุ่ม - มัญจาคีรี,24,25,ขอนแก่น,40,กรมทางหลวง,3,2,2,22,1.5,2,0,ทางตรง+ที่ราบ,ขับรถเร็วเกินอัตราที่กำหนด
3086,ทุ่งมะสังข์ - ปลักประดู่,27,28,กาญจนบุรี,71,กรมทางหลวง,3,2,2,22,1,3,0,ทางตรง+ที่ราบ,ขับรถเร็วเกินอัตรากำหนด
401,บางกุ้ง - เขาหัวช้าง,190,191,สุราษฎร์ธานี,84,กรมทางหลวง,3,2,2,22,1,3,0,ทางตรง+ไม่มีความลาดชัน,ขับรถเร็วเกินอัตรากำหนด
1421,บ้านเหล่า - บ้านใหม่พัฒนา,34,35,เชียงราย,57,กรมทางหลวง,3,2,2,22,1.5,2,0,ทางแยกรูปตัว ++ที่ราบ,ฝ่าฝืนสัญญาณไฟ / เครื่องหมายจราจร
2063,บรบือ - โคกสี,0,1,มหาสารคาม,44,กรมทางหลวง,3,2,2,22,1.5,2,0,ทางตรง+ที่ราบ,ขับรถเร็วเกินอัตราที่กำหนด
1295,กกไม้แดง - เนินมะปราง,21,22,พิษณุโลก,65,กรมทางหลวง,3,2,2,22,1.5,2,0,ทางโค้งกว้าง+ไม่มีความลาดชัน,ขับรถเร็วเกินอัตรากำหนด
4,บางสะพาน - น้ำรอด,411,412,ประจวบคีรีขันธ์,77,กรมทางหลวง,3,2,2,22,1.5,2,0,ทางตรง+ที่ราบ,ขับรถเร็วเกินอัตรากำหนด
304,ลาดตะเคียน - สี่แยกกบินทร์บุรี,154,155,ปราจีนบุรี,25,กรมทางหลวง,3,2,2,22,1.5,2,0,ทางตรง+ไม่มีความลาดชัน,ขับรถเร็วเกินอัตรากำหนด
205,โคกสวาย - แขวงทางหลวงนครราชสีมาที่1,214,215,นครราชสีมา,30,กรมทางหลวง,3,2,2,22,1.5,2,0,ทางตรง+ไม่มีความลาดชัน,ขับรถเร็วเกินอัตรากำหนด
202,สะพานคลองลำเซ - ปทุมราชวงศา,331,332,อำนาจเจริญ,37,กรมทางหลวง,3,2,2,22,1.5,2,0,ทางตรง+ไม่มีความลาดชัน,ขับรถเร็วเกินอัตรากำหนด
21,บ้านโตก - หัวนา,243,244,เพชรบูรณ์,67,กรมทางหลวง,3,2,2,22,1.5,2,0,ทางตรง+ไม่มีความลาดชัน,คน/รถ/สัตว์ตัดหน้ากระชั้นชิด
376,ทางเลี่ยงเมืองราชบุรี,5,6,ราชบุรี,70,กรมทางหลวง,3,2,2,22,1.5,2,0,ทางตรง+ไม่มีความลาดชัน,คน/รถ/สัตว์ตัดหน้ากระชั้นชิด
1020,เชียงราย - โป่งเกลือ,24,25,เชียงราย,57,กรมทางหลวง,3,2,2,22,1.5,2,0,ทางตรง+ไม่มีความลาดชัน,ขับรถเร็วเกินอัตรากำหนด
1064,พิษณุโลก - บึงพระ,2,3,พิษณุโลก,65,กรมทางหลวง,3,2,2,22,1.5,2,0,ทางเชื่อมเข้าพื้นที่สาธารณะ/เชิงพาณิชย์,คน/รถ/สัตว์ตัดหน้ากระชั้นชิด
32,สิงห์เหนือ - โพนางดำออก,89,90,สิงห์บุรี,17,กรมทางหลวง,3,2,2,22,1,3,0,ทางตรง+ไม่มีความลาดชัน,ขับรถเร็วเกินอัตรากำหนด
3148,ตราด - แหลมงอบ,12,13,ตราด,23,กรมทางหลวง,3,2,2,22,1,3,0,ทางตรง+ไม่มีความลาดชัน,ขับรถเร็วเกินอัตรากำหนด
2081,ตาฮะ - ลำพังชู,19,20,สุรินทร์,32,กรมทางหลวง,3,2,2,22,1,3,0,ทางตรง+ไม่มีความลาดชัน,ขับรถเร็วเกินอัตรากำหนด
361,ทางเลี่ยงเมืองชลบุรี,11,12,ชลบุรี,20,กรมทางหลวง,3,2,2,22,1,3,0,ทางตรง+ไม่มีความลาดชัน,ขับรถเร็วเกินอัตรากำหนด
3211,ทางเข้าหันคา - กะบกเตี้ย,11,12,ชัยนาท,18,กรมทางหลวง,3,2,2,22,1.5,2,0,ทางโค้งกว้าง+ไม่มีความลาดชัน,ฝ่าฝืนสัญญาณไฟ/เครื่องหมายจราจร
1069,ตลิ่งชัน - ดงขุย,51,52,เพชรบูรณ์,67,กรมทางหลวง,3,2,2,22,1.5,2,0,ทางตรง+ไม่มีความลาดชัน,หลับใน
ชม.3029,แยกทางหลวงหมายเลข 121 (กม.ที่ 36+100) - ถนนสมโภชเชียงใหม่ 700 ปี,26,27,เชียงใหม่,50,กรมทางหลวงชนบท,3,1,12,22,3,1,0.333,ทางตรง+ไม่มีความลาดชัน,ขับรถเร็วเกินอัตรากำหนด
331,บ่อวิน - หนองปรือ,55,56,ชลบุรี,20,กรมทางหลวง,3,2,2,22,1.5,2,0,ทางตรง+ไม่มีความลาดชัน,ขับรถเร็วเกินอัตรากำหนด
1163,ร่วมจิต - น้ำพร้า,7,8,อุตรดิตถ์,53,กรมทางหลวง,3,2,2,22,3,1,0,ทางตรง+ไม่มีความลาดชัน,คน/รถ/สัตว์ตัดหน้ากระชั้นชิด
ปท.3004,แยกทางหลวงหมายเลข 305 (กม.ที่ 15+700) - บ้านลำลูกกา,5,6,ปทุมธานี,13,กรมทางหลวงชนบท,3,2,2,22,3,1,0,ทางตรง+ไม่มีความลาดชัน,ขับรถเร็วเกินอัตรากำหนด
2169,ยโสธร - กุดชุม,3,4,ยโสธร,35,กรมทางหลวง,3,2,2,22,3,1,0,ทางตรง+ไม่มีความลาดชัน,ขับรถเร็วเกินอัตรากำหนด
23,ร้อยเอ็ด - เสลภูมิ,136,137,ร้อยเอ็ด,45,กรมทางหลวง,3,2,2,22,1.5,2,0,ทางตรง+ไม่มีความลาดชัน,ขับรถเร็วเกินอัตรากำหนด
24,กระเทียม - ห้วยสำราญ,261,262,สุรินทร์,32,กรมทางหลวง,3,2,2,22,3,1,0,ทางตรง+ไม่มีความลาดชัน,ขับรถเร็วเกินอัตรากำหนด
366,ทางเลี่ยงเมืองลพบุรี,17,18,ลพบุรี,16,กรมทางหลวง,3,2,2,22,3,1,0.333,ทางตรง+ไม่มีความลาดชัน,ถนนลื่น
9,บางปะอิน - แขวงรามอินทรา,17,18,ปทุมธานี,13,กรมทางหลวง,47,0,21,21,9.4,5,0.128,ทางตรง+ไม่มีความลาดชัน,ขับรถเร็วเกินอัตรากำหนด
